[13Jul2026 19:50:34.005] [main/INFO] [cpw.mods.modlauncher.Launcher/MODLAUNCHER]: ModLauncher running: args [--launchTarget, forgeserver, --fml.forgeVersion, 47.4.20, --fml.mcVersion, 1.20.1, --fml.forgeGroup, net.minecraftforge, --fml.mcpVersion, 20230612.114412, nogui]
[13Jul2026 19:50:34.011] [main/INFO] [cpw.mods.modlauncher.Launcher/MODLAUNCHER]: ModLauncher 10.0.9+10.0.9+main.dcd20f30 starting: java version 17.0.19 by Ubuntu; OS Linux arch amd64 version 6.8.0-1052-azure
[13Jul2026 19:50:48.847] [main/INFO] [net.minecraftforge.fml.loading.ImmediateWindowHandler/]: ImmediateWindowProvider not loading because launch target is forgeserver
[13Jul2026 19:50:48.906] [main/INFO] [mixin/]: SpongePowered MIXIN Subsystem Version=0.8.5 Source=union:/workspaces/A/servidor_minecraft/libraries/org/spongepowered/mixin/0.8.5/mixin-0.8.5.jar%2365!/ Service=ModLauncher Env=SERVER
[13Jul2026 19:50:49.808] [main/WARN] [net.minecraftforge.fml.loading.moddiscovery.ModFileParser/LOADING]: Mod file /workspaces/A/servidor_minecraft/libraries/net/minecraftforge/fmlcore/1.20.1-47.4.20/fmlcore-1.20.1-47.4.20.jar is missing mods.toml file
[13Jul2026 19:50:49.810] [main/WARN] [net.minecraftforge.fml.loading.moddiscovery.ModFileParser/LOADING]: Mod file /workspaces/A/servidor_minecraft/libraries/net/minecraftforge/javafmllanguage/1.20.1-47.4.20/javafmllanguage-1.20.1-47.4.20.jar is missing mods.toml file
[13Jul2026 19:50:49.811] [main/WARN] [net.minecraftforge.fml.loading.moddiscovery.ModFileParser/LOADING]: Mod file /workspaces/A/servidor_minecraft/libraries/net/minecraftforge/lowcodelanguage/1.20.1-47.4.20/lowcodelanguage-1.20.1-47.4.20.jar is missing mods.toml file
[13Jul2026 19:50:49.812] [main/WARN] [net.minecraftforge.fml.loading.moddiscovery.ModFileParser/LOADING]: Mod file /workspaces/A/servidor_minecraft/libraries/net/minecraftforge/mclanguage/1.20.1-47.4.20/mclanguage-1.20.1-47.4.20.jar is missing mods.toml file
[13Jul2026 19:50:50.783] [main/WARN] [net.minecraftforge.jarjar.selection.JarSelector/]: Attempted to select a dependency jar for JarJar which was passed in as source: playeranimator. Using Mod File: /workspaces/A/servidor_minecraft/mods/player-animation-lib-forge-1.0.2-rc1+1.20.jar
[13Jul2026 19:50:50.784] [main/INFO] [net.minecraftforge.fml.loading.moddiscovery.JarInJarDependencyLocator/]: Found 28 dependencies adding them to mods collection
[13Jul2026 19:50:50.810] [main/WARN] [net.minecraftforge.fml.loading.moddiscovery.ModFile/]: fdbosses-3.1.0.3-1.20.1.jar contains an invalid 'accessTransformers' TOML entry. Should be e.g. accessTransformers = ["META-INF/accesstransformer.cfg", "META-INF/extra_at.cfg"] or accessTransformers = [] for no ATs. Falling back to default.
[13Jul2026 19:50:50.850] [main/WARN] [net.minecraftforge.fml.loading.moddiscovery.ModFile/]: fdlib-1.0.9-1.20.1.jar contains an invalid 'accessTransformers' TOML entry. Should be e.g. accessTransformers = ["META-INF/accesstransformer.cfg", "META-INF/extra_at.cfg"] or accessTransformers = [] for no ATs. Falling back to default.
[13Jul2026 19:50:54.271] [main/INFO] [mixin/]: Compatibility level set to JAVA_17
[13Jul2026 19:50:54.279] [main/ERROR] [mixin/]: Mixin config palladiumcore-common.mixins.json does not specify "minVersion" property
[13Jul2026 19:50:54.282] [main/ERROR] [mixin/]: Mixin config palladiumcore.mixins.json does not specify "minVersion" property
[13Jul2026 19:50:54.311] [main/ERROR] [mixin/]: Mixin config fabric-data-attachment-api-v1.mixins.json does not specify "minVersion" property
[13Jul2026 19:50:54.313] [main/ERROR] [mixin/]: Mixin config fabric-data-attachment-api-v1.client.mixins.json does not specify "minVersion" property
[13Jul2026 19:50:54.415] [main/ERROR] [mixin/]: Mixin config mousetweaks-x-accessories-fix.client.mixins.json does not specify "minVersion" property
[13Jul2026 19:50:54.510] [main/ERROR] [mixin/]: Mixin config yacl.mixins.json does not specify "minVersion" property
[13Jul2026 19:50:54.536] [main/INFO] [cpw.mods.modlauncher.LaunchServiceHandler/MODLAUNCHER]: Launching target 'forgeserver' with arguments [nogui]
[13Jul2026 19:50:54.954] [main/INFO] [ModernFix/]: Loaded configuration file for ModernFix 5.27.58+mc1.20.1: 110 options available, 0 override(s) found
[13Jul2026 19:50:54.955] [main/INFO] [ModernFix/]: Applying Nashorn fix
[13Jul2026 19:50:54.975] [main/INFO] [ModernFix/]: Applied Forge config corruption patch
[13Jul2026 19:50:55.189] [main/WARN] [mixin/]: Reference map 'CerbonsAPI-Forge-1.20.1-forge-refmap.json' for cerbons_api.mixins.json could not be read. If this is a development environment you can ignore this message
[13Jul2026 19:50:55.236] [main/WARN] [mixin/]: Reference map 'trashslot.refmap.json' for trashslot.mixins.json could not be read. If this is a development environment you can ignore this message
[13Jul2026 19:50:55.275] [main/WARN] [mixin/]: Reference map 'puzzlesaccessapi.common.refmap.json' for puzzlesaccessapi.common.mixins.json could not be read. If this is a development environment you can ignore this message
[13Jul2026 19:50:55.280] [main/WARN] [mixin/]: Reference map 'monsterexpansion.refmap.json' for monsterexpansion.mixins.json could not be read. If this is a development environment you can ignore this message
[13Jul2026 19:50:55.326] [main/WARN] [mixin/]: Reference map 'coroutil.refmap.json' for coroutil.mixins.json could not be read. If this is a development environment you can ignore this message
[13Jul2026 19:50:55.444] [main/INFO] [Puzzles Lib/]: Loading 115 mods:
	- accessories 1.0.0-beta48+1.20.1
		|-- fabric_api_base 0.4.31+ef105b4977
		|-- fabric_data_attachment_api_v1 1.0.0+30ef839e77
		|-- fabric_entity_events_v1 1.6.0+6274ab9d77
		\-- fabric_object_builder_api_v1 11.1.3+2174fc8477
	- alexscaves 2.0.2
	- alexsmobs 1.22.9
	- aquamirae 6.4.0
	- architectury 9.2.14
	- artifacts 9.5.19
		\-- expandability 9.0.4
	- atistructures 1.4.0
	- balm 7.3.38
		\-- kuma_api 20.1.12
	- bettercombat 1.9.0+1.20.1
	- betterendcities 1.0.0-1.20.1
	- betterendisland 1.20-Forge-2.0.6
	- betterfortresses 1.20-Forge-2.0.6
	- betterstrongholds 1.20-Forge-4.0.3
	- bfendcities 1.0
	- biomeswevegone 1.8.0
	- block_factorys_bosses 2.1.2
	- bookshelf 20.2.15
	- born_in_chaos_v1 1.7.5
	- bosses_of_mass_destruction 1.1.2
	- bridgingmod 2.5.1+1.20.1
	- caelus 3.2.0+1.20.1
	- carryon 2.1.2.7
	- cataclysm 3.31
	- cerbons_api 1.1.0
	- citadel 2.6.3
	- cloth_config 11.1.136
	- collective 8.39
	- corgilib 4.0.3.4
	- coroutil 1.20.1-1.3.7
	- ctov 3.4.14
	- curios 7.4.0+1.20.1
		\-- cclayer 0.beta.18
	- difficultychaosintegration 1.0.1-1.20.1
	- doubledoors 7.2
	- dungeoncrawl 2.3.15
	- dungeons_and_combat 1.2.4
	- dungeons_arise 2.1.58-1.20.x
	- dynamiclights 1.9+mod
	- easy_villagers 1.20.1-1.1.39
	- eeeabsmobs 1.20.1-0.98.1
	- explorerscompass 1.20.1-1.4.0-forge
	- explorify 1.6.5
	- fallingtree 4.3.4
	- fdbosses 3.1.0.3
	- fdlib 1.0.9
	- forge 47.4.20
	- framework 0.8.0
	- geckolib 4.8.4
	- glitchcore 0.0.1.1
	- gravestone 1.20.1-1.0.35
	- illageandspillage 1.2.8
	- immediatelyfast 1.5.5+1.20.4
	- incendium 5.3.5
	- jei 15.20.0.130-async-30
	- kotlinforforge 4.12.0
	- legendary_monsters 1.20.1
	- lionfishapi 3.0
	- lithostitched 1.4.11
	- lootr 0.7.35.94
	- luminous_nether 1.3.2
	- majruszlibrary 7.0.8
	- majruszsdifficulty 1.9.10
	- mcwbridges 3.1.2
	- mcwfurnitures 3.4.1
	- mcwstairs 1.0.2
	- minecraft 1.20.1
	- modernfix 5.27.58+mc1.20.1
	- mofus_better_end_ 1.0.0
	- monsterexpansion 1.20.1-v0.6.3
	- mousetweaks 2.25.1
	- mousetweaks_x_accessories_fix 1.4.0
	- mowziesmobs 1.8.2
	- mr_dungeons_andtaverns 3.0.3.f
	- mr_limesplatus_ending 1-v1.1.0c
	- mru 1.0.4+1.20.1+forge
	- mutantmonsters 8.0.8
	- mutantmore 1.0.0
	- obscure_api 18
	- ohthetreesyoullgrow 1.7.0
	- palladium 4.5.6
		\-- palladiumcore 1.0.1
	- patchouli 1.20.1-85-FORGE
	- placebo 8.6.3
	- playeranimator 1.0.2-rc1+1.20
	- prism 1.0.5
	- puzzleslib 8.1.33
		\-- puzzlesaccessapi 20.1.1
	- refurbished_furniture 1.0.20
	- scalinghealth 8.0.2+9
	- silentlib 8.0.0
	- skarrier_mobs 1.0.4
	- skinrestorer 2.8.1+1.20-forge
	- sky_whale_ship 1.0.3
	- skyarena 1.3.6-1.20.1
	- sophisticatedbackpacks 3.24.51.1864
	- sophisticatedcore 1.3.47.1995
	- structory 1.3.5
	- subwild 1.0.4
	- takesapillage 1.0.3
	- terrablender 3.0.1.10
	- terramity 0.9.8
	- toms_storage 1.7.1
	- trashslot 15.1.5
	- underlay 1.0.2
	- voicechat 1.20.1-2.6.20
		\-- voicechat_api 2.6.20
	- watut 1.20.1-1.2.3
	- waystones 14.1.20
	- witherreincarnated 1.0.5
	- yet_another_config_lib_v3 3.6.6+1.20.1-forge
	- yungsapi 1.20-Forge-4.0.6
[13Jul2026 19:50:55.882] [main/INFO] [net.minecraftforge.coremod.CoreMod.placebo/COREMODLOG]: Patching IForgeItemStack#getEnchantmentLevel
[13Jul2026 19:50:55.918] [main/INFO] [net.minecraftforge.coremod.CoreMod.placebo/COREMODLOG]: Patching IForgeItemStack#getEnchantmentLevel
[13Jul2026 19:50:56.684] [main/WARN] [mixin/]: Error loading class: com/aetherteam/aether/inventory/menu/AccessoriesMenu (java.lang.ClassNotFoundException: com.aetherteam.aether.inventory.menu.AccessoriesMenu)
[13Jul2026 19:50:56.785] [main/ERROR] [net.minecraftforge.fml.loading.RuntimeDistCleaner/DISTXFORM]: Attempted to load class net/minecraft/client/renderer/LevelRenderer for invalid dist DEDICATED_SERVER
[13Jul2026 19:50:56.786] [main/WARN] [mixin/]: Error loading class: net/minecraft/client/renderer/LevelRenderer (java.lang.RuntimeException: Attempted to load class net/minecraft/client/renderer/LevelRenderer for invalid dist DEDICATED_SERVER)
[13Jul2026 19:50:56.786] [main/WARN] [mixin/]: @Mixin target net.minecraft.client.renderer.LevelRenderer was not found accessories-common.mixins.json:LevelRendererAccessor
[13Jul2026 19:50:56.895] [main/WARN] [mixin/]: Error loading class: net/fabricmc/fabric/impl/datagen/FabricDataGenHelper (java.lang.ClassNotFoundException: net.fabricmc.fabric.impl.datagen.FabricDataGenHelper)
[13Jul2026 19:50:57.136] [main/WARN] [mixin/]: Error loading class: com/teammetallurgy/aquaculture/entity/AquaFishingBobberEntity (java.lang.ClassNotFoundException: com.teammetallurgy.aquaculture.entity.AquaFishingBobberEntity)
[13Jul2026 19:50:57.151] [main/WARN] [mixin/]: Error loading class: com/simibubi/create/content/contraptions/Contraption (java.lang.ClassNotFoundException: com.simibubi.create.content.contraptions.Contraption)
[13Jul2026 19:50:57.322] [main/WARN] [mixin/]: Error loading class: net/minecraft/client/player/KeyboardInput (java.lang.ClassNotFoundException: net.minecraft.client.player.KeyboardInput)
[13Jul2026 19:50:57.325] [main/WARN] [mixin/]: @Mixin target net.minecraft.client.player.KeyboardInput was not found fdlib.mixins.json:KeyboardInputMixin
[13Jul2026 19:50:57.384] [main/ERROR] [net.minecraftforge.fml.loading.RuntimeDistCleaner/DISTXFORM]: Attempted to load class net/minecraft/client/Camera for invalid dist DEDICATED_SERVER
[13Jul2026 19:50:57.385] [main/WARN] [mixin/]: Error loading class: net/minecraft/client/Camera (java.lang.RuntimeException: Attempted to load class net/minecraft/client/Camera for invalid dist DEDICATED_SERVER)
[13Jul2026 19:50:57.385] [main/WARN] [mixin/]: @Mixin target net.minecraft.client.Camera was not found legendary_monsters.mixins.json:CameraInvoker
[13Jul2026 19:50:57.462] [main/WARN] [mixin/]: Error loading class: com/eeeab/eeeabsmobs/sever/entity/corpse/EntityCorpseWarlock (java.lang.ClassNotFoundException: com.eeeab.eeeabsmobs.sever.entity.corpse.EntityCorpseWarlock)
[13Jul2026 19:50:57.465] [main/WARN] [mixin/]: Error loading class: com/eeeab/eeeabsmobs/sever/entity/guling/EntityGulingSentinelHeavy (java.lang.ClassNotFoundException: com.eeeab.eeeabsmobs.sever.entity.guling.EntityGulingSentinelHeavy)
[13Jul2026 19:50:57.484] [main/WARN] [mixin/]: Error loading class: com/Polarice3/Goety/common/entities/boss/Vizier (java.lang.ClassNotFoundException: com.Polarice3.Goety.common.entities.boss.Vizier)
[13Jul2026 19:50:57.901] [main/ERROR] [mixin/]: accessories-common.mixins.json:ContainerMixin: Interface mixin contains a non-public method! Found extendHasAnyMatching(Ljava/util/function/Predicate;Lorg/spongepowered/asm/mixin/injection/callback/CallbackInfoReturnable;)V in accessories-common.mixins.json:ContainerMixin
org.spongepowered.asm.mixin.transformer.throwables.InvalidInterfaceMixinException: Interface mixin contains a non-public method! Found extendHasAnyMatching(Ljava/util/function/Predicate;Lorg/spongepowered/asm/mixin/injection/callback/CallbackInfoReturnable;)V in accessories-common.mixins.json:ContainerMixin
	at org.spongepowered.asm.mixin.transformer.MixinPreProcessorInterface.prepareMethod(MixinPreProcessorInterface.java:65) ~[mixin-0.8.5.jar%2365!/:0.8.5+Jenkins-b310.git-155314e6e91465dad727e621a569906a410cd6f4]
	at org.spongepowered.asm.mixin.transformer.MixinPreProcessorStandard.prepare(MixinPreProcessorStandard.java:187) ~[mixin-0.8.5.jar%2365!/:0.8.5+Jenkins-b310.git-155314e6e91465dad727e621a569906a410cd6f4]
	at org.spongepowered.asm.mixin.transformer.MixinInfo$State.validate(MixinInfo.java:322) ~[mixin-0.8.5.jar%2365!/:0.8.5+Jenkins-b310.git-155314e6e91465dad727e621a569906a410cd6f4]
	at org.spongepowered.asm.mixin.transformer.MixinInfo.validate(MixinInfo.java:913) ~[mixin-0.8.5.jar%2365!/:0.8.5+Jenkins-b310.git-155314e6e91465dad727e621a569906a410cd6f4]
	at org.spongepowered.asm.mixin.transformer.MixinConfig.postInitialise(MixinConfig.java:801) ~[mixin-0.8.5.jar%2365!/:0.8.5+Jenkins-b310.git-155314e6e91465dad727e621a569906a410cd6f4]
	at org.spongepowered.asm.mixin.transformer.MixinProcessor.prepareConfigs(MixinProcessor.java:567) ~[mixin-0.8.5.jar%2365!/:0.8.5+Jenkins-b310.git-155314e6e91465dad727e621a569906a410cd6f4]
	at org.spongepowered.asm.mixin.transformer.MixinProcessor.select(MixinProcessor.java:462) ~[mixin-0.8.5.jar%2365!/:0.8.5+Jenkins-b310.git-155314e6e91465dad727e621a569906a410cd6f4]
	at org.spongepowered.asm.mixin.transformer.MixinProcessor.checkSelect(MixinProcessor.java:438) ~[mixin-0.8.5.jar%2365!/:0.8.5+Jenkins-b310.git-155314e6e91465dad727e621a569906a410cd6f4]
	at org.spongepowered.asm.mixin.transformer.MixinProcessor.applyMixins(MixinProcessor.java:290) ~[mixin-0.8.5.jar%2365!/:0.8.5+Jenkins-b310.git-155314e6e91465dad727e621a569906a410cd6f4]
	at org.spongepowered.asm.mixin.transformer.MixinTransformer.transformClass(MixinTransformer.java:250) ~[mixin-0.8.5.jar%2365!/:0.8.5+Jenkins-b310.git-155314e6e91465dad727e621a569906a410cd6f4]
	at org.spongepowered.asm.service.modlauncher.MixinTransformationHandler.processClass(MixinTransformationHandler.java:131) ~[mixin-0.8.5.jar%2365!/:0.8.5+Jenkins-b310.git-155314e6e91465dad727e621a569906a410cd6f4]
	at org.spongepowered.asm.launch.MixinLaunchPluginLegacy.processClass(MixinLaunchPluginLegacy.java:131) ~[mixin-0.8.5.jar%2365!/:0.8.5+Jenkins-b310.git-155314e6e91465dad727e621a569906a410cd6f4]
	at cpw.mods.modlauncher.serviceapi.ILaunchPluginService.processClassWithFlags(ILaunchPluginService.java:156) ~[modlauncher-10.0.9.jar%2355!/:10.0.9+10.0.9+main.dcd20f30]
	at cpw.mods.modlauncher.LaunchPluginHandler.offerClassNodeToPlugins(LaunchPluginHandler.java:88) ~[modlauncher-10.0.9.jar%2355!/:?]
	at cpw.mods.modlauncher.ClassTransformer.transform(ClassTransformer.java:120) ~[modlauncher-10.0.9.jar%2355!/:?]
	at cpw.mods.modlauncher.TransformingClassLoader.maybeTransformClassBytes(TransformingClassLoader.java:50) ~[modlauncher-10.0.9.jar%2355!/:?]
	at cpw.mods.cl.ModuleClassLoader.readerToClass(ModuleClassLoader.java:113) ~[securejarhandler-2.1.10.jar:?]
	at cpw.mods.cl.ModuleClassLoader.lambda$findClass$15(ModuleClassLoader.java:219) ~[securejarhandler-2.1.10.jar:?]
	at cpw.mods.cl.ModuleClassLoader.loadFromModule(ModuleClassLoader.java:229) ~[securejarhandler-2.1.10.jar:?]
	at cpw.mods.cl.ModuleClassLoader.findClass(ModuleClassLoader.java:219) ~[securejarhandler-2.1.10.jar:?]
	at java.lang.ClassLoader.loadClass(ClassLoader.java:637) ~[?:?]
	at java.lang.Class.forName(Class.java:547) ~[?:?]
	at net.minecraftforge.fml.loading.ImmediateWindowHandler$DummyProvider.lambda$updateModuleReads$1(ImmediateWindowHandler.java:164) ~[fmlloader-1.20.1-47.4.20.jar%2369!/:1.0]
	at java.util.Optional.map(Optional.java:260) ~[?:?]
	at net.minecraftforge.fml.loading.ImmediateWindowHandler$DummyProvider.updateModuleReads(ImmediateWindowHandler.java:164) ~[fmlloader-1.20.1-47.4.20.jar%2369!/:1.0]
	at net.minecraftforge.fml.loading.ImmediateWindowHandler.acceptGameLayer(ImmediateWindowHandler.java:89) ~[fmlloader-1.20.1-47.4.20.jar%2369!/:1.0]
	at net.minecraftforge.fml.loading.FMLLoader.beforeStart(FMLLoader.java:216) ~[fmlloader-1.20.1-47.4.20.jar%2369!/:1.0]
	at net.minecraftforge.fml.loading.targets.CommonLaunchHandler.launchService(CommonLaunchHandler.java:92) ~[fmlloader-1.20.1-47.4.20.jar%2369!/:?]
	at cpw.mods.modlauncher.LaunchServiceHandlerDecorator.launch(LaunchServiceHandlerDecorator.java:30) ~[modlauncher-10.0.9.jar%2355!/:?]
	at cpw.mods.modlauncher.LaunchServiceHandler.launch(LaunchServiceHandler.java:53) ~[modlauncher-10.0.9.jar%2355!/:?]
	at cpw.mods.modlauncher.LaunchServiceHandler.launch(LaunchServiceHandler.java:71) ~[modlauncher-10.0.9.jar%2355!/:?]
	at cpw.mods.modlauncher.Launcher.run(Launcher.java:108) ~[modlauncher-10.0.9.jar%2355!/:?]
	at cpw.mods.modlauncher.Launcher.main(Launcher.java:78) ~[modlauncher-10.0.9.jar%2355!/:?]
	at cpw.mods.modlauncher.BootstrapLaunchConsumer.accept(BootstrapLaunchConsumer.java:26) ~[modlauncher-10.0.9.jar%2355!/:?]
	at cpw.mods.modlauncher.BootstrapLaunchConsumer.accept(BootstrapLaunchConsumer.java:23) ~[modlauncher-10.0.9.jar%2355!/:?]
	at cpw.mods.bootstraplauncher.BootstrapLauncher.main(BootstrapLauncher.java:141) ~[bootstraplauncher-1.1.2.jar:?]
[13Jul2026 19:50:57.988] [main/INFO] [MixinExtras|Service/]: Initializing MixinExtras via com.llamalad7.mixinextras.service.MixinExtrasServiceImpl(version=0.5.4).
[13Jul2026 19:50:58.789] [main/INFO] [net.minecraft.server.Bootstrap/]: ModernFix reached bootstrap stage (32.26 s after launch)
[13Jul2026 19:50:59.257] [main/WARN] [mixin/]: @Final field delegatesByName:Ljava/util/Map; in modernfix-modernfix.mixins.json:perf.forge_registry_alloc.ForgeRegistryMixin should be final
[13Jul2026 19:50:59.257] [main/WARN] [mixin/]: @Final field delegatesByValue:Ljava/util/Map; in modernfix-modernfix.mixins.json:perf.forge_registry_alloc.ForgeRegistryMixin should be final
[13Jul2026 19:51:00.141] [main/INFO] [net.minecraftforge.coremod.CoreMod.placebo/COREMODLOG]: Patching IForgeItemStack#getEnchantmentLevel
[13Jul2026 19:51:00.142] [main/INFO] [net.minecraftforge.coremod.CoreMod.placebo/COREMODLOG]: Patching IForgeItemStack#getEnchantmentLevel
[13Jul2026 19:51:01.300] [main/INFO] [net.minecraft.server.Bootstrap/]: Vanilla bootstrap took 2479 milliseconds
[13Jul2026 19:51:02.317] [main/WARN] [mixin/]: Method overwrite conflict for getMobSpawnType in majruszlibrary-common.mixins.json:MixinMob, previously written by com.izofar.takesapillage.mixin.MobRememberSpawnReasonMixin. Skipping method.
[13Jul2026 19:51:02.453] [main/INFO] [net.minecraftforge.coremod.CoreMod.placebo/COREMODLOG]: Patching IForgeItemStack#getEnchantmentLevel
[13Jul2026 19:51:02.454] [main/INFO] [net.minecraftforge.coremod.CoreMod.placebo/COREMODLOG]: Patching IForgeItemStack#getEnchantmentLevel
[13Jul2026 19:51:03.079] [main/WARN] [mixin/]: @Inject(@At("INVOKE_ASSIGN")) Shift.BY=1 on palladiumcore-common.mixins.json:LightningBoltMixin::handler$zza000$tick exceeds the maximum allowed value: 0. Increase the value of maxShiftBy to suppress this warning.
[13Jul2026 19:51:04.141] [main/WARN] [mixin/]: Method overwrite conflict for scheduleRandomTick in corgilib-common.mixins.json:chunk.MixinChunkAccess, previously written by dev.corgitaco.ohthetreesyoullgrow.mixin.chunk.MixinChunkAccess. Skipping method.
[13Jul2026 19:51:04.141] [main/WARN] [mixin/]: Method overwrite conflict for getScheduledRandomTicks in corgilib-common.mixins.json:chunk.MixinChunkAccess, previously written by dev.corgitaco.ohthetreesyoullgrow.mixin.chunk.MixinChunkAccess. Skipping method.
[13Jul2026 19:51:04.151] [main/WARN] [mixin/]: @Inject(@At("INVOKE_ASSIGN")) Shift.BY=2 on refurbished_furniture.common.mixins.json:LevelChunkMixin::handler$zno000$refurbishedFurniture$AfterRemoveBlockEntity exceeds the maximum allowed value: 0. Increase the value of maxShiftBy to suppress this warning.
[13Jul2026 19:51:04.533] [main/WARN] [mixin/]: @Inject(@At("INVOKE")) Shift.BY=2 on accessories-common.mixins.json:NbtCompoundMixin::handler$zmo000$adjustCheckForListVariants exceeds the maximum allowed value: 0. Increase the value of maxShiftBy to suppress this warning.
[13Jul2026 19:51:05.423] [main/WARN] [mixin/]: Mixin alexscaves.mixins.json:SwampHutPieceMixin has multiple constructors, (Lnet/minecraft/world/level/levelgen/structure/pieces/StructurePieceType;IIIIIILnet/minecraft/core/Direction;)V was selected

[13Jul2026 19:51:05.559] [main/WARN] [mixin/]: Static binding violation: PRIVATE @Overwrite method m_47505_ in modernfix-modernfix.mixins.json:perf.remove_biome_temperature_cache.BiomeMixin cannot reduce visibiliy of PUBLIC target method, visibility will be upgraded.
[13Jul2026 19:51:06.091] [modloading-worker-0/INFO] [dynamiclights/]: [Dynamic Lights] Registering server started event ...
[13Jul2026 19:51:06.743] [modloading-worker-0/INFO] [Bookshelf/]: Fixing MC-151457. Crafting remainder for minecraft:pufferfish_bucket is now minecraft:bucket.
[13Jul2026 19:51:06.744] [modloading-worker-0/INFO] [Bookshelf/]: Fixing MC-151457. Crafting remainder for minecraft:salmon_bucket is now minecraft:bucket.
[13Jul2026 19:51:06.744] [modloading-worker-0/INFO] [Bookshelf/]: Fixing MC-151457. Crafting remainder for minecraft:cod_bucket is now minecraft:bucket.
[13Jul2026 19:51:06.744] [modloading-worker-0/INFO] [Bookshelf/]: Fixing MC-151457. Crafting remainder for minecraft:tropical_fish_bucket is now minecraft:bucket.
[13Jul2026 19:51:06.745] [modloading-worker-0/INFO] [Bookshelf/]: Fixing MC-151457. Crafting remainder for minecraft:axolotl_bucket is now minecraft:bucket.
[13Jul2026 19:51:06.745] [modloading-worker-0/INFO] [Bookshelf/]: Fixing MC-151457. Crafting remainder for minecraft:powder_snow_bucket is now minecraft:bucket.
[13Jul2026 19:51:06.745] [modloading-worker-0/INFO] [Bookshelf/]: Fixing MC-151457. Crafting remainder for minecraft:tadpole_bucket is now minecraft:bucket.
[13Jul2026 19:51:07.046] [modloading-worker-0/INFO] [Collective/]: Loading Collective version 8.39.
[13Jul2026 19:51:08.040] [modloading-worker-0/INFO] [dev.architectury.networking.forge.NetworkManagerImpl/]: Registering C2S receiver with id architectury:sync_ids
[13Jul2026 19:51:08.518] [modloading-worker-0/INFO] [net.blay09.mods.balm.forge.config.ForgeBalmConfig/]: Registering config for trashslot:common (COMMON) with 5 properties.
[13Jul2026 19:51:08.580] [modloading-worker-0/INFO] [Puzzles Lib/]: Constructing common components for mutantmonsters:main
[13Jul2026 19:51:08.678] [modloading-worker-0/INFO] [net.blay09.mods.balm.forge.config.ForgeBalmConfig/]: Registering config for waystones:common (COMMON) with 46 properties.
[13Jul2026 19:51:08.712] [modloading-worker-0/INFO] [Dungeon Crawl/]: Here we go! Launching Dungeon Crawl 2.3.15...
[13Jul2026 19:51:08.714] [modloading-worker-0/INFO] [dev.architectury.networking.forge.NetworkManagerImpl/]: Registering C2S receiver with id artifacts:networking_channel/42a7ad70b1cc371599a0eff744096b8a
[13Jul2026 19:51:08.715] [modloading-worker-0/INFO] [dev.architectury.networking.forge.NetworkManagerImpl/]: Registering C2S receiver with id artifacts:networking_channel/74a5e841822a3a87854ae896a33430d6
[13Jul2026 19:51:08.716] [modloading-worker-0/INFO] [dev.architectury.networking.forge.NetworkManagerImpl/]: Registering C2S receiver with id artifacts:networking_channel/eb3d1e2748533430848cadf0f37c7e9c
[13Jul2026 19:51:08.722] [modloading-worker-0/INFO] [dev.architectury.networking.forge.NetworkManagerImpl/]: Registering C2S receiver with id artifacts:networking_channel/91c8520f19f93b3e8b6a727568e194ab
[13Jul2026 19:51:08.723] [modloading-worker-0/INFO] [dev.architectury.networking.forge.NetworkManagerImpl/]: Registering C2S receiver with id artifacts:networking_channel/8c2784d778293fd482ed84b8aa5fedb9
[13Jul2026 19:51:08.727] [modloading-worker-0/INFO] [dev.architectury.networking.forge.NetworkManagerImpl/]: Registering C2S receiver with id artifacts:networking_channel/ea038224ea783d40b2863f52239e2604
[13Jul2026 19:51:08.728] [modloading-worker-0/INFO] [dev.architectury.networking.forge.NetworkManagerImpl/]: Registering C2S receiver with id artifacts:networking_channel/97ad64b7ecaf33209991c4f031501a58
[13Jul2026 19:51:08.758] [modloading-worker-0/INFO] [coroutil/]: forge loader environment detected
[13Jul2026 19:51:08.805] [modloading-worker-0/INFO] [net.minecraftforge.common.ForgeMod/FORGEMOD]: Forge mod loading, version 47.4.20, for MC 1.20.1 with MCP 20230612.114412
[13Jul2026 19:51:08.806] [modloading-worker-0/INFO] [net.minecraftforge.common.MinecraftForge/FORGE]: MinecraftForge v47.4.20 Initialized
[13Jul2026 19:51:09.779] [modloading-worker-0/INFO] [STDOUT/]: [yalter.mousetweaks.Logger:Log:6]: [Mouse Tweaks] Disabled because not running on the client.
[13Jul2026 19:51:10.056] [modloading-worker-0/INFO] [net.potionstudios.biomeswevegone.BiomesWeveGone/]: Registering Oh The Biomes We've Gone items
[13Jul2026 19:51:10.140] [modloading-worker-0/INFO] [net.potionstudios.biomeswevegone.BiomesWeveGone/]: Registering Oh The Biomes We've Gone Blocks
[13Jul2026 19:51:10.191] [modloading-worker-0/INFO] [net.potionstudios.biomeswevegone.BiomesWeveGone/]: Registering Oh The Biomes We've Gone Wood
[13Jul2026 19:51:10.194] [modloading-worker-0/INFO] [net.potionstudios.biomeswevegone.BiomesWeveGone/]: Registering Oh The Biomes We've Gone Block Entities
[13Jul2026 19:51:10.194] [modloading-worker-0/INFO] [net.potionstudios.biomeswevegone.BiomesWeveGone/]: Registering Oh The Biomes We've Gone Entities
[13Jul2026 19:51:10.197] [modloading-worker-0/INFO] [net.potionstudios.biomeswevegone.BiomesWeveGone/]: Registering Oh The Biomes We've Gone Creative Tabs
[13Jul2026 19:51:10.199] [modloading-worker-0/INFO] [net.potionstudios.biomeswevegone.BiomesWeveGone/]: Registering Oh The Biomes We've Gone Sounds
[13Jul2026 19:51:10.200] [modloading-worker-0/INFO] [net.potionstudios.biomeswevegone.BiomesWeveGone/]: Registering Oh The Biomes We've Gone Block Predicate
[13Jul2026 19:51:10.204] [modloading-worker-0/INFO] [net.potionstudios.biomeswevegone.BiomesWeveGone/]: Registering Oh The Biomes We've Gone State Providers
[13Jul2026 19:51:10.207] [modloading-worker-0/INFO] [net.potionstudios.biomeswevegone.BiomesWeveGone/]: Registering Oh The Biomes We've Gone Tree Decorators
[13Jul2026 19:51:10.218] [modloading-worker-0/INFO] [net.potionstudios.biomeswevegone.BiomesWeveGone/]: Registering Oh The Biomes We've Gone Custom Features
[13Jul2026 19:51:10.219] [modloading-worker-0/INFO] [net.potionstudios.biomeswevegone.BiomesWeveGone/]: Registering Oh The Biomes We've Gone Structure Pieces
[13Jul2026 19:51:10.220] [modloading-worker-0/INFO] [net.potionstudios.biomeswevegone.BiomesWeveGone/]: Registering Oh The Biomes We've Gone Custom Structure Types
[13Jul2026 19:51:10.229] [modloading-worker-0/INFO] [net.potionstudios.biomeswevegone.BiomesWeveGone/]: Registering Oh The Biomes We've Gone Configured Features
[13Jul2026 19:51:10.340] [modloading-worker-0/INFO] [net.potionstudios.biomeswevegone.BiomesWeveGone/]: Creating and Registering Overworld Vegetation Configured Features
[13Jul2026 19:51:10.453] [modloading-worker-0/INFO] [net.potionstudios.biomeswevegone.BiomesWeveGone/]: Registering Oh The Biomes We've Gone Tree Configured Features
[13Jul2026 19:51:10.455] [modloading-worker-0/INFO] [net.potionstudios.biomeswevegone.BiomesWeveGone/]: Creating and Registering Vanilla Configured Features
[13Jul2026 19:51:10.463] [modloading-worker-0/INFO] [net.potionstudios.biomeswevegone.BiomesWeveGone/]: Registering Oh The Biomes You'll Go Overworld Configured Features
[13Jul2026 19:51:10.474] [modloading-worker-0/INFO] [net.potionstudios.biomeswevegone.BiomesWeveGone/]: Registering Oh The Biomes We've Gone Placed Features
[13Jul2026 19:51:10.491] [modloading-worker-0/INFO] [net.potionstudios.biomeswevegone.BiomesWeveGone/]: Creating and Registering Overworld Tree Placed Features
[13Jul2026 19:51:10.513] [modloading-worker-0/INFO] [net.potionstudios.biomeswevegone.BiomesWeveGone/]: Creating and Registering Overworld Vegetation Placed Features
[13Jul2026 19:51:10.514] [modloading-worker-0/INFO] [net.potionstudios.biomeswevegone.BiomesWeveGone/]: Creating and Registering Vanilla Placed Features
[13Jul2026 19:51:10.515] [modloading-worker-0/INFO] [net.potionstudios.biomeswevegone.BiomesWeveGone/]: Registering Oh The Biomes We've Gone Custom Surface Rules
[13Jul2026 19:51:10.535] [modloading-worker-0/INFO] [net.potionstudios.biomeswevegone.BiomesWeveGone/]: Registering Oh The Biomes We've Gone Template Pools
[13Jul2026 19:51:10.554] [modloading-worker-0/INFO] [net.potionstudios.biomeswevegone.BiomesWeveGone/]: Registering Oh The Biome's We've Gone Village Template Pools
[13Jul2026 19:51:10.556] [modloading-worker-0/INFO] [net.potionstudios.biomeswevegone.BiomesWeveGone/]: Registering Oh The Biomes We've Gone Poi Types
[13Jul2026 19:51:10.568] [modloading-worker-0/INFO] [net.potionstudios.biomeswevegone.BiomesWeveGone/]: Registering Oh The Biomes We've Gone Villager Professions
[13Jul2026 19:51:10.569] [modloading-worker-0/INFO] [net.potionstudios.biomeswevegone.BiomesWeveGone/]: Registering Oh The Biomes We've Gone Custom Structure Processors
[13Jul2026 19:51:10.571] [modloading-worker-0/INFO] [net.potionstudios.biomeswevegone.BiomesWeveGone/]: Registering Oh The Biomes We've Gone villager types
[13Jul2026 19:51:10.573] [modloading-worker-0/INFO] [net.potionstudios.biomeswevegone.BiomesWeveGone/]: Registering Oh The Biomes We've Gone Schedules
[13Jul2026 19:51:10.576] [modloading-worker-0/INFO] [net.potionstudios.biomeswevegone.BiomesWeveGone/]: Registering Oh The Biomes We've Gone Memory Module Types
[13Jul2026 19:51:10.580] [modloading-worker-0/INFO] [net.potionstudios.biomeswevegone.BiomesWeveGone/]: Registering Oh The Biomes We've Gone Sensor Types
[13Jul2026 19:51:10.820] [modloading-worker-0/INFO] [YetAnotherConfigLib/]: Deserializing YACLConfig from '/workspaces/A/servidor_minecraft/config/yacl.json5'
[13Jul2026 19:51:10.850] [modloading-worker-0/INFO] [be.florens.expandability.ExpandAbility/]: ExpandAbility here, who dis?
[13Jul2026 19:51:10.870] [modloading-worker-0/INFO] [Puzzles Lib/]: Constructing common components for puzzleslib:main
[13Jul2026 19:51:11.034] [modloading-worker-0/INFO] [thedarkcolour.kotlinforforge.test.KotlinForForge/]: Kotlin For Forge Enabled!
[13Jul2026 19:51:11.041] [main/INFO] [net.threetag.palladium.Palladium/]: Starting addonpack initialisation...
[13Jul2026 19:51:11.114] [main/ERROR] [net.minecraft.server.packs.AbstractPackResources/]: Couldn't load pack metadata
com.google.gson.JsonSyntaxException: Missing pack_format, expected to find a Int
	at net.minecraft.util.GsonHelper.m_13927_(GsonHelper.java:277) ~[server-1.20.1-20230612.114412-srg.jar%23315!/:?]
	at net.minecraft.server.packs.metadata.pack.PackMetadataSectionSerializer.m_6322_(PackMetadataSectionSerializer.java:15) ~[server-1.20.1-20230612.114412-srg.jar%23315!/:?]
	at net.minecraft.server.packs.metadata.pack.PackMetadataSectionSerializer.m_6322_(PackMetadataSectionSerializer.java:9) ~[server-1.20.1-20230612.114412-srg.jar%23315!/:?]
	at net.minecraft.server.packs.AbstractPackResources.m_10214_(AbstractPackResources.java:52) ~[server-1.20.1-20230612.114412-srg.jar%23315!/:?]
	at net.minecraft.server.packs.AbstractPackResources.m_5550_(AbstractPackResources.java:33) ~[server-1.20.1-20230612.114412-srg.jar%23315!/:?]
	at net.minecraft.server.packs.repository.Pack.m_246334_(Pack.java:60) ~[server-1.20.1-20230612.114412-srg.jar%23315!/:?]
	at net.minecraft.server.packs.repository.Pack.m_245429_(Pack.java:35) ~[server-1.20.1-20230612.114412-srg.jar%23315!/:?]
	at net.threetag.palladium.addonpack.forge.AddonPackManagerImpl$ModPackSource.m_7686_(AddonPackManagerImpl.java:49) ~[palladium-4.5.6%252B1.20.1-forge.jar%23280!/:4.5.6+1.20.1]
	at net.minecraft.server.packs.repository.PackRepository.m_10526_(PackRepository.java:39) ~[server-1.20.1-20230612.114412-srg.jar%23315!/:?]
	at net.minecraft.server.packs.repository.PackRepository.m_10506_(PackRepository.java:31) ~[server-1.20.1-20230612.114412-srg.jar%23315!/:?]
	at net.threetag.palladium.addonpack.AddonPackManager.beginLoading(AddonPackManager.java:141) ~[palladium-4.5.6%252B1.20.1-forge.jar%23280!/:4.5.6+1.20.1]
	at net.threetag.palladium.addonpack.AddonPackManager.startLoading(AddonPackManager.java:55) ~[palladium-4.5.6%252B1.20.1-forge.jar%23280!/:4.5.6+1.20.1]
	at java.util.concurrent.CompletableFuture$AsyncRun.run(CompletableFuture.java:1804) ~[?:?]
	at net.minecraftforge.fml.DeferredWorkQueue.lambda$makeRunnable$2(DeferredWorkQueue.java:81) ~[fmlcore-1.20.1-47.4.20.jar%23316!/:?]
	at net.minecraftforge.fml.DeferredWorkQueue.makeRunnable(DeferredWorkQueue.java:76) ~[fmlcore-1.20.1-47.4.20.jar%23316!/:?]
	at net.minecraftforge.fml.DeferredWorkQueue.lambda$runTasks$0(DeferredWorkQueue.java:60) ~[fmlcore-1.20.1-47.4.20.jar%23316!/:?]
	at java.util.concurrent.ConcurrentLinkedDeque.forEach(ConcurrentLinkedDeque.java:1650) ~[?:?]
	at net.minecraftforge.fml.DeferredWorkQueue.runTasks(DeferredWorkQueue.java:60) ~[fmlcore-1.20.1-47.4.20.jar%23316!/:?]
	at net.minecraftforge.fml.core.ParallelTransition.lambda$finalActivityGenerator$2(ParallelTransition.java:35) ~[forge-1.20.1-47.4.20-universal.jar%23320!/:?]
	at java.util.concurrent.CompletableFuture$UniApply.tryFire(CompletableFuture.java:646) ~[?:?]
	at java.util.concurrent.CompletableFuture$Completion.run(CompletableFuture.java:482) ~[?:?]
	at net.minecraftforge.fml.ModWorkManager$SyncExecutor.driveOne(ModWorkManager.java:43) ~[fmlcore-1.20.1-47.4.20.jar%23316!/:?]
	at net.minecraftforge.fml.ModWorkManager$DrivenExecutor.drive(ModWorkManager.java:28) ~[fmlcore-1.20.1-47.4.20.jar%23316!/:?]
	at net.minecraftforge.fml.ModLoader.waitForTransition(ModLoader.java:224) ~[fmlcore-1.20.1-47.4.20.jar%23316!/:?]
	at net.minecraftforge.fml.ModLoader.lambda$dispatchAndHandleError$20(ModLoader.java:210) ~[fmlcore-1.20.1-47.4.20.jar%23316!/:?]
	at java.util.Optional.ifPresent(Optional.java:178) ~[?:?]
	at net.minecraftforge.fml.ModLoader.dispatchAndHandleError(ModLoader.java:210) ~[fmlcore-1.20.1-47.4.20.jar%23316!/:?]
	at net.minecraftforge.fml.ModLoader.lambda$gatherAndInitializeMods$13(ModLoader.java:183) ~[fmlcore-1.20.1-47.4.20.jar%23316!/:?]
	at java.lang.Iterable.forEach(Iterable.java:75) ~[?:?]
	at net.minecraftforge.fml.ModLoader.gatherAndInitializeMods(ModLoader.java:183) ~[fmlcore-1.20.1-47.4.20.jar%23316!/:?]
	at net.minecraftforge.server.loading.ServerModLoader.load(ServerModLoader.java:30) ~[forge-1.20.1-47.4.20-universal.jar%23320!/:?]
	at net.minecraft.server.Main.main(Main.java:125) ~[server-1.20.1-20230612.114412-srg.jar%23315!/:?]
	at jdk.internal.reflect.NativeMethodAccessorImpl.invoke0(Native Method) ~[?:?]
	at jdk.internal.reflect.NativeMethodAccessorImpl.invoke(NativeMethodAccessorImpl.java:77) ~[?:?]
	at jdk.internal.reflect.DelegatingMethodAccessorImpl.invoke(DelegatingMethodAccessorImpl.java:43) ~[?:?]
	at java.lang.reflect.Method.invoke(Method.java:569) ~[?:?]
	at net.minecraftforge.fml.loading.targets.CommonLaunchHandler.runTarget(CommonLaunchHandler.java:111) ~[fmlloader-1.20.1-47.4.20.jar%2369!/:?]
	at net.minecraftforge.fml.loading.targets.CommonLaunchHandler.serverService(CommonLaunchHandler.java:103) ~[fmlloader-1.20.1-47.4.20.jar%2369!/:?]
	at net.minecraftforge.fml.loading.targets.CommonServerLaunchHandler.lambda$makeService$0(CommonServerLaunchHandler.java:27) ~[fmlloader-1.20.1-47.4.20.jar%2369!/:?]
	at cpw.mods.modlauncher.LaunchServiceHandlerDecorator.launch(LaunchServiceHandlerDecorator.java:30) ~[modlauncher-10.0.9.jar%2355!/:?]
	at cpw.mods.modlauncher.LaunchServiceHandler.launch(LaunchServiceHandler.java:53) ~[modlauncher-10.0.9.jar%2355!/:?]
	at cpw.mods.modlauncher.LaunchServiceHandler.launch(LaunchServiceHandler.java:71) ~[modlauncher-10.0.9.jar%2355!/:?]
	at cpw.mods.modlauncher.Launcher.run(Launcher.java:108) ~[modlauncher-10.0.9.jar%2355!/:?]
	at cpw.mods.modlauncher.Launcher.main(Launcher.java:78) ~[modlauncher-10.0.9.jar%2355!/:?]
	at cpw.mods.modlauncher.BootstrapLaunchConsumer.accept(BootstrapLaunchConsumer.java:26) ~[modlauncher-10.0.9.jar%2355!/:?]
	at cpw.mods.modlauncher.BootstrapLaunchConsumer.accept(BootstrapLaunchConsumer.java:23) ~[modlauncher-10.0.9.jar%2355!/:?]
	at cpw.mods.bootstraplauncher.BootstrapLauncher.main(BootstrapLauncher.java:141) ~[bootstraplauncher-1.1.2.jar:?]
[13Jul2026 19:51:11.116] [main/WARN] [net.minecraft.server.packs.repository.Pack/]: Missing metadata in pack mod:minecraft
[13Jul2026 19:51:11.122] [main/INFO] [net.threetag.palladium.Palladium/]: Skipping mod:accessories as it's not been marked as an addonpack
[13Jul2026 19:51:11.124] [main/ERROR] [net.threetag.palladium.Palladium/]: Cannot invoke "net.threetag.palladium.addonpack.PackData.getId()" because "packData" is null
[13Jul2026 19:51:11.125] [main/INFO] [net.threetag.palladium.Palladium/]: Skipping mod:alexscaves as it's not been marked as an addonpack
[13Jul2026 19:51:11.126] [main/ERROR] [net.threetag.palladium.Palladium/]: Cannot invoke "net.threetag.palladium.addonpack.PackData.getId()" because "packData" is null
[13Jul2026 19:51:11.126] [main/INFO] [net.threetag.palladium.Palladium/]: Skipping mod:alexsmobs as it's not been marked as an addonpack
[13Jul2026 19:51:11.126] [main/ERROR] [net.threetag.palladium.Palladium/]: Cannot invoke "net.threetag.palladium.addonpack.PackData.getId()" because "packData" is null
[13Jul2026 19:51:11.126] [main/INFO] [net.threetag.palladium.Palladium/]: Skipping mod:aquamirae as it's not been marked as an addonpack
[13Jul2026 19:51:11.126] [main/ERROR] [net.threetag.palladium.Palladium/]: Cannot invoke "net.threetag.palladium.addonpack.PackData.getId()" because "packData" is null
[13Jul2026 19:51:11.126] [main/INFO] [net.threetag.palladium.Palladium/]: Skipping mod:architectury as it's not been marked as an addonpack
[13Jul2026 19:51:11.126] [main/ERROR] [net.threetag.palladium.Palladium/]: Cannot invoke "net.threetag.palladium.addonpack.PackData.getId()" because "packData" is null
[13Jul2026 19:51:11.127] [main/INFO] [net.threetag.palladium.Palladium/]: Skipping mod:artifacts as it's not been marked as an addonpack
[13Jul2026 19:51:11.127] [main/ERROR] [net.threetag.palladium.Palladium/]: Cannot invoke "net.threetag.palladium.addonpack.PackData.getId()" because "packData" is null
[13Jul2026 19:51:11.127] [main/INFO] [net.threetag.palladium.Palladium/]: Skipping mod:atistructures as it's not been marked as an addonpack
[13Jul2026 19:51:11.127] [main/ERROR] [net.threetag.palladium.Palladium/]: Cannot invoke "net.threetag.palladium.addonpack.PackData.getId()" because "packData" is null
[13Jul2026 19:51:11.127] [main/INFO] [net.threetag.palladium.Palladium/]: Skipping mod:balm as it's not been marked as an addonpack
[13Jul2026 19:51:11.127] [main/ERROR] [net.threetag.palladium.Palladium/]: Cannot invoke "net.threetag.palladium.addonpack.PackData.getId()" because "packData" is null
[13Jul2026 19:51:11.127] [main/INFO] [net.threetag.palladium.Palladium/]: Skipping mod:bettercombat as it's not been marked as an addonpack
[13Jul2026 19:51:11.127] [main/ERROR] [net.threetag.palladium.Palladium/]: Cannot invoke "net.threetag.palladium.addonpack.PackData.getId()" because "packData" is null
[13Jul2026 19:51:11.128] [main/INFO] [net.threetag.palladium.Palladium/]: Skipping mod:betterendcities as it's not been marked as an addonpack
[13Jul2026 19:51:11.128] [main/ERROR] [net.threetag.palladium.Palladium/]: Cannot invoke "net.threetag.palladium.addonpack.PackData.getId()" because "packData" is null
[13Jul2026 19:51:11.128] [main/INFO] [net.threetag.palladium.Palladium/]: Skipping mod:betterendisland as it's not been marked as an addonpack
[13Jul2026 19:51:11.128] [main/ERROR] [net.threetag.palladium.Palladium/]: Cannot invoke "net.threetag.palladium.addonpack.PackData.getId()" because "packData" is null
[13Jul2026 19:51:11.128] [main/INFO] [net.threetag.palladium.Palladium/]: Skipping mod:betterfortresses as it's not been marked as an addonpack
[13Jul2026 19:51:11.128] [main/ERROR] [net.threetag.palladium.Palladium/]: Cannot invoke "net.threetag.palladium.addonpack.PackData.getId()" because "packData" is null
[13Jul2026 19:51:11.128] [main/INFO] [net.threetag.palladium.Palladium/]: Skipping mod:betterstrongholds as it's not been marked as an addonpack
[13Jul2026 19:51:11.128] [main/ERROR] [net.threetag.palladium.Palladium/]: Cannot invoke "net.threetag.palladium.addonpack.PackData.getId()" because "packData" is null
[13Jul2026 19:51:11.129] [main/INFO] [net.threetag.palladium.Palladium/]: Skipping mod:bfendcities as it's not been marked as an addonpack
[13Jul2026 19:51:11.129] [main/ERROR] [net.threetag.palladium.Palladium/]: Cannot invoke "net.threetag.palladium.addonpack.PackData.getId()" because "packData" is null
[13Jul2026 19:51:11.129] [main/INFO] [net.threetag.palladium.Palladium/]: Skipping mod:biomeswevegone as it's not been marked as an addonpack
[13Jul2026 19:51:11.129] [main/ERROR] [net.threetag.palladium.Palladium/]: Cannot invoke "net.threetag.palladium.addonpack.PackData.getId()" because "packData" is null
[13Jul2026 19:51:11.129] [main/INFO] [net.threetag.palladium.Palladium/]: Skipping mod:block_factorys_bosses as it's not been marked as an addonpack
[13Jul2026 19:51:11.129] [main/ERROR] [net.threetag.palladium.Palladium/]: Cannot invoke "net.threetag.palladium.addonpack.PackData.getId()" because "packData" is null
[13Jul2026 19:51:11.129] [main/INFO] [net.threetag.palladium.Palladium/]: Skipping mod:bookshelf as it's not been marked as an addonpack
[13Jul2026 19:51:11.129] [main/ERROR] [net.threetag.palladium.Palladium/]: Cannot invoke "net.threetag.palladium.addonpack.PackData.getId()" because "packData" is null
[13Jul2026 19:51:11.130] [main/INFO] [net.threetag.palladium.Palladium/]: Skipping mod:born_in_chaos_v1 as it's not been marked as an addonpack
[13Jul2026 19:51:11.130] [main/ERROR] [net.threetag.palladium.Palladium/]: Cannot invoke "net.threetag.palladium.addonpack.PackData.getId()" because "packData" is null
[13Jul2026 19:51:11.130] [main/INFO] [net.threetag.palladium.Palladium/]: Skipping mod:bosses_of_mass_destruction as it's not been marked as an addonpack
[13Jul2026 19:51:11.130] [main/ERROR] [net.threetag.palladium.Palladium/]: Cannot invoke "net.threetag.palladium.addonpack.PackData.getId()" because "packData" is null
[13Jul2026 19:51:11.130] [main/INFO] [net.threetag.palladium.Palladium/]: Skipping mod:bridgingmod as it's not been marked as an addonpack
[13Jul2026 19:51:11.130] [main/ERROR] [net.threetag.palladium.Palladium/]: Cannot invoke "net.threetag.palladium.addonpack.PackData.getId()" because "packData" is null
[13Jul2026 19:51:11.130] [main/INFO] [net.threetag.palladium.Palladium/]: Skipping mod:caelus as it's not been marked as an addonpack
[13Jul2026 19:51:11.130] [main/ERROR] [net.threetag.palladium.Palladium/]: Cannot invoke "net.threetag.palladium.addonpack.PackData.getId()" because "packData" is null
[13Jul2026 19:51:11.131] [main/INFO] [net.threetag.palladium.Palladium/]: Skipping mod:carryon as it's not been marked as an addonpack
[13Jul2026 19:51:11.131] [main/ERROR] [net.threetag.palladium.Palladium/]: Cannot invoke "net.threetag.palladium.addonpack.PackData.getId()" because "packData" is null
[13Jul2026 19:51:11.131] [main/INFO] [net.threetag.palladium.Palladium/]: Skipping mod:cataclysm as it's not been marked as an addonpack
[13Jul2026 19:51:11.131] [main/ERROR] [net.threetag.palladium.Palladium/]: Cannot invoke "net.threetag.palladium.addonpack.PackData.getId()" because "packData" is null
[13Jul2026 19:51:11.131] [main/INFO] [net.threetag.palladium.Palladium/]: Skipping mod:cclayer as it's not been marked as an addonpack
[13Jul2026 19:51:11.131] [main/ERROR] [net.threetag.palladium.Palladium/]: Cannot invoke "net.threetag.palladium.addonpack.PackData.getId()" because "packData" is null
[13Jul2026 19:51:11.131] [main/INFO] [net.threetag.palladium.Palladium/]: Skipping mod:cerbons_api as it's not been marked as an addonpack
[13Jul2026 19:51:11.132] [main/ERROR] [net.threetag.palladium.Palladium/]: Cannot invoke "net.threetag.palladium.addonpack.PackData.getId()" because "packData" is null
[13Jul2026 19:51:11.132] [main/INFO] [net.threetag.palladium.Palladium/]: Skipping mod:citadel as it's not been marked as an addonpack
[13Jul2026 19:51:11.132] [main/ERROR] [net.threetag.palladium.Palladium/]: Cannot invoke "net.threetag.palladium.addonpack.PackData.getId()" because "packData" is null
[13Jul2026 19:51:11.132] [main/INFO] [net.threetag.palladium.Palladium/]: Skipping mod:cloth_config as it's not been marked as an addonpack
[13Jul2026 19:51:11.132] [main/ERROR] [net.threetag.palladium.Palladium/]: Cannot invoke "net.threetag.palladium.addonpack.PackData.getId()" because "packData" is null
[13Jul2026 19:51:11.132] [main/INFO] [net.threetag.palladium.Palladium/]: Skipping mod:collective as it's not been marked as an addonpack
[13Jul2026 19:51:11.132] [main/ERROR] [net.threetag.palladium.Palladium/]: Cannot invoke "net.threetag.palladium.addonpack.PackData.getId()" because "packData" is null
[13Jul2026 19:51:11.132] [main/INFO] [net.threetag.palladium.Palladium/]: Skipping mod:corgilib as it's not been marked as an addonpack
[13Jul2026 19:51:11.133] [main/ERROR] [net.threetag.palladium.Palladium/]: Cannot invoke "net.threetag.palladium.addonpack.PackData.getId()" because "packData" is null
[13Jul2026 19:51:11.133] [main/INFO] [net.threetag.palladium.Palladium/]: Skipping mod:coroutil as it's not been marked as an addonpack
[13Jul2026 19:51:11.133] [main/ERROR] [net.threetag.palladium.Palladium/]: Cannot invoke "net.threetag.palladium.addonpack.PackData.getId()" because "packData" is null
[13Jul2026 19:51:11.133] [main/INFO] [net.threetag.palladium.Palladium/]: Skipping mod:ctov as it's not been marked as an addonpack
[13Jul2026 19:51:11.133] [main/ERROR] [net.threetag.palladium.Palladium/]: Cannot invoke "net.threetag.palladium.addonpack.PackData.getId()" because "packData" is null
[13Jul2026 19:51:11.133] [main/INFO] [net.threetag.palladium.Palladium/]: Skipping mod:curios as it's not been marked as an addonpack
[13Jul2026 19:51:11.133] [main/ERROR] [net.threetag.palladium.Palladium/]: Cannot invoke "net.threetag.palladium.addonpack.PackData.getId()" because "packData" is null
[13Jul2026 19:51:11.134] [main/INFO] [net.threetag.palladium.Palladium/]: Skipping mod:difficultychaosintegration as it's not been marked as an addonpack
[13Jul2026 19:51:11.134] [main/ERROR] [net.threetag.palladium.Palladium/]: Cannot invoke "net.threetag.palladium.addonpack.PackData.getId()" because "packData" is null
[13Jul2026 19:51:11.134] [main/INFO] [net.threetag.palladium.Palladium/]: Skipping mod:doubledoors as it's not been marked as an addonpack
[13Jul2026 19:51:11.134] [main/ERROR] [net.threetag.palladium.Palladium/]: Cannot invoke "net.threetag.palladium.addonpack.PackData.getId()" because "packData" is null
[13Jul2026 19:51:11.134] [main/INFO] [net.threetag.palladium.Palladium/]: Skipping mod:dungeoncrawl as it's not been marked as an addonpack
[13Jul2026 19:51:11.134] [main/ERROR] [net.threetag.palladium.Palladium/]: Cannot invoke "net.threetag.palladium.addonpack.PackData.getId()" because "packData" is null
[13Jul2026 19:51:11.134] [main/INFO] [net.threetag.palladium.Palladium/]: Skipping mod:dungeons_and_combat as it's not been marked as an addonpack
[13Jul2026 19:51:11.134] [main/ERROR] [net.threetag.palladium.Palladium/]: Cannot invoke "net.threetag.palladium.addonpack.PackData.getId()" because "packData" is null
[13Jul2026 19:51:11.135] [main/INFO] [net.threetag.palladium.Palladium/]: Skipping mod:dungeons_arise as it's not been marked as an addonpack
[13Jul2026 19:51:11.135] [main/ERROR] [net.threetag.palladium.Palladium/]: Cannot invoke "net.threetag.palladium.addonpack.PackData.getId()" because "packData" is null
[13Jul2026 19:51:11.135] [main/INFO] [net.threetag.palladium.Palladium/]: Skipping mod:dynamiclights as it's not been marked as an addonpack
[13Jul2026 19:51:11.135] [main/ERROR] [net.threetag.palladium.Palladium/]: Cannot invoke "net.threetag.palladium.addonpack.PackData.getId()" because "packData" is null
[13Jul2026 19:51:11.135] [main/INFO] [net.threetag.palladium.Palladium/]: Skipping mod:easy_villagers as it's not been marked as an addonpack
[13Jul2026 19:51:11.135] [main/ERROR] [net.threetag.palladium.Palladium/]: Cannot invoke "net.threetag.palladium.addonpack.PackData.getId()" because "packData" is null
[13Jul2026 19:51:11.136] [main/INFO] [net.threetag.palladium.Palladium/]: Skipping mod:eeeabsmobs as it's not been marked as an addonpack
[13Jul2026 19:51:11.136] [main/ERROR] [net.threetag.palladium.Palladium/]: Cannot invoke "net.threetag.palladium.addonpack.PackData.getId()" because "packData" is null
[13Jul2026 19:51:11.136] [main/INFO] [net.threetag.palladium.Palladium/]: Skipping mod:expandability as it's not been marked as an addonpack
[13Jul2026 19:51:11.136] [main/ERROR] [net.threetag.palladium.Palladium/]: Cannot invoke "net.threetag.palladium.addonpack.PackData.getId()" because "packData" is null
[13Jul2026 19:51:11.136] [main/INFO] [net.threetag.palladium.Palladium/]: Skipping mod:explorerscompass as it's not been marked as an addonpack
[13Jul2026 19:51:11.136] [main/ERROR] [net.threetag.palladium.Palladium/]: Cannot invoke "net.threetag.palladium.addonpack.PackData.getId()" because "packData" is null
[13Jul2026 19:51:11.136] [main/INFO] [net.threetag.palladium.Palladium/]: Skipping mod:explorify as it's not been marked as an addonpack
[13Jul2026 19:51:11.137] [main/ERROR] [net.threetag.palladium.Palladium/]: Cannot invoke "net.threetag.palladium.addonpack.PackData.getId()" because "packData" is null
[13Jul2026 19:51:11.137] [main/INFO] [net.threetag.palladium.Palladium/]: Skipping mod:fabric_api_base as it's not been marked as an addonpack
[13Jul2026 19:51:11.137] [main/ERROR] [net.threetag.palladium.Palladium/]: Cannot invoke "net.threetag.palladium.addonpack.PackData.getId()" because "packData" is null
[13Jul2026 19:51:11.137] [main/INFO] [net.threetag.palladium.Palladium/]: Skipping mod:fabric_data_attachment_api_v1 as it's not been marked as an addonpack
[13Jul2026 19:51:11.137] [main/ERROR] [net.threetag.palladium.Palladium/]: Cannot invoke "net.threetag.palladium.addonpack.PackData.getId()" because "packData" is null
[13Jul2026 19:51:11.137] [main/INFO] [net.threetag.palladium.Palladium/]: Skipping mod:fabric_entity_events_v1 as it's not been marked as an addonpack
[13Jul2026 19:51:11.137] [main/ERROR] [net.threetag.palladium.Palladium/]: Cannot invoke "net.threetag.palladium.addonpack.PackData.getId()" because "packData" is null
[13Jul2026 19:51:11.138] [main/INFO] [net.threetag.palladium.Palladium/]: Skipping mod:fabric_object_builder_api_v1 as it's not been marked as an addonpack
[13Jul2026 19:51:11.138] [main/ERROR] [net.threetag.palladium.Palladium/]: Cannot invoke "net.threetag.palladium.addonpack.PackData.getId()" because "packData" is null
[13Jul2026 19:51:11.138] [main/INFO] [net.threetag.palladium.Palladium/]: Skipping mod:fallingtree as it's not been marked as an addonpack
[13Jul2026 19:51:11.138] [main/ERROR] [net.threetag.palladium.Palladium/]: Cannot invoke "net.threetag.palladium.addonpack.PackData.getId()" because "packData" is null
[13Jul2026 19:51:11.138] [main/INFO] [net.threetag.palladium.Palladium/]: Skipping mod:fdbosses as it's not been marked as an addonpack
[13Jul2026 19:51:11.138] [main/ERROR] [net.threetag.palladium.Palladium/]: Cannot invoke "net.threetag.palladium.addonpack.PackData.getId()" because "packData" is null
[13Jul2026 19:51:11.139] [main/INFO] [net.threetag.palladium.Palladium/]: Skipping mod:fdlib as it's not been marked as an addonpack
[13Jul2026 19:51:11.139] [main/ERROR] [net.threetag.palladium.Palladium/]: Cannot invoke "net.threetag.palladium.addonpack.PackData.getId()" because "packData" is null
[13Jul2026 19:51:11.139] [main/INFO] [net.threetag.palladium.Palladium/]: Skipping mod:forge as it's not been marked as an addonpack
[13Jul2026 19:51:11.139] [main/ERROR] [net.threetag.palladium.Palladium/]: Cannot invoke "net.threetag.palladium.addonpack.PackData.getId()" because "packData" is null
[13Jul2026 19:51:11.139] [main/INFO] [net.threetag.palladium.Palladium/]: Skipping mod:framework as it's not been marked as an addonpack
[13Jul2026 19:51:11.139] [main/ERROR] [net.threetag.palladium.Palladium/]: Cannot invoke "net.threetag.palladium.addonpack.PackData.getId()" because "packData" is null
[13Jul2026 19:51:11.140] [main/INFO] [net.threetag.palladium.Palladium/]: Skipping mod:geckolib as it's not been marked as an addonpack
[13Jul2026 19:51:11.140] [main/ERROR] [net.threetag.palladium.Palladium/]: Cannot invoke "net.threetag.palladium.addonpack.PackData.getId()" because "packData" is null
[13Jul2026 19:51:11.140] [main/INFO] [net.threetag.palladium.Palladium/]: Skipping mod:glitchcore as it's not been marked as an addonpack
[13Jul2026 19:51:11.141] [main/ERROR] [net.threetag.palladium.Palladium/]: Cannot invoke "net.threetag.palladium.addonpack.PackData.getId()" because "packData" is null
[13Jul2026 19:51:11.141] [main/INFO] [net.threetag.palladium.Palladium/]: Skipping mod:gravestone as it's not been marked as an addonpack
[13Jul2026 19:51:11.141] [main/ERROR] [net.threetag.palladium.Palladium/]: Cannot invoke "net.threetag.palladium.addonpack.PackData.getId()" because "packData" is null
[13Jul2026 19:51:11.141] [main/INFO] [net.threetag.palladium.Palladium/]: Skipping mod:illageandspillage as it's not been marked as an addonpack
[13Jul2026 19:51:11.141] [main/ERROR] [net.threetag.palladium.Palladium/]: Cannot invoke "net.threetag.palladium.addonpack.PackData.getId()" because "packData" is null
[13Jul2026 19:51:11.143] [main/INFO] [net.threetag.palladium.Palladium/]: Skipping mod:immediatelyfast as it's not been marked as an addonpack
[13Jul2026 19:51:11.143] [main/ERROR] [net.threetag.palladium.Palladium/]: Cannot invoke "net.threetag.palladium.addonpack.PackData.getId()" because "packData" is null
[13Jul2026 19:51:11.143] [main/INFO] [net.threetag.palladium.Palladium/]: Skipping mod:incendium as it's not been marked as an addonpack
[13Jul2026 19:51:11.144] [main/ERROR] [net.threetag.palladium.Palladium/]: Cannot invoke "net.threetag.palladium.addonpack.PackData.getId()" because "packData" is null
[13Jul2026 19:51:11.144] [main/INFO] [net.threetag.palladium.Palladium/]: Skipping mod:jei as it's not been marked as an addonpack
[13Jul2026 19:51:11.144] [main/ERROR] [net.threetag.palladium.Palladium/]: Cannot invoke "net.threetag.palladium.addonpack.PackData.getId()" because "packData" is null
[13Jul2026 19:51:11.144] [main/INFO] [net.threetag.palladium.Palladium/]: Skipping mod:kotlinforforge as it's not been marked as an addonpack
[13Jul2026 19:51:11.144] [main/ERROR] [net.threetag.palladium.Palladium/]: Cannot invoke "net.threetag.palladium.addonpack.PackData.getId()" because "packData" is null
[13Jul2026 19:51:11.144] [main/INFO] [net.threetag.palladium.Palladium/]: Skipping mod:kuma_api as it's not been marked as an addonpack
[13Jul2026 19:51:11.145] [main/ERROR] [net.threetag.palladium.Palladium/]: Cannot invoke "net.threetag.palladium.addonpack.PackData.getId()" because "packData" is null
[13Jul2026 19:51:11.145] [main/INFO] [net.threetag.palladium.Palladium/]: Skipping mod:legendary_monsters as it's not been marked as an addonpack
[13Jul2026 19:51:11.145] [main/ERROR] [net.threetag.palladium.Palladium/]: Cannot invoke "net.threetag.palladium.addonpack.PackData.getId()" because "packData" is null
[13Jul2026 19:51:11.145] [main/INFO] [net.threetag.palladium.Palladium/]: Skipping mod:lionfishapi as it's not been marked as an addonpack
[13Jul2026 19:51:11.145] [main/ERROR] [net.threetag.palladium.Palladium/]: Cannot invoke "net.threetag.palladium.addonpack.PackData.getId()" because "packData" is null
[13Jul2026 19:51:11.145] [main/INFO] [net.threetag.palladium.Palladium/]: Skipping mod:lithostitched as it's not been marked as an addonpack
[13Jul2026 19:51:11.145] [main/ERROR] [net.threetag.palladium.Palladium/]: Cannot invoke "net.threetag.palladium.addonpack.PackData.getId()" because "packData" is null
[13Jul2026 19:51:11.146] [main/INFO] [net.threetag.palladium.Palladium/]: Skipping mod:lootr as it's not been marked as an addonpack
[13Jul2026 19:51:11.146] [main/ERROR] [net.threetag.palladium.Palladium/]: Cannot invoke "net.threetag.palladium.addonpack.PackData.getId()" because "packData" is null
[13Jul2026 19:51:11.147] [main/INFO] [net.threetag.palladium.Palladium/]: Skipping mod:luminous_nether as it's not been marked as an addonpack
[13Jul2026 19:51:11.147] [main/ERROR] [net.threetag.palladium.Palladium/]: Cannot invoke "net.threetag.palladium.addonpack.PackData.getId()" because "packData" is null
[13Jul2026 19:51:11.148] [main/INFO] [net.threetag.palladium.Palladium/]: Skipping mod:majruszlibrary as it's not been marked as an addonpack
[13Jul2026 19:51:11.149] [main/ERROR] [net.threetag.palladium.Palladium/]: Cannot invoke "net.threetag.palladium.addonpack.PackData.getId()" because "packData" is null
[13Jul2026 19:51:11.149] [main/INFO] [net.threetag.palladium.Palladium/]: Skipping mod:majruszsdifficulty as it's not been marked as an addonpack
[13Jul2026 19:51:11.150] [main/ERROR] [net.threetag.palladium.Palladium/]: Cannot invoke "net.threetag.palladium.addonpack.PackData.getId()" because "packData" is null
[13Jul2026 19:51:11.150] [main/INFO] [net.threetag.palladium.Palladium/]: Skipping mod:mcwbridges as it's not been marked as an addonpack
[13Jul2026 19:51:11.151] [main/ERROR] [net.threetag.palladium.Palladium/]: Cannot invoke "net.threetag.palladium.addonpack.PackData.getId()" because "packData" is null
[13Jul2026 19:51:11.151] [main/INFO] [net.threetag.palladium.Palladium/]: Skipping mod:mcwfurnitures as it's not been marked as an addonpack
[13Jul2026 19:51:11.151] [main/ERROR] [net.threetag.palladium.Palladium/]: Cannot invoke "net.threetag.palladium.addonpack.PackData.getId()" because "packData" is null
[13Jul2026 19:51:11.151] [main/INFO] [net.threetag.palladium.Palladium/]: Skipping mod:mcwstairs as it's not been marked as an addonpack
[13Jul2026 19:51:11.152] [main/ERROR] [net.threetag.palladium.Palladium/]: Cannot invoke "net.threetag.palladium.addonpack.PackData.getId()" because "packData" is null
[13Jul2026 19:51:11.152] [main/INFO] [net.threetag.palladium.Palladium/]: Skipping mod:modernfix as it's not been marked as an addonpack
[13Jul2026 19:51:11.152] [main/ERROR] [net.threetag.palladium.Palladium/]: Cannot invoke "net.threetag.palladium.addonpack.PackData.getId()" because "packData" is null
[13Jul2026 19:51:11.152] [main/INFO] [net.threetag.palladium.Palladium/]: Skipping mod:mofus_better_end_ as it's not been marked as an addonpack
[13Jul2026 19:51:11.152] [main/ERROR] [net.threetag.palladium.Palladium/]: Cannot invoke "net.threetag.palladium.addonpack.PackData.getId()" because "packData" is null
[13Jul2026 19:51:11.152] [main/INFO] [net.threetag.palladium.Palladium/]: Skipping mod:monsterexpansion as it's not been marked as an addonpack
[13Jul2026 19:51:11.152] [main/ERROR] [net.threetag.palladium.Palladium/]: Cannot invoke "net.threetag.palladium.addonpack.PackData.getId()" because "packData" is null
[13Jul2026 19:51:11.153] [main/INFO] [net.threetag.palladium.Palladium/]: Skipping mod:mousetweaks as it's not been marked as an addonpack
[13Jul2026 19:51:11.153] [main/ERROR] [net.threetag.palladium.Palladium/]: Cannot invoke "net.threetag.palladium.addonpack.PackData.getId()" because "packData" is null
[13Jul2026 19:51:11.153] [main/INFO] [net.threetag.palladium.Palladium/]: Skipping mod:mousetweaks_x_accessories_fix as it's not been marked as an addonpack
[13Jul2026 19:51:11.153] [main/ERROR] [net.threetag.palladium.Palladium/]: Cannot invoke "net.threetag.palladium.addonpack.PackData.getId()" because "packData" is null
[13Jul2026 19:51:11.154] [main/INFO] [net.threetag.palladium.Palladium/]: Skipping mod:mowziesmobs as it's not been marked as an addonpack
[13Jul2026 19:51:11.154] [main/ERROR] [net.threetag.palladium.Palladium/]: Cannot invoke "net.threetag.palladium.addonpack.PackData.getId()" because "packData" is null
[13Jul2026 19:51:11.154] [main/INFO] [net.threetag.palladium.Palladium/]: Skipping mod:mr_dungeons_andtaverns as it's not been marked as an addonpack
[13Jul2026 19:51:11.154] [main/ERROR] [net.threetag.palladium.Palladium/]: Cannot invoke "net.threetag.palladium.addonpack.PackData.getId()" because "packData" is null
[13Jul2026 19:51:11.155] [main/INFO] [net.threetag.palladium.Palladium/]: Skipping mod:mr_limesplatus_ending as it's not been marked as an addonpack
[13Jul2026 19:51:11.155] [main/ERROR] [net.threetag.palladium.Palladium/]: Cannot invoke "net.threetag.palladium.addonpack.PackData.getId()" because "packData" is null
[13Jul2026 19:51:11.155] [main/INFO] [net.threetag.palladium.Palladium/]: Skipping mod:mru as it's not been marked as an addonpack
[13Jul2026 19:51:11.155] [main/ERROR] [net.threetag.palladium.Palladium/]: Cannot invoke "net.threetag.palladium.addonpack.PackData.getId()" because "packData" is null
[13Jul2026 19:51:11.156] [main/INFO] [net.threetag.palladium.Palladium/]: Skipping mod:mutantmonsters as it's not been marked as an addonpack
[13Jul2026 19:51:11.156] [main/ERROR] [net.threetag.palladium.Palladium/]: Cannot invoke "net.threetag.palladium.addonpack.PackData.getId()" because "packData" is null
[13Jul2026 19:51:11.156] [main/INFO] [net.threetag.palladium.Palladium/]: Skipping mod:mutantmore as it's not been marked as an addonpack
[13Jul2026 19:51:11.157] [main/ERROR] [net.threetag.palladium.Palladium/]: Cannot invoke "net.threetag.palladium.addonpack.PackData.getId()" because "packData" is null
[13Jul2026 19:51:11.157] [main/INFO] [net.threetag.palladium.Palladium/]: Skipping mod:obscure_api as it's not been marked as an addonpack
[13Jul2026 19:51:11.157] [main/ERROR] [net.threetag.palladium.Palladium/]: Cannot invoke "net.threetag.palladium.addonpack.PackData.getId()" because "packData" is null
[13Jul2026 19:51:11.157] [main/INFO] [net.threetag.palladium.Palladium/]: Skipping mod:ohthetreesyoullgrow as it's not been marked as an addonpack
[13Jul2026 19:51:11.158] [main/ERROR] [net.threetag.palladium.Palladium/]: Cannot invoke "net.threetag.palladium.addonpack.PackData.getId()" because "packData" is null
[13Jul2026 19:51:11.158] [main/INFO] [net.threetag.palladium.Palladium/]: Skipping mod:palladium as it's not been marked as an addonpack
[13Jul2026 19:51:11.158] [main/ERROR] [net.threetag.palladium.Palladium/]: Cannot invoke "net.threetag.palladium.addonpack.PackData.getId()" because "packData" is null
[13Jul2026 19:51:11.158] [main/INFO] [net.threetag.palladium.Palladium/]: Skipping mod:palladiumcore as it's not been marked as an addonpack
[13Jul2026 19:51:11.158] [main/ERROR] [net.threetag.palladium.Palladium/]: Cannot invoke "net.threetag.palladium.addonpack.PackData.getId()" because "packData" is null
[13Jul2026 19:51:11.158] [main/INFO] [net.threetag.palladium.Palladium/]: Skipping mod:patchouli as it's not been marked as an addonpack
[13Jul2026 19:51:11.159] [main/ERROR] [net.threetag.palladium.Palladium/]: Cannot invoke "net.threetag.palladium.addonpack.PackData.getId()" because "packData" is null
[13Jul2026 19:51:11.159] [main/INFO] [net.threetag.palladium.Palladium/]: Skipping mod:placebo as it's not been marked as an addonpack
[13Jul2026 19:51:11.159] [main/ERROR] [net.threetag.palladium.Palladium/]: Cannot invoke "net.threetag.palladium.addonpack.PackData.getId()" because "packData" is null
[13Jul2026 19:51:11.160] [main/INFO] [net.threetag.palladium.Palladium/]: Skipping mod:playeranimator as it's not been marked as an addonpack
[13Jul2026 19:51:11.160] [main/ERROR] [net.threetag.palladium.Palladium/]: Cannot invoke "net.threetag.palladium.addonpack.PackData.getId()" because "packData" is null
[13Jul2026 19:51:11.160] [main/INFO] [net.threetag.palladium.Palladium/]: Skipping mod:prism as it's not been marked as an addonpack
[13Jul2026 19:51:11.160] [main/ERROR] [net.threetag.palladium.Palladium/]: Cannot invoke "net.threetag.palladium.addonpack.PackData.getId()" because "packData" is null
[13Jul2026 19:51:11.161] [main/INFO] [net.threetag.palladium.Palladium/]: Skipping mod:puzzlesaccessapi as it's not been marked as an addonpack
[13Jul2026 19:51:11.161] [main/ERROR] [net.threetag.palladium.Palladium/]: Cannot invoke "net.threetag.palladium.addonpack.PackData.getId()" because "packData" is null
[13Jul2026 19:51:11.161] [main/INFO] [net.threetag.palladium.Palladium/]: Skipping mod:puzzleslib as it's not been marked as an addonpack
[13Jul2026 19:51:11.161] [main/ERROR] [net.threetag.palladium.Palladium/]: Cannot invoke "net.threetag.palladium.addonpack.PackData.getId()" because "packData" is null
[13Jul2026 19:51:11.161] [main/INFO] [net.threetag.palladium.Palladium/]: Skipping mod:refurbished_furniture as it's not been marked as an addonpack
[13Jul2026 19:51:11.161] [main/ERROR] [net.threetag.palladium.Palladium/]: Cannot invoke "net.threetag.palladium.addonpack.PackData.getId()" because "packData" is null
[13Jul2026 19:51:11.161] [main/INFO] [net.threetag.palladium.Palladium/]: Skipping mod:scalinghealth as it's not been marked as an addonpack
[13Jul2026 19:51:11.162] [main/ERROR] [net.threetag.palladium.Palladium/]: Cannot invoke "net.threetag.palladium.addonpack.PackData.getId()" because "packData" is null
[13Jul2026 19:51:11.162] [main/INFO] [net.threetag.palladium.Palladium/]: Skipping mod:silentlib as it's not been marked as an addonpack
[13Jul2026 19:51:11.162] [main/ERROR] [net.threetag.palladium.Palladium/]: Cannot invoke "net.threetag.palladium.addonpack.PackData.getId()" because "packData" is null
[13Jul2026 19:51:11.162] [main/INFO] [net.threetag.palladium.Palladium/]: Skipping mod:skarrier_mobs as it's not been marked as an addonpack
[13Jul2026 19:51:11.163] [main/ERROR] [net.threetag.palladium.Palladium/]: Cannot invoke "net.threetag.palladium.addonpack.PackData.getId()" because "packData" is null
[13Jul2026 19:51:11.163] [main/INFO] [net.threetag.palladium.Palladium/]: Skipping mod:skinrestorer as it's not been marked as an addonpack
[13Jul2026 19:51:11.163] [main/ERROR] [net.threetag.palladium.Palladium/]: Cannot invoke "net.threetag.palladium.addonpack.PackData.getId()" because "packData" is null
[13Jul2026 19:51:11.163] [main/INFO] [net.threetag.palladium.Palladium/]: Skipping mod:sky_whale_ship as it's not been marked as an addonpack
[13Jul2026 19:51:11.164] [main/ERROR] [net.threetag.palladium.Palladium/]: Cannot invoke "net.threetag.palladium.addonpack.PackData.getId()" because "packData" is null
[13Jul2026 19:51:11.164] [main/INFO] [net.threetag.palladium.Palladium/]: Skipping mod:skyarena as it's not been marked as an addonpack
[13Jul2026 19:51:11.164] [main/ERROR] [net.threetag.palladium.Palladium/]: Cannot invoke "net.threetag.palladium.addonpack.PackData.getId()" because "packData" is null
[13Jul2026 19:51:11.164] [main/INFO] [net.threetag.palladium.Palladium/]: Skipping mod:sophisticatedbackpacks as it's not been marked as an addonpack
[13Jul2026 19:51:11.165] [main/ERROR] [net.threetag.palladium.Palladium/]: Cannot invoke "net.threetag.palladium.addonpack.PackData.getId()" because "packData" is null
[13Jul2026 19:51:11.165] [main/INFO] [net.threetag.palladium.Palladium/]: Skipping mod:sophisticatedcore as it's not been marked as an addonpack
[13Jul2026 19:51:11.165] [main/ERROR] [net.threetag.palladium.Palladium/]: Cannot invoke "net.threetag.palladium.addonpack.PackData.getId()" because "packData" is null
[13Jul2026 19:51:11.166] [main/INFO] [net.threetag.palladium.Palladium/]: Skipping mod:structory as it's not been marked as an addonpack
[13Jul2026 19:51:11.166] [main/ERROR] [net.threetag.palladium.Palladium/]: Cannot invoke "net.threetag.palladium.addonpack.PackData.getId()" because "packData" is null
[13Jul2026 19:51:11.166] [main/INFO] [net.threetag.palladium.Palladium/]: Skipping mod:subwild as it's not been marked as an addonpack
[13Jul2026 19:51:11.166] [main/ERROR] [net.threetag.palladium.Palladium/]: Cannot invoke "net.threetag.palladium.addonpack.PackData.getId()" because "packData" is null
[13Jul2026 19:51:11.167] [main/INFO] [net.threetag.palladium.Palladium/]: Skipping mod:takesapillage as it's not been marked as an addonpack
[13Jul2026 19:51:11.167] [main/ERROR] [net.threetag.palladium.Palladium/]: Cannot invoke "net.threetag.palladium.addonpack.PackData.getId()" because "packData" is null
[13Jul2026 19:51:11.167] [main/INFO] [net.threetag.palladium.Palladium/]: Skipping mod:terrablender as it's not been marked as an addonpack
[13Jul2026 19:51:11.167] [main/ERROR] [net.threetag.palladium.Palladium/]: Cannot invoke "net.threetag.palladium.addonpack.PackData.getId()" because "packData" is null
[13Jul2026 19:51:11.168] [main/INFO] [net.threetag.palladium.Palladium/]: Skipping mod:terramity as it's not been marked as an addonpack
[13Jul2026 19:51:11.168] [main/ERROR] [net.threetag.palladium.Palladium/]: Cannot invoke "net.threetag.palladium.addonpack.PackData.getId()" because "packData" is null
[13Jul2026 19:51:11.168] [main/INFO] [net.threetag.palladium.Palladium/]: Skipping mod:toms_storage as it's not been marked as an addonpack
[13Jul2026 19:51:11.168] [main/ERROR] [net.threetag.palladium.Palladium/]: Cannot invoke "net.threetag.palladium.addonpack.PackData.getId()" because "packData" is null
[13Jul2026 19:51:11.168] [main/INFO] [net.threetag.palladium.Palladium/]: Skipping mod:trashslot as it's not been marked as an addonpack
[13Jul2026 19:51:11.168] [main/ERROR] [net.threetag.palladium.Palladium/]: Cannot invoke "net.threetag.palladium.addonpack.PackData.getId()" because "packData" is null
[13Jul2026 19:51:11.168] [main/INFO] [net.threetag.palladium.Palladium/]: Skipping mod:underlay as it's not been marked as an addonpack
[13Jul2026 19:51:11.169] [main/ERROR] [net.threetag.palladium.Palladium/]: Cannot invoke "net.threetag.palladium.addonpack.PackData.getId()" because "packData" is null
[13Jul2026 19:51:11.169] [main/INFO] [net.threetag.palladium.Palladium/]: Skipping mod:voicechat as it's not been marked as an addonpack
[13Jul2026 19:51:11.169] [main/ERROR] [net.threetag.palladium.Palladium/]: Cannot invoke "net.threetag.palladium.addonpack.PackData.getId()" because "packData" is null
[13Jul2026 19:51:11.169] [main/INFO] [net.threetag.palladium.Palladium/]: Skipping mod:voicechat_api as it's not been marked as an addonpack
[13Jul2026 19:51:11.169] [main/ERROR] [net.threetag.palladium.Palladium/]: Cannot invoke "net.threetag.palladium.addonpack.PackData.getId()" because "packData" is null
[13Jul2026 19:51:11.169] [main/INFO] [net.threetag.palladium.Palladium/]: Skipping mod:watut as it's not been marked as an addonpack
[13Jul2026 19:51:11.169] [main/ERROR] [net.threetag.palladium.Palladium/]: Cannot invoke "net.threetag.palladium.addonpack.PackData.getId()" because "packData" is null
[13Jul2026 19:51:11.170] [main/INFO] [net.threetag.palladium.Palladium/]: Skipping mod:waystones as it's not been marked as an addonpack
[13Jul2026 19:51:11.170] [main/ERROR] [net.threetag.palladium.Palladium/]: Cannot invoke "net.threetag.palladium.addonpack.PackData.getId()" because "packData" is null
[13Jul2026 19:51:11.170] [main/INFO] [net.threetag.palladium.Palladium/]: Skipping mod:witherreincarnated as it's not been marked as an addonpack
[13Jul2026 19:51:11.170] [main/ERROR] [net.threetag.palladium.Palladium/]: Cannot invoke "net.threetag.palladium.addonpack.PackData.getId()" because "packData" is null
[13Jul2026 19:51:11.170] [main/INFO] [net.threetag.palladium.Palladium/]: Skipping mod:yet_another_config_lib_v3 as it's not been marked as an addonpack
[13Jul2026 19:51:11.170] [main/ERROR] [net.threetag.palladium.Palladium/]: Cannot invoke "net.threetag.palladium.addonpack.PackData.getId()" because "packData" is null
[13Jul2026 19:51:11.170] [main/INFO] [net.threetag.palladium.Palladium/]: Skipping mod:yungsapi as it's not been marked as an addonpack
[13Jul2026 19:51:11.171] [main/ERROR] [net.threetag.palladium.Palladium/]: Cannot invoke "net.threetag.palladium.addonpack.PackData.getId()" because "packData" is null
[13Jul2026 19:51:11.174] [main/INFO] [net.minecraft.server.packs.resources.ReloadableResourceManager/]: Reloading ResourceManager: accessories-neoforge-1.0.0-beta.48+1.20.1.jar, alexscaves-2.0.2.jar, alexsmobs-1.22.9.jar, aquamirae-forge-1.20.1-6.4.0.jar, architectury-9.2.14-forge.jar, artifacts-forge-9.5.19.jar, ATi Structures Default V1.4.2 (1.20+).jar, balm-forge-1.20.1-7.3.38-all.jar, bettercombat-forge-1.9.0%2B1.20.1.jar, betterendcities-1.0.0-1.20.1.jar, YungsBetterEndIsland-1.20-Forge-2.0.6.jar, YungsBetterNetherFortresses-1.20-Forge-2.0.6.jar, YungsBetterStrongholds-1.20-Forge-4.0.3.jar, bfendcities-1.0.jar, Oh-The-Biomes-Weve-Gone-Forge-1.8.0.jar, block_factorys_bosses-2.1.2-forge-1.20.1.jar, Bookshelf-Forge-1.20.1-20.2.15.jar, born_in_chaos_%5BForge%5D1.20.1_1.7.5.jar, BOMD-Forge-1.20.1-1.1.2.jar, BridgingMod-2.5.1+1.20.1.forge-release.jar, caelus-forge-3.2.0+1.20.1.jar, carryon-forge-1.20.1-2.1.2.7.jar, L_Enders_Cataclysm-3.31.jar, accessories_cclayer-7.4.0-beta.18+1.20.1.jar, CerbonsAPI-Forge-1.20.1-1.1.0.jar, citadel-2.6.3-1.20.1.jar, cloth-config-11.1.136-forge.jar, collective-1.20.1-8.39.jar, Corgilib-Forge-1.20.1-4.0.3.4.jar, coroutil-forge-1.20.1-1.3.7.jar, [forge]ctov-3.4.14.jar, accessories_cclayer-7.4.0-beta.18+1.20.1.jar, Progressive Difficulty Chaos Integration-1.0.1-1.20.1.jar, doubledoors-1.20.1-7.2.jar, Dungeon Crawl-1.20.1-2.3.15.jar, dungeons_and_combat-1.2.4-forge-1.20.1.jar, DungeonsArise-1.20.x-2.1.58-release.jar, dynamiclights-v1.9-mc1.17-1.21.5-mod.jar, easy-villagers-forge-1.20.1-1.1.39.jar, eeeabsmobs-1.20.1-0.98.1.jar, expandability-forge-9.0.4.jar, ExplorersCompass-1.20.1-1.4.0-forge.jar, Explorify v1.6.5.mod.jar, fabric-api-base-0.4.31+ef105b4977.jar, fabric-data-attachment-api-v1-1.0.0+30ef839e77.jar, fabric-entity-events-v1-1.6.0+6274ab9d77.jar, fabric-object-builder-api-v1-11.1.3+2174fc8477.jar, FallingTree-1.20.1-4.3.4.jar, fdbosses-3.1.0.3-1.20.1.jar, fdlib-1.0.9-1.20.1.jar, forge-1.20.1-47.4.20-universal.jar, framework-forge-1.20.1-0.8.0.jar, geckolib-forge-1.20.1-4.8.4.jar, GlitchCore-forge-1.20.1-0.0.1.1.jar, gravestone-forge-1.20.1-1.0.35.jar, illageandspillagerespillaged-1.2.8.jar, ImmediatelyFast-Forge-1.5.5+1.20.4.jar, Incendium_1.20.x_v5.3.5.jar, jei-1.20.1-forge-15.20.0.130-async-30.jar, kffmod-4.12.0.jar, kuma-api-forge-20.1.12+1.20.1.jar, legendarymonsters-2.1.18%20MC%201.20.1.jar, lionfishapi-3.0.jar, lithostitched-forge-1.20.1-1.4.11.jar, lootr-forge-1.20-0.7.35.94.jar, Luminous Nether V1.3.2 - Forge 1.20.1.jar, majrusz-library-forge-1.20.1-7.0.8.jar, majruszs-difficulty-forge-1.20.1-1.9.10.jar, mcw-bridges-3.1.2-mc1.20.1forge.jar, mcw-furniture-3.4.1-mc1.20.1forge.jar, mcw-mcwstairs-1.0.2-mc1.20.1forge.jar, modernfix-forge-5.27.58+mc1.20.1.jar, mofus_broken_constellation-0.9.0-forge-1.20.1.jar, monsterexpansion-1.20.1-v0.6.3.jar, MouseTweaks-forge-mc1.20.1-2.25.1.jar, mousetweaks-x-accessories-fix-1.4.0.jar, mowziesmobs-1.8.2.jar, dungeons-and-taverns-3.0.3.f[Forge].jar, tru.e-ending-v1.1.0c.jar, MRU-1.0.4+1.20.1+forge.jar, MutantMonsters-v8.0.8-1.20.1-Forge.jar, mutantmore-1.20.1-early_access-2.0.0.jar, obscure_api-18.jar, Oh-The-Trees-Youll-Grow-forge-1.20.1-1.7.0.jar, palladium-4.5.6%2B1.20.1-forge.jar, palladiumcore-forge-1.0.1+1.20.1-forge.jar, Patchouli-1.20.1-85-FORGE.jar, Placebo-1.20.1-8.6.3.jar, player-animation-lib-forge-1.0.2-rc1+1.20.jar, Prism-1.20.1-forge-1.0.5.jar, puzzlesaccessapi-forge-20.1.1.jar, PuzzlesLib-v8.1.33-1.20.1-Forge.jar, refurbished_furniture-forge-1.20.1-1.0.20.jar, ScalingHealth-1.20.1-8.0.2+9.jar, silent-lib-1.20.1-8.0.0.jar, skarrier_mobs-1.0.5(beta)-forge-1.20.1.jar, skinrestorer-2.8.1+1.20-forge.jar, sky_whale_ship-1.20.1.jar, SkyArena-1.3.6-1.20.1.jar, sophisticatedbackpacks-1.20.1-3.24.51.1864.jar, sophisticatedcore-1.20.1-1.3.47.1995.jar, Structory_1.20.x_v1.3.5.jar, subwild-1.0.4-1.20.1.jar, takesapillage-1.0.3-1.20.1.jar, TerraBlender-forge-1.20.1-3.0.1.10.jar, terramity-0.9.8-forge-1.20.1.jar, toms_storage-1.20-1.7.1.jar, trashslot-forge-1.20.1-15.1.5.jar, underlay-1.0.2-forge-mc1.20.1.jar, voicechat-forge-1.20.1-2.6.20.jar, voicechat-forge-1.20.1-2.6.20.jar, watut-forge-1.20.1-1.2.3.jar, waystones-forge-1.20.1-14.1.20.jar, witherreincarnated-1.20.1-1.0.5.jar, yet_another_config_lib_v3-3.6.6+1.20.1-forge.jar, YungsApi-1.20-Forge-4.0.6.jar
[13Jul2026 19:51:11.322] [main/INFO] [net.threetag.palladium.Palladium/]: Registered 0 addonpack creative_mode_tab
[13Jul2026 19:51:11.323] [main/INFO] [net.threetag.palladium.Palladium/]: Registered 0 addonpack armor materials
[13Jul2026 19:51:11.323] [main/INFO] [net.threetag.palladium.Palladium/]: Registered 0 addonpack tool tiers
[13Jul2026 19:51:11.324] [main/INFO] [net.threetag.palladium.Palladium/]: Registered 0 addonpack block
[13Jul2026 19:51:11.324] [main/INFO] [net.threetag.palladium.Palladium/]: Registered 0 addonpack item
[13Jul2026 19:51:11.324] [main/INFO] [net.threetag.palladium.Palladium/]: Registered 0 addonpack suit_set
[13Jul2026 19:51:11.324] [main/INFO] [net.threetag.palladium.Palladium/]: Registered 0 addonpack particle_type
[13Jul2026 19:51:11.324] [main/INFO] [net.threetag.palladium.Palladium/]: Registered 0 addonpack point_of_interest_type
[13Jul2026 19:51:11.324] [main/INFO] [net.threetag.palladium.Palladium/]: Registered 0 addonpack villager_profession
[13Jul2026 19:51:11.325] [main/INFO] [net.threetag.palladium.Palladium/]: Registered 0 addonpack accessory slots
[13Jul2026 19:51:11.325] [main/INFO] [net.threetag.palladium.Palladium/]: Registered 0 addonpack accessories
[13Jul2026 19:51:11.325] [main/INFO] [net.threetag.palladium.Palladium/]: Finished addonpack initialisation!
[13Jul2026 19:51:15.661] [main/WARN] [dev.architectury.registry.registries.forge.RegistrarManagerImpl/]: Registry entry listened Registry Entry [minecraft:entity_type / artifacts:mimic] was not realized!
[13Jul2026 19:51:15.661] [main/WARN] [dev.architectury.registry.registries.forge.RegistrarManagerImpl/]: Registry entry listened Registry Entry [minecraft:entity_type / artifacts:mimic] was not realized!
[13Jul2026 19:51:17.281] [main/INFO] [ModernFix/]: Bypassed Mojang DFU
[13Jul2026 19:51:17.282] [main/INFO] [ModernFix/]: Instantiating Mojang DFU
[13Jul2026 19:51:19.011] [main/WARN] [net.minecraft.network.syncher.SynchedEntityData/]: defineId called for: class net.mcreator.borninchaosv.entity.BabySpiderEntity from class net.mcreator.borninchaosv.entity.MotherSpiderEntity
[13Jul2026 19:51:19.026] [main/WARN] [net.minecraft.network.syncher.SynchedEntityData/]: defineId called for: class com.github.alexmodguy.alexscaves.server.entity.living.TremorzillaEntity from class com.github.alexmodguy.alexscaves.server.entity.living.LicowitchEntity
[13Jul2026 19:51:19.575] [main/WARN] [net.minecraftforge.common.ForgeConfigSpec/CORE]: Configuration file /workspaces/A/servidor_minecraft/config/mutantmore/mutant_wither_skeleton/mutant_wither_skeleton_rewards-common.toml is not correct. Correcting
[13Jul2026 19:51:19.576] [main/WARN] [net.minecraftforge.common.ForgeConfigSpec/CORE]: Incorrect key MUTANT WITHER SKELETON ARMOUR.Armour Toughness Value (default: 0) was corrected from 0.0 to its default, 0.0. 
[13Jul2026 19:51:19.576] [main/WARN] [net.minecraftforge.common.ForgeConfigSpec/CORE]: Incorrect key MUTANT WITHER SKELETON ARMOUR.Knockback Resistance (default: 0.1) was corrected from 0.1 to its default, 0.1. 
[13Jul2026 19:51:19.592] [main/WARN] [net.minecraftforge.common.ForgeConfigSpec/CORE]: Configuration file /workspaces/A/servidor_minecraft/config/mutantmore/mutant_hoglin/mutant_hoglin-common.toml is not correct. Correcting
[13Jul2026 19:51:19.593] [main/WARN] [net.minecraftforge.common.ForgeConfigSpec/CORE]: Incorrect key ENRAGING.Hurt Enrage Amount (stacks, Mutant Hoglin is fully enraged when enragedAmount reaches 1, default: 0.15) was corrected from 0.15 to its default, 0.15. 
[13Jul2026 19:51:19.593] [main/WARN] [net.minecraftforge.common.ForgeConfigSpec/CORE]: Incorrect key ENRAGING.Enrage Lower Speed (per tick, default: 0.05) was corrected from 0.05 to its default, 0.05. 
[13Jul2026 19:51:19.593] [main/WARN] [net.minecraftforge.common.ForgeConfigSpec/CORE]: Incorrect key ENRAGING.Enraged Speed Multiplier (end result is 1 + enragedAmount * this, default: 0.25) was corrected from 0.25 to its default, 0.25. 
[13Jul2026 19:51:19.593] [main/WARN] [net.minecraftforge.common.ForgeConfigSpec/CORE]: Incorrect key ENRAGING.Enraged Damage Multiplier (end result is 1 + enragedAmount * this, default: 0.5) was corrected from 0.5 to its default, 0.5. 
[13Jul2026 19:51:19.593] [main/WARN] [net.minecraftforge.common.ForgeConfigSpec/CORE]: Incorrect key ENRAGING.Enraged Knockback Multiplier (end result is 1 + enragedAmount * this, default: 0.5) was corrected from 0.5 to its default, 0.5. 
[13Jul2026 19:51:19.597] [main/WARN] [net.minecraftforge.common.ForgeConfigSpec/CORE]: Configuration file /workspaces/A/servidor_minecraft/config/mutantmore/mutant_hoglin/mutant_hoglin_rewards-common.toml is not correct. Correcting
[13Jul2026 19:51:19.597] [main/WARN] [net.minecraftforge.common.ForgeConfigSpec/CORE]: Incorrect key HOG HELM.Armour Toughness Value (default: 3) was corrected from 3.0 to its default, 3.0. 
[13Jul2026 19:51:19.597] [main/WARN] [net.minecraftforge.common.ForgeConfigSpec/CORE]: Incorrect key HOG HELM.Knockback Resistance (default: 0.1) was corrected from 0.1 to its default, 0.1. 
[13Jul2026 19:51:19.597] [main/WARN] [net.minecraftforge.common.ForgeConfigSpec/CORE]: Incorrect key HOG HELM.Enraged Damage Multiplier (end result is 1 + Enraged effect level * this, default: 0.2) was corrected from 0.2 to its default, 0.2. 
[13Jul2026 19:51:19.610] [main/INFO] [com.tom.storagemod.StorageMod/]: Loaded Tom's Simple Storage config file toms_storage-common.toml
[13Jul2026 19:51:19.622] [main/INFO] [Puzzles Lib/]: Loading common config for mutantmonsters
[13Jul2026 19:51:19.810] [modloading-worker-0/INFO] [dynamiclights/]: [Dynamic Lights] Loaded Dynamic Lights by Tschipcraft successfully!
[13Jul2026 19:51:19.883] [modloading-worker-0/INFO] [com.tom.storagemod.StorageMod/]: Tom's Storage Setup starting
[13Jul2026 19:51:19.886] [modloading-worker-0/INFO] [com.tom.storagemod.StorageMod/]: Initilaized Network Handler
[13Jul2026 19:51:19.892] [modloading-worker-0/INFO] [Dungeon Crawl/]: Common Setup
[13Jul2026 19:51:19.903] [Forge Version Check/INFO] [net.minecraftforge.fml.VersionChecker/]: [majruszsdifficulty] Starting version check at https://raw.githubusercontent.com/Majrusz/MinecraftCommon/main/ProgressiveDifficulty/update.json
[13Jul2026 19:51:19.910] [modloading-worker-0/INFO] [voicechat/]: [voicechat] Compatibility version 20
[13Jul2026 19:51:19.937] [modloading-worker-0/INFO] [CorgiLib/]: Initializing network...
[13Jul2026 19:51:19.940] [modloading-worker-0/INFO] [CorgiLib/]: Initialized network!
[13Jul2026 19:51:19.958] [modloading-worker-0/INFO] [net.jrdemiurge.skyarena.SkyArena/]: Registering triggers...
[13Jul2026 19:51:19.978] [Forge Version Check/INFO] [net.minecraftforge.fml.VersionChecker/]: [majruszsdifficulty] Found status: UP_TO_DATE Current: 1.9.10 Target: null
[13Jul2026 19:51:19.978] [Forge Version Check/INFO] [net.minecraftforge.fml.VersionChecker/]: [dynamiclights] Starting version check at https://api.modrinth.com/updates/7YjclEGc/forge_updates.json?forge=only
[13Jul2026 19:51:19.989] [Thread-0/INFO] [ModernFix/]: Please use /mfsrc to reload any changed mod config files
[13Jul2026 19:51:19.996] [modloading-worker-0/INFO] [voicechat/]: [voicechat] Loading plugins
[13Jul2026 19:51:19.999] [modloading-worker-0/INFO] [voicechat/]: [voicechat] Loaded 0 plugin(s)
[13Jul2026 19:51:20.000] [modloading-worker-0/INFO] [voicechat/]: [voicechat] Initializing plugins
[13Jul2026 19:51:20.000] [modloading-worker-0/INFO] [voicechat/]: [voicechat] Initialized 0 plugin(s)
[13Jul2026 19:51:20.110] [main/INFO] [Framework/SYNCED_ENTITY_DATA]: Registered synced data key refurbished_furniture:lock_yaw for refurbished_furniture:seat
[13Jul2026 19:51:20.134] [Forge Version Check/INFO] [net.minecraftforge.fml.VersionChecker/]: [dynamiclights] Found status: UP_TO_DATE Current: 1.9+mod Target: null
[13Jul2026 19:51:20.134] [Forge Version Check/INFO] [net.minecraftforge.fml.VersionChecker/]: [palladium] Starting version check at https://squirrelcontrol.threetag.net/api/forge_updates/threetag-palladium
[13Jul2026 19:51:20.164] [main/INFO] [terrablender/]: Registered region minecraft:overworld to index 0 for type OVERWORLD
[13Jul2026 19:51:20.165] [main/INFO] [terrablender/]: Registered region minecraft:nether to index 0 for type NETHER
[13Jul2026 19:51:20.165] [main/INFO] [terrablender/]: Registered region luminous_nether:nether_region to index 1 for type NETHER
[13Jul2026 19:51:20.185] [main/INFO] [com.finderfeed.fdlib.FDLib/]: Loading FD animations...
[13Jul2026 19:51:20.185] [main/INFO] [com.finderfeed.fdlib.FDLib/]: Loading animation: fdbosses:chesed_idle
[13Jul2026 19:51:20.202] [main/INFO] [com.finderfeed.fdlib.FDLib/]: Loading animation: fdbosses:chesed_boom_attack
[13Jul2026 19:51:20.207] [main/INFO] [com.finderfeed.fdlib.FDLib/]: Loading animation: fdbosses:chesed_attack
[13Jul2026 19:51:20.211] [main/INFO] [com.finderfeed.fdlib.FDLib/]: Loading animation: fdbosses:chesed_roll_up
[13Jul2026 19:51:20.215] [main/INFO] [com.finderfeed.fdlib.FDLib/]: Loading animation: fdbosses:chesed_roll_up_end
[13Jul2026 19:51:20.217] [main/INFO] [com.finderfeed.fdlib.FDLib/]: Loading animation: fdbosses:chesed_second_phase_prepare
[13Jul2026 19:51:20.221] [main/INFO] [com.finderfeed.fdlib.FDLib/]: Loading animation: fdbosses:chesed_second_phase_strike_walls
[13Jul2026 19:51:20.224] [main/INFO] [com.finderfeed.fdlib.FDLib/]: Loading animation: fdbosses:chesed_roll_up_just_end
[13Jul2026 19:51:20.227] [main/INFO] [com.finderfeed.fdlib.FDLib/]: Loading animation: fdbosses:chesed_roll
[13Jul2026 19:51:20.231] [main/INFO] [com.finderfeed.fdlib.FDLib/]: Loading animation: fdbosses:chesed_roll_roll
[13Jul2026 19:51:20.233] [main/INFO] [com.finderfeed.fdlib.FDLib/]: Loading animation: fdbosses:chesed_cast
[13Jul2026 19:51:20.236] [main/INFO] [com.finderfeed.fdlib.FDLib/]: Loading animation: fdbosses:chesed_earthquake_cast
[13Jul2026 19:51:20.240] [main/INFO] [com.finderfeed.fdlib.FDLib/]: Loading animation: fdbosses:chesed_rockfall_cast
[13Jul2026 19:51:20.243] [main/INFO] [com.finderfeed.fdlib.FDLib/]: Loading animation: fdbosses:electric_orb_idle
[13Jul2026 19:51:20.243] [main/INFO] [com.finderfeed.fdlib.FDLib/]: Loading animation: fdbosses:chesed_crystal_spawn
[13Jul2026 19:51:20.243] [main/INFO] [com.finderfeed.fdlib.FDLib/]: Loading animation: fdbosses:chesed_monolith_idle
[13Jul2026 19:51:20.244] [main/INFO] [com.finderfeed.fdlib.FDLib/]: Loading animation: fdbosses:chesed_monolith_turn_off
[13Jul2026 19:51:20.245] [main/INFO] [com.finderfeed.fdlib.FDLib/]: Loading animation: fdbosses:kinetic_field_spawn
[13Jul2026 19:51:20.245] [main/INFO] [com.finderfeed.fdlib.FDLib/]: Loading animation: fdbosses:chesed_appear
[13Jul2026 19:51:20.249] [main/INFO] [com.finderfeed.fdlib.FDLib/]: Loading animation: fdbosses:chesed_screen_appear
[13Jul2026 19:51:20.252] [main/INFO] [com.finderfeed.fdlib.FDLib/]: Loading animation: fdbosses:chesed_death
[13Jul2026 19:51:20.259] [main/INFO] [com.finderfeed.fdlib.FDLib/]: Loading animation: fdbosses:ray_reflector_activate
[13Jul2026 19:51:20.260] [main/INFO] [com.finderfeed.fdlib.FDLib/]: Loading animation: fdbosses:test_malkuth
[13Jul2026 19:51:20.264] [main/INFO] [com.finderfeed.fdlib.FDLib/]: Loading animation: fdbosses:malkuth_idle
[13Jul2026 19:51:20.268] [main/INFO] [com.finderfeed.fdlib.FDLib/]: Loading animation: fdbosses:malkuth_slash_fire
[13Jul2026 19:51:20.272] [main/INFO] [com.finderfeed.fdlib.FDLib/]: Loading animation: fdbosses:malkuth_slash_ice
[13Jul2026 19:51:20.275] [main/INFO] [com.finderfeed.fdlib.FDLib/]: Loading animation: fdbosses:malkuth_jump_forward_prepare
[13Jul2026 19:51:20.278] [main/INFO] [com.finderfeed.fdlib.FDLib/]: Loading animation: fdbosses:malkuth_jump_crush_attack_start
[13Jul2026 19:51:20.281] [main/INFO] [com.finderfeed.fdlib.FDLib/]: Loading animation: fdbosses:malkuth_jump_crush_attack_midair
[13Jul2026 19:51:20.284] [main/INFO] [com.finderfeed.fdlib.FDLib/]: Loading animation: fdbosses:malkuth_jump_crush_attack_end
[13Jul2026 19:51:20.287] [main/INFO] [com.finderfeed.fdlib.FDLib/]: Loading animation: fdbosses:malkuth_pull_and_punch
[13Jul2026 19:51:20.291] [main/INFO] [com.finderfeed.fdlib.FDLib/]: Loading animation: fdbosses:malkuth_screen_appear
[13Jul2026 19:51:20.294] [main/INFO] [com.finderfeed.fdlib.FDLib/]: Loading animation: fdbosses:malkuth_screen_idle
[13Jul2026 19:51:20.298] [main/INFO] [com.finderfeed.fdlib.FDLib/]: Loading animation: fdbosses:malkuth_crush_attack_attack
[13Jul2026 19:51:20.300] [main/INFO] [com.finderfeed.fdlib.FDLib/]: Loading animation: fdbosses:malkuth_cannon_shoot
[13Jul2026 19:51:20.301] [main/INFO] [com.finderfeed.fdlib.FDLib/]: Loading animation: fdbosses:malkuth_cannon_break
[13Jul2026 19:51:20.301] [main/INFO] [com.finderfeed.fdlib.FDLib/]: Loading animation: fdbosses:malkuth_cannon_repair
[13Jul2026 19:51:20.301] [main/INFO] [com.finderfeed.fdlib.FDLib/]: Loading animation: fdbosses:malkuth_cannon_summon
[13Jul2026 19:51:20.302] [main/INFO] [com.finderfeed.fdlib.FDLib/]: Loading animation: fdbosses:malkuth_jump_and_land
[13Jul2026 19:51:20.307] [main/INFO] [com.finderfeed.fdlib.FDLib/]: Loading animation: fdbosses:malkuth_jump_with_crush
[13Jul2026 19:51:20.311] [main/INFO] [com.finderfeed.fdlib.FDLib/]: Loading animation: fdbosses:malkuth_jump_crush_attack_full
[13Jul2026 19:51:20.314] [main/INFO] [com.finderfeed.fdlib.FDLib/]: Loading animation: fdbosses:malkuth_sword_forward
[13Jul2026 19:51:20.318] [main/INFO] [com.finderfeed.fdlib.FDLib/]: Loading animation: fdbosses:malkuth_carousel_slash_1
[13Jul2026 19:51:20.321] [main/INFO] [com.finderfeed.fdlib.FDLib/]: Loading animation: fdbosses:malkuth_giant_sword_attack
[13Jul2026 19:51:20.324] [main/INFO] [com.finderfeed.fdlib.FDLib/]: Loading animation: fdbosses:malkuth_single_earthquake_fire
[13Jul2026 19:51:20.327] [main/INFO] [com.finderfeed.fdlib.FDLib/]: Loading animation: fdbosses:malkuth_single_earthquake_ice
[13Jul2026 19:51:20.330] [main/INFO] [com.finderfeed.fdlib.FDLib/]: Loading animation: fdbosses:malkuth_summon_throw_side_stones
[13Jul2026 19:51:20.333] [main/INFO] [com.finderfeed.fdlib.FDLib/]: Loading animation: fdbosses:malkuth_jump_to_float
[13Jul2026 19:51:20.336] [main/INFO] [com.finderfeed.fdlib.FDLib/]: Loading animation: fdbosses:malkuth_float
[13Jul2026 19:51:20.339] [main/INFO] [com.finderfeed.fdlib.FDLib/]: Loading animation: fdbosses:malkuth_summon_fireballs
[13Jul2026 19:51:20.342] [main/INFO] [com.finderfeed.fdlib.FDLib/]: Loading animation: fdbosses:malkuth_crystal_summon
[13Jul2026 19:51:20.343] [main/INFO] [com.finderfeed.fdlib.FDLib/]: Loading animation: fdbosses:malkuth_summon_anim
[13Jul2026 19:51:20.346] [main/INFO] [com.finderfeed.fdlib.FDLib/]: Loading animation: fdbosses:malkuth_warrior_idle
[13Jul2026 19:51:20.347] [main/INFO] [com.finderfeed.fdlib.FDLib/]: Loading animation: fdbosses:malkuth_warrior_attack
[13Jul2026 19:51:20.348] [main/INFO] [com.finderfeed.fdlib.FDLib/]: Loading animation: fdbosses:malkuth_warrior_walk
[13Jul2026 19:51:20.349] [main/INFO] [com.finderfeed.fdlib.FDLib/]: Loading animation: fdbosses:malkuth_warrior_slam_earth
[13Jul2026 19:51:20.351] [main/INFO] [com.finderfeed.fdlib.FDLib/]: Loading animation: fdbosses:malkuth_warrior_die
[13Jul2026 19:51:20.352] [main/INFO] [com.finderfeed.fdlib.FDLib/]: Loading animation: fdbosses:malkuth_death
[13Jul2026 19:51:20.355] [main/INFO] [com.finderfeed.fdlib.FDLib/]: Loading animation: fdbosses:geburah_stomp
[13Jul2026 19:51:20.356] [main/INFO] [com.finderfeed.fdlib.FDLib/]: Loading animation: fdbosses:geburah_fire_all_cannons
[13Jul2026 19:51:20.357] [main/INFO] [com.finderfeed.fdlib.FDLib/]: Loading animation: fdbosses:justice_hammer_smack
[13Jul2026 19:51:20.357] [main/INFO] [com.finderfeed.fdlib.FDLib/]: Loading animation: fdbosses:geburah_tilt_left
[13Jul2026 19:51:20.358] [main/INFO] [com.finderfeed.fdlib.FDLib/]: Loading animation: fdbosses:geburah_tilt_right
[13Jul2026 19:51:20.358] [main/INFO] [com.finderfeed.fdlib.FDLib/]: Loading animation: fdbosses:judgement_bird_fly
[13Jul2026 19:51:20.359] [main/INFO] [com.finderfeed.fdlib.FDLib/]: Loading animation: fdbosses:judgement_bird_cast
[13Jul2026 19:51:20.360] [main/INFO] [com.finderfeed.fdlib.FDLib/]: Loading animation: fdbosses:geburah_bell_ring
[13Jul2026 19:51:20.360] [main/INFO] [com.finderfeed.fdlib.FDLib/]: Loading animation: fdbosses:geburah_appear
[13Jul2026 19:51:20.361] [main/INFO] [com.finderfeed.fdlib.FDLib/]: Loading animation: fdbosses:chesed_item_idle
[13Jul2026 19:51:20.361] [main/INFO] [com.finderfeed.fdlib.FDLib/]: Loading animation: fdbosses:chesed_item_use
[13Jul2026 19:51:20.361] [main/INFO] [com.finderfeed.fdlib.FDLib/]: Loading animation: fdbosses:malkuth_fist_flying
[13Jul2026 19:51:20.362] [main/INFO] [com.finderfeed.fdlib.FDLib/]: Loading animation: fdbosses:malkuth_fist_grab
[13Jul2026 19:51:20.362] [main/INFO] [com.finderfeed.fdlib.FDLib/]: Loading animation: fdbosses:divine_gear_idle
[13Jul2026 19:51:20.362] [main/INFO] [com.finderfeed.fdlib.FDLib/]: Loading animation: fdbosses:divine_gear_summon
[13Jul2026 19:51:20.363] [main/INFO] [com.finderfeed.fdlib.FDLib/]: Loading animation: fdbosses:divine_gear_death
[13Jul2026 19:51:20.363] [main/INFO] [com.finderfeed.fdlib.FDLib/]: Loading animation: fdbosses:divine_gear_item_idle
[13Jul2026 19:51:20.363] [main/INFO] [com.finderfeed.fdlib.FDLib/]: Loading animation: fdlib:testanim
[13Jul2026 19:51:20.363] [main/INFO] [com.finderfeed.fdlib.FDLib/]: FD Animations loaded!
[13Jul2026 19:51:20.364] [main/INFO] [com.finderfeed.fdlib.FDLib/]: Loading FD models...
[13Jul2026 19:51:20.364] [main/INFO] [com.finderfeed.fdlib.FDLib/]: Loading model: fdbosses:chesed
[13Jul2026 19:51:20.374] [main/INFO] [com.finderfeed.fdlib.FDLib/]: Loading model: fdbosses:chesed
[13Jul2026 19:51:20.377] [main/INFO] [com.finderfeed.fdlib.FDLib/]: Loading model: fdbosses:chesed
[13Jul2026 19:51:20.379] [main/INFO] [com.finderfeed.fdlib.FDLib/]: Loading model: fdbosses:electric_orb
[13Jul2026 19:51:20.380] [main/INFO] [com.finderfeed.fdlib.FDLib/]: Loading model: fdbosses:chesed_crystal
[13Jul2026 19:51:20.380] [main/INFO] [com.finderfeed.fdlib.FDLib/]: Loading model: fdbosses:chesed_monolith
[13Jul2026 19:51:20.381] [main/INFO] [com.finderfeed.fdlib.FDLib/]: Loading model: fdbosses:chesed_kinetic_field
[13Jul2026 19:51:20.382] [main/INFO] [com.finderfeed.fdlib.FDLib/]: Loading model: fdbosses:boss_spawner
[13Jul2026 19:51:20.383] [main/INFO] [com.finderfeed.fdlib.FDLib/]: Loading model: fdbosses:boss_spawner
[13Jul2026 19:51:20.384] [main/INFO] [com.finderfeed.fdlib.FDLib/]: Loading model: fdbosses:chesed_ray_reflector
[13Jul2026 19:51:20.385] [main/INFO] [com.finderfeed.fdlib.FDLib/]: Loading model: fdbosses:wip
[13Jul2026 19:51:20.385] [main/INFO] [com.finderfeed.fdlib.FDLib/]: Loading model: fdbosses:malkuth
[13Jul2026 19:51:20.388] [main/INFO] [com.finderfeed.fdlib.FDLib/]: Loading model: fdbosses:malkuth_screen
[13Jul2026 19:51:20.390] [main/INFO] [com.finderfeed.fdlib.FDLib/]: Loading model: fdbosses:malkuth_sword
[13Jul2026 19:51:20.391] [main/INFO] [com.finderfeed.fdlib.FDLib/]: Loading model: fdbosses:malkuth_crush_attack
[13Jul2026 19:51:20.394] [main/INFO] [com.finderfeed.fdlib.FDLib/]: Loading model: fdbosses:malkuth_cannon
[13Jul2026 19:51:20.395] [main/INFO] [com.finderfeed.fdlib.FDLib/]: Loading model: fdbosses:malkuth_cannon_projectile
[13Jul2026 19:51:20.396] [main/INFO] [com.finderfeed.fdlib.FDLib/]: Loading model: fdbosses:malkuth_earthquake_part
[13Jul2026 19:51:20.396] [main/INFO] [com.finderfeed.fdlib.FDLib/]: Loading model: fdbosses:malkuth_boulder_ice
[13Jul2026 19:51:20.397] [main/INFO] [com.finderfeed.fdlib.FDLib/]: Loading model: fdbosses:malkuth_boulder_fire
[13Jul2026 19:51:20.397] [main/INFO] [com.finderfeed.fdlib.FDLib/]: Loading model: fdbosses:malkuth_platform
[13Jul2026 19:51:20.398] [main/INFO] [com.finderfeed.fdlib.FDLib/]: Loading model: fdbosses:malkuth_repair_crystal
[13Jul2026 19:51:20.399] [main/INFO] [com.finderfeed.fdlib.FDLib/]: Loading model: fdbosses:malkuth_boss_spawner
[13Jul2026 19:51:20.400] [main/INFO] [com.finderfeed.fdlib.FDLib/]: Loading model: fdbosses:malkuth_warrior
[13Jul2026 19:51:20.401] [main/INFO] [com.finderfeed.fdlib.FDLib/]: Loading model: fdbosses:geburah
[13Jul2026 19:51:20.404] [main/INFO] [com.finderfeed.fdlib.FDLib/]: Loading model: fdbosses:geburah_no_core
[13Jul2026 19:51:20.406] [main/INFO] [com.finderfeed.fdlib.FDLib/]: Loading model: fdbosses:judgement_ball
[13Jul2026 19:51:20.406] [main/INFO] [com.finderfeed.fdlib.FDLib/]: Loading model: fdbosses:judgement_ball
[13Jul2026 19:51:20.407] [main/INFO] [com.finderfeed.fdlib.FDLib/]: Loading model: fdbosses:justice_hammer
[13Jul2026 19:51:20.407] [main/INFO] [com.finderfeed.fdlib.FDLib/]: Loading model: fdbosses:judgement_bird
[13Jul2026 19:51:20.407] [main/INFO] [com.finderfeed.fdlib.FDLib/]: Loading model: fdbosses:judgement_bird
[13Jul2026 19:51:20.408] [main/INFO] [com.finderfeed.fdlib.FDLib/]: Loading model: fdbosses:geburah_bell
[13Jul2026 19:51:20.408] [main/INFO] [com.finderfeed.fdlib.FDLib/]: Loading model: fdbosses:justitia
[13Jul2026 19:51:20.409] [main/INFO] [com.finderfeed.fdlib.FDLib/]: Loading model: fdbosses:chesed_item
[13Jul2026 19:51:20.409] [main/INFO] [com.finderfeed.fdlib.FDLib/]: Loading model: fdbosses:malkuth_fist
[13Jul2026 19:51:20.410] [main/INFO] [com.finderfeed.fdlib.FDLib/]: Loading model: fdbosses:malkuth_fist
[13Jul2026 19:51:20.410] [main/INFO] [com.finderfeed.fdlib.FDLib/]: Loading model: fdbosses:malkuth_fist_flying
[13Jul2026 19:51:20.410] [main/INFO] [com.finderfeed.fdlib.FDLib/]: Loading model: fdbosses:divine_gear
[13Jul2026 19:51:20.411] [main/INFO] [com.finderfeed.fdlib.FDLib/]: Loading model: fdlib:test
[13Jul2026 19:51:20.411] [main/INFO] [com.finderfeed.fdlib.FDLib/]: Loading model: fdlib:test
[13Jul2026 19:51:20.412] [main/INFO] [com.finderfeed.fdlib.FDLib/]: FD Models loaded!
[13Jul2026 19:51:20.448] [main/INFO] [net.potionstudios.biomeswevegone.BiomesWeveGone/]: Creating and Registering BWG Biome Modifiers for Vanilla Biomes
[13Jul2026 19:51:20.449] [main/INFO] [net.potionstudios.biomeswevegone.BiomesWeveGone/]: Will add Flower Patch, Clover Patch, White Anemone, Pink Anemone, Orange Daisy, Horseweed and rose to 
[13Jul2026 19:51:20.449] [main/INFO] [net.potionstudios.biomeswevegone.BiomesWeveGone/]: Will add Flower Patch, Clover Patch, Blue Rose Bush and Blue Berry Bushes to 
[13Jul2026 19:51:20.449] [main/INFO] [net.potionstudios.biomeswevegone.BiomesWeveGone/]: Will add Flower Patch, Clover Patch, White Anemone, Pink Anemone, Orange Daisy, Horseweed and rose to 
[13Jul2026 19:51:20.450] [main/INFO] [net.potionstudios.biomeswevegone.BiomesWeveGone/]: Will add Palm Trees to 
[13Jul2026 19:51:20.450] [main/INFO] [net.potionstudios.biomeswevegone.BiomesWeveGone/]: Will add Green/Cyan/Magenta/Purple/Yellow Tulips, Rose, Orange Daisy, Flower and Clover Patches to 
[13Jul2026 19:51:20.451] [main/INFO] [net.potionstudios.biomeswevegone.BiomesWeveGone/]: Creating and Registering BWG Biome Modifiers for Vanilla Biomes
[13Jul2026 19:51:20.451] [main/INFO] [net.potionstudios.biomeswevegone.BiomesWeveGone/]: Will add Flower Patch, Clover Patch, White Anemone, Pink Anemone, Orange Daisy, Horseweed and rose to 
[13Jul2026 19:51:20.451] [main/INFO] [net.potionstudios.biomeswevegone.BiomesWeveGone/]: Will add Flower Patch, Clover Patch, White Anemone, Pink Anemone, Orange Daisy, Horseweed and rose to 
[13Jul2026 19:51:20.452] [main/INFO] [net.potionstudios.biomeswevegone.BiomesWeveGone/]: Will add Flower Patch, Clover Patch, Blue Rose Bush and Blue Berry Bushes to 
[13Jul2026 19:51:20.452] [main/INFO] [net.potionstudios.biomeswevegone.BiomesWeveGone/]: Will add Flower Patch, Clover Patch, Blue Rose Bush and Blue Berry Bushes to 
[13Jul2026 19:51:20.452] [main/INFO] [net.potionstudios.biomeswevegone.BiomesWeveGone/]: Will add Flower Patch, Clover Patch, White Anemone, Pink Anemone, Orange Daisy, Horseweed and rose to 
[13Jul2026 19:51:20.452] [main/INFO] [net.potionstudios.biomeswevegone.BiomesWeveGone/]: Will add Flower Patch, Clover Patch, White Anemone, Pink Anemone, Orange Daisy, Horseweed and rose to 
[13Jul2026 19:51:20.452] [main/INFO] [net.potionstudios.biomeswevegone.BiomesWeveGone/]: Will add Green/Cyan/Magenta/Purple/Yellow Tulips, Rose, Orange Daisy, Flower and Clover Patches to 
[13Jul2026 19:51:20.452] [main/INFO] [net.potionstudios.biomeswevegone.BiomesWeveGone/]: Will add Palm Trees to 
[13Jul2026 19:51:20.452] [main/INFO] [net.potionstudios.biomeswevegone.BiomesWeveGone/]: Will add Palm Trees to 
[13Jul2026 19:51:20.452] [main/INFO] [net.potionstudios.biomeswevegone.BiomesWeveGone/]: Will add Green/Cyan/Magenta/Purple/Yellow Tulips, Rose, Orange Daisy, Flower and Clover Patches to 
[13Jul2026 19:51:20.463] [main/INFO] [terrablender/]: Registered region biomeswevegone:region_0 to index 1 for type OVERWORLD
[13Jul2026 19:51:20.463] [main/INFO] [terrablender/]: Registered region biomeswevegone:region_1 to index 2 for type OVERWORLD
[13Jul2026 19:51:20.463] [main/INFO] [terrablender/]: Registered region biomeswevegone:region_2 to index 3 for type OVERWORLD
[13Jul2026 19:51:20.718] [Forge Version Check/INFO] [net.minecraftforge.fml.VersionChecker/]: [palladium] Found status: UP_TO_DATE Current: 4.5.6 Target: null
[13Jul2026 19:51:20.719] [Forge Version Check/INFO] [net.minecraftforge.fml.VersionChecker/]: [prism] Starting version check at https://mc-update-check.anthonyhilyard.com/638111
[13Jul2026 19:51:20.887] [modloading-worker-0/ERROR] [mixin/]: Injection error: LVT in net/minecraft/world/entity/npc/VillagerTrades$EmeraldsForVillagerTypeItem::m_213663_(Lnet/minecraft/world/entity/Entity;Lnet/minecraft/util/RandomSource;)Lnet/minecraft/world/item/trading/MerchantOffer; has incompatible changes at opcode 34 in callback fabric-object-builder-v1.mixins.json:TradeOffersTypeAwareBuyForOneEmeraldFactoryMixin->@Inject::failOnNullItem(Lnet/minecraft/world/entity/Entity;Lnet/minecraft/util/RandomSource;Lorg/spongepowered/asm/mixin/injection/callback/CallbackInfoReturnable;Lnet/minecraft/world/item/ItemStack;)V.
 Expected: [Lnet/minecraft/world/item/ItemStack;]
    Found: [Lnet/minecraft/world/item/Item;]
Available: [Lnet/minecraft/world/item/Item;, Lnet/minecraft/world/item/ItemStack;]
[13Jul2026 19:51:20.931] [main/INFO] [citadel/]: adding citadel surface rules via terrablender...
[13Jul2026 19:51:20.931] [main/INFO] [citadel/]: Added 0 vanilla biome surface rule types via terrablender
[13Jul2026 19:51:20.932] [main/INFO] [citadel/]: Added 1 modded biome surface rule types via terrablender
[13Jul2026 19:51:20.998] [Forge Version Check/INFO] [net.minecraftforge.fml.VersionChecker/]: [prism] Found status: UP_TO_DATE Current: 1.0.5 Target: null
[13Jul2026 19:51:20.998] [Forge Version Check/INFO] [net.minecraftforge.fml.VersionChecker/]: [mcwstairs] Starting version check at https://raw.githubusercontent.com/sketchmacaw/macawsmods/master/stairs.json
[13Jul2026 19:51:21.009] [Forge Version Check/INFO] [net.minecraftforge.fml.VersionChecker/]: [mcwstairs] Found status: UP_TO_DATE Current: 1.0.2 Target: null
[13Jul2026 19:51:21.009] [Forge Version Check/INFO] [net.minecraftforge.fml.VersionChecker/]: [bookshelf] Starting version check at https://updates.blamejared.com/get?n=bookshelf&gv=1.20.1
[13Jul2026 19:51:21.177] [main/ERROR] [net.minecraft.Util/]: Entity illageandspillage:bone has no attributes
[13Jul2026 19:51:21.177] [main/ERROR] [net.minecraft.Util/]: Entity illageandspillage:axe has no attributes
[13Jul2026 19:51:21.178] [main/ERROR] [net.minecraft.Util/]: Entity legendary_monsters:resurrected_javelin has no attributes
[13Jul2026 19:51:21.178] [main/ERROR] [net.minecraft.Util/]: Entity illageandspillage:bone has no attributes
[13Jul2026 19:51:21.178] [main/ERROR] [net.minecraft.Util/]: Entity illageandspillage:axe has no attributes
[13Jul2026 19:51:21.178] [main/ERROR] [net.minecraft.Util/]: Entity legendary_monsters:resurrected_javelin has no attributes
[13Jul2026 19:51:21.179] [main/ERROR] [net.minecraft.Util/]: Entity illageandspillage:bone has no attributes
[13Jul2026 19:51:21.179] [main/ERROR] [net.minecraft.Util/]: Entity illageandspillage:axe has no attributes
[13Jul2026 19:51:21.179] [main/ERROR] [net.minecraft.Util/]: Entity legendary_monsters:resurrected_javelin has no attributes
[13Jul2026 19:51:21.179] [main/ERROR] [net.minecraft.Util/]: Entity illageandspillage:bone has no attributes
[13Jul2026 19:51:21.179] [main/ERROR] [net.minecraft.Util/]: Entity illageandspillage:axe has no attributes
[13Jul2026 19:51:21.179] [main/ERROR] [net.minecraft.Util/]: Entity legendary_monsters:resurrected_javelin has no attributes
[13Jul2026 19:51:21.180] [main/ERROR] [net.minecraft.Util/]: Entity illageandspillage:bone has no attributes
[13Jul2026 19:51:21.180] [main/ERROR] [net.minecraft.Util/]: Entity illageandspillage:axe has no attributes
[13Jul2026 19:51:21.180] [main/ERROR] [net.minecraft.Util/]: Entity legendary_monsters:resurrected_javelin has no attributes
[13Jul2026 19:51:21.180] [main/ERROR] [net.minecraft.Util/]: Entity illageandspillage:bone has no attributes
[13Jul2026 19:51:21.180] [main/ERROR] [net.minecraft.Util/]: Entity illageandspillage:axe has no attributes
[13Jul2026 19:51:21.180] [main/ERROR] [net.minecraft.Util/]: Entity legendary_monsters:resurrected_javelin has no attributes
[13Jul2026 19:51:21.181] [main/ERROR] [net.minecraft.Util/]: Entity illageandspillage:bone has no attributes
[13Jul2026 19:51:21.181] [main/ERROR] [net.minecraft.Util/]: Entity illageandspillage:axe has no attributes
[13Jul2026 19:51:21.181] [main/ERROR] [net.minecraft.Util/]: Entity legendary_monsters:resurrected_javelin has no attributes
[13Jul2026 19:51:21.181] [main/ERROR] [net.minecraft.Util/]: Entity illageandspillage:bone has no attributes
[13Jul2026 19:51:21.181] [main/ERROR] [net.minecraft.Util/]: Entity illageandspillage:axe has no attributes
[13Jul2026 19:51:21.181] [main/ERROR] [net.minecraft.Util/]: Entity legendary_monsters:resurrected_javelin has no attributes
[13Jul2026 19:51:21.182] [main/ERROR] [net.minecraft.Util/]: Entity illageandspillage:bone has no attributes
[13Jul2026 19:51:21.182] [main/ERROR] [net.minecraft.Util/]: Entity illageandspillage:axe has no attributes
[13Jul2026 19:51:21.182] [main/ERROR] [net.minecraft.Util/]: Entity legendary_monsters:resurrected_javelin has no attributes
[13Jul2026 19:51:21.182] [main/ERROR] [net.minecraft.Util/]: Entity illageandspillage:bone has no attributes
[13Jul2026 19:51:21.182] [main/ERROR] [net.minecraft.Util/]: Entity illageandspillage:axe has no attributes
[13Jul2026 19:51:21.182] [main/ERROR] [net.minecraft.Util/]: Entity legendary_monsters:resurrected_javelin has no attributes
[13Jul2026 19:51:21.183] [main/ERROR] [net.minecraft.Util/]: Entity illageandspillage:bone has no attributes
[13Jul2026 19:51:21.183] [main/ERROR] [net.minecraft.Util/]: Entity illageandspillage:axe has no attributes
[13Jul2026 19:51:21.183] [main/ERROR] [net.minecraft.Util/]: Entity legendary_monsters:resurrected_javelin has no attributes
[13Jul2026 19:51:21.183] [main/ERROR] [net.minecraft.Util/]: Entity illageandspillage:bone has no attributes
[13Jul2026 19:51:21.183] [main/ERROR] [net.minecraft.Util/]: Entity illageandspillage:axe has no attributes
[13Jul2026 19:51:21.183] [main/ERROR] [net.minecraft.Util/]: Entity legendary_monsters:resurrected_javelin has no attributes
[13Jul2026 19:51:21.184] [main/ERROR] [net.minecraft.Util/]: Entity illageandspillage:bone has no attributes
[13Jul2026 19:51:21.184] [main/ERROR] [net.minecraft.Util/]: Entity illageandspillage:axe has no attributes
[13Jul2026 19:51:21.184] [main/ERROR] [net.minecraft.Util/]: Entity legendary_monsters:resurrected_javelin has no attributes
[13Jul2026 19:51:21.184] [main/ERROR] [net.minecraft.Util/]: Entity illageandspillage:bone has no attributes
[13Jul2026 19:51:21.184] [main/ERROR] [net.minecraft.Util/]: Entity illageandspillage:axe has no attributes
[13Jul2026 19:51:21.184] [main/ERROR] [net.minecraft.Util/]: Entity legendary_monsters:resurrected_javelin has no attributes
[13Jul2026 19:51:21.185] [main/ERROR] [net.minecraft.Util/]: Entity illageandspillage:bone has no attributes
[13Jul2026 19:51:21.185] [main/ERROR] [net.minecraft.Util/]: Entity illageandspillage:axe has no attributes
[13Jul2026 19:51:21.185] [main/ERROR] [net.minecraft.Util/]: Entity legendary_monsters:resurrected_javelin has no attributes
[13Jul2026 19:51:21.185] [main/ERROR] [net.minecraft.Util/]: Entity illageandspillage:bone has no attributes
[13Jul2026 19:51:21.185] [main/ERROR] [net.minecraft.Util/]: Entity illageandspillage:axe has no attributes
[13Jul2026 19:51:21.185] [main/ERROR] [net.minecraft.Util/]: Entity legendary_monsters:resurrected_javelin has no attributes
[13Jul2026 19:51:21.186] [main/ERROR] [net.minecraft.Util/]: Entity illageandspillage:bone has no attributes
[13Jul2026 19:51:21.186] [main/ERROR] [net.minecraft.Util/]: Entity illageandspillage:axe has no attributes
[13Jul2026 19:51:21.186] [main/ERROR] [net.minecraft.Util/]: Entity legendary_monsters:resurrected_javelin has no attributes
[13Jul2026 19:51:21.186] [main/ERROR] [net.minecraft.Util/]: Entity illageandspillage:bone has no attributes
[13Jul2026 19:51:21.186] [main/ERROR] [net.minecraft.Util/]: Entity illageandspillage:axe has no attributes
[13Jul2026 19:51:21.186] [main/ERROR] [net.minecraft.Util/]: Entity legendary_monsters:resurrected_javelin has no attributes
[13Jul2026 19:51:21.186] [main/ERROR] [net.minecraft.Util/]: Entity illageandspillage:bone has no attributes
[13Jul2026 19:51:21.187] [main/ERROR] [net.minecraft.Util/]: Entity illageandspillage:axe has no attributes
[13Jul2026 19:51:21.187] [main/ERROR] [net.minecraft.Util/]: Entity legendary_monsters:resurrected_javelin has no attributes
[13Jul2026 19:51:21.187] [main/ERROR] [net.minecraft.Util/]: Entity illageandspillage:bone has no attributes
[13Jul2026 19:51:21.187] [main/ERROR] [net.minecraft.Util/]: Entity illageandspillage:axe has no attributes
[13Jul2026 19:51:21.187] [main/ERROR] [net.minecraft.Util/]: Entity legendary_monsters:resurrected_javelin has no attributes
[13Jul2026 19:51:21.187] [main/ERROR] [net.minecraft.Util/]: Entity illageandspillage:bone has no attributes
[13Jul2026 19:51:21.188] [main/ERROR] [net.minecraft.Util/]: Entity illageandspillage:axe has no attributes
[13Jul2026 19:51:21.188] [main/ERROR] [net.minecraft.Util/]: Entity legendary_monsters:resurrected_javelin has no attributes
[13Jul2026 19:51:21.188] [main/ERROR] [net.minecraft.Util/]: Entity illageandspillage:bone has no attributes
[13Jul2026 19:51:21.188] [main/ERROR] [net.minecraft.Util/]: Entity illageandspillage:axe has no attributes
[13Jul2026 19:51:21.188] [main/ERROR] [net.minecraft.Util/]: Entity legendary_monsters:resurrected_javelin has no attributes
[13Jul2026 19:51:21.188] [main/ERROR] [net.minecraft.Util/]: Entity illageandspillage:bone has no attributes
[13Jul2026 19:51:21.189] [main/ERROR] [net.minecraft.Util/]: Entity illageandspillage:axe has no attributes
[13Jul2026 19:51:21.189] [main/ERROR] [net.minecraft.Util/]: Entity legendary_monsters:resurrected_javelin has no attributes
[13Jul2026 19:51:21.189] [main/ERROR] [net.minecraft.Util/]: Entity illageandspillage:bone has no attributes
[13Jul2026 19:51:21.189] [main/ERROR] [net.minecraft.Util/]: Entity illageandspillage:axe has no attributes
[13Jul2026 19:51:21.189] [main/ERROR] [net.minecraft.Util/]: Entity legendary_monsters:resurrected_javelin has no attributes
[13Jul2026 19:51:21.189] [main/ERROR] [net.minecraft.Util/]: Entity illageandspillage:bone has no attributes
[13Jul2026 19:51:21.190] [main/ERROR] [net.minecraft.Util/]: Entity illageandspillage:axe has no attributes
[13Jul2026 19:51:21.190] [main/ERROR] [net.minecraft.Util/]: Entity legendary_monsters:resurrected_javelin has no attributes
[13Jul2026 19:51:21.190] [main/ERROR] [net.minecraft.Util/]: Entity illageandspillage:bone has no attributes
[13Jul2026 19:51:21.190] [main/ERROR] [net.minecraft.Util/]: Entity illageandspillage:axe has no attributes
[13Jul2026 19:51:21.190] [main/ERROR] [net.minecraft.Util/]: Entity legendary_monsters:resurrected_javelin has no attributes
[13Jul2026 19:51:21.191] [main/ERROR] [net.minecraft.Util/]: Entity illageandspillage:bone has no attributes
[13Jul2026 19:51:21.191] [main/ERROR] [net.minecraft.Util/]: Entity illageandspillage:axe has no attributes
[13Jul2026 19:51:21.191] [main/ERROR] [net.minecraft.Util/]: Entity legendary_monsters:resurrected_javelin has no attributes
[13Jul2026 19:51:21.191] [main/ERROR] [net.minecraft.Util/]: Entity illageandspillage:bone has no attributes
[13Jul2026 19:51:21.191] [main/ERROR] [net.minecraft.Util/]: Entity illageandspillage:axe has no attributes
[13Jul2026 19:51:21.191] [main/ERROR] [net.minecraft.Util/]: Entity legendary_monsters:resurrected_javelin has no attributes
[13Jul2026 19:51:21.192] [main/ERROR] [net.minecraft.Util/]: Entity illageandspillage:bone has no attributes
[13Jul2026 19:51:21.192] [main/ERROR] [net.minecraft.Util/]: Entity illageandspillage:axe has no attributes
[13Jul2026 19:51:21.192] [main/ERROR] [net.minecraft.Util/]: Entity legendary_monsters:resurrected_javelin has no attributes
[13Jul2026 19:51:21.192] [main/ERROR] [net.minecraft.Util/]: Entity illageandspillage:bone has no attributes
[13Jul2026 19:51:21.192] [main/ERROR] [net.minecraft.Util/]: Entity illageandspillage:axe has no attributes
[13Jul2026 19:51:21.192] [main/ERROR] [net.minecraft.Util/]: Entity legendary_monsters:resurrected_javelin has no attributes
[13Jul2026 19:51:21.193] [main/ERROR] [net.minecraft.Util/]: Entity illageandspillage:bone has no attributes
[13Jul2026 19:51:21.193] [main/ERROR] [net.minecraft.Util/]: Entity illageandspillage:axe has no attributes
[13Jul2026 19:51:21.193] [main/ERROR] [net.minecraft.Util/]: Entity legendary_monsters:resurrected_javelin has no attributes
[13Jul2026 19:51:21.193] [main/ERROR] [net.minecraft.Util/]: Entity illageandspillage:bone has no attributes
[13Jul2026 19:51:21.193] [main/ERROR] [net.minecraft.Util/]: Entity illageandspillage:axe has no attributes
[13Jul2026 19:51:21.193] [main/ERROR] [net.minecraft.Util/]: Entity legendary_monsters:resurrected_javelin has no attributes
[13Jul2026 19:51:21.194] [main/ERROR] [net.minecraft.Util/]: Entity illageandspillage:bone has no attributes
[13Jul2026 19:51:21.194] [main/ERROR] [net.minecraft.Util/]: Entity illageandspillage:axe has no attributes
[13Jul2026 19:51:21.194] [main/ERROR] [net.minecraft.Util/]: Entity legendary_monsters:resurrected_javelin has no attributes
[13Jul2026 19:51:21.194] [main/ERROR] [net.minecraft.Util/]: Entity illageandspillage:bone has no attributes
[13Jul2026 19:51:21.194] [main/ERROR] [net.minecraft.Util/]: Entity illageandspillage:axe has no attributes
[13Jul2026 19:51:21.194] [main/ERROR] [net.minecraft.Util/]: Entity legendary_monsters:resurrected_javelin has no attributes
[13Jul2026 19:51:21.195] [main/ERROR] [net.minecraft.Util/]: Entity illageandspillage:bone has no attributes
[13Jul2026 19:51:21.195] [main/ERROR] [net.minecraft.Util/]: Entity illageandspillage:axe has no attributes
[13Jul2026 19:51:21.195] [main/ERROR] [net.minecraft.Util/]: Entity legendary_monsters:resurrected_javelin has no attributes
[13Jul2026 19:51:21.195] [main/ERROR] [net.minecraft.Util/]: Entity illageandspillage:bone has no attributes
[13Jul2026 19:51:21.195] [main/ERROR] [net.minecraft.Util/]: Entity illageandspillage:axe has no attributes
[13Jul2026 19:51:21.195] [main/ERROR] [net.minecraft.Util/]: Entity legendary_monsters:resurrected_javelin has no attributes
[13Jul2026 19:51:21.196] [main/ERROR] [net.minecraft.Util/]: Entity illageandspillage:bone has no attributes
[13Jul2026 19:51:21.196] [main/ERROR] [net.minecraft.Util/]: Entity illageandspillage:axe has no attributes
[13Jul2026 19:51:21.196] [main/ERROR] [net.minecraft.Util/]: Entity legendary_monsters:resurrected_javelin has no attributes
[13Jul2026 19:51:21.196] [main/ERROR] [net.minecraft.Util/]: Entity illageandspillage:bone has no attributes
[13Jul2026 19:51:21.196] [main/ERROR] [net.minecraft.Util/]: Entity illageandspillage:axe has no attributes
[13Jul2026 19:51:21.196] [main/ERROR] [net.minecraft.Util/]: Entity legendary_monsters:resurrected_javelin has no attributes
[13Jul2026 19:51:21.197] [main/ERROR] [net.minecraft.Util/]: Entity illageandspillage:bone has no attributes
[13Jul2026 19:51:21.197] [main/ERROR] [net.minecraft.Util/]: Entity illageandspillage:axe has no attributes
[13Jul2026 19:51:21.197] [main/ERROR] [net.minecraft.Util/]: Entity legendary_monsters:resurrected_javelin has no attributes
[13Jul2026 19:51:21.197] [main/ERROR] [net.minecraft.Util/]: Entity illageandspillage:bone has no attributes
[13Jul2026 19:51:21.197] [main/ERROR] [net.minecraft.Util/]: Entity illageandspillage:axe has no attributes
[13Jul2026 19:51:21.197] [main/ERROR] [net.minecraft.Util/]: Entity legendary_monsters:resurrected_javelin has no attributes
[13Jul2026 19:51:21.198] [main/ERROR] [net.minecraft.Util/]: Entity illageandspillage:bone has no attributes
[13Jul2026 19:51:21.198] [main/ERROR] [net.minecraft.Util/]: Entity illageandspillage:axe has no attributes
[13Jul2026 19:51:21.198] [main/ERROR] [net.minecraft.Util/]: Entity legendary_monsters:resurrected_javelin has no attributes
[13Jul2026 19:51:21.198] [main/ERROR] [net.minecraft.Util/]: Entity illageandspillage:bone has no attributes
[13Jul2026 19:51:21.198] [main/ERROR] [net.minecraft.Util/]: Entity illageandspillage:axe has no attributes
[13Jul2026 19:51:21.199] [main/ERROR] [net.minecraft.Util/]: Entity legendary_monsters:resurrected_javelin has no attributes
[13Jul2026 19:51:21.199] [main/ERROR] [net.minecraft.Util/]: Entity illageandspillage:bone has no attributes
[13Jul2026 19:51:21.199] [main/ERROR] [net.minecraft.Util/]: Entity illageandspillage:axe has no attributes
[13Jul2026 19:51:21.199] [main/ERROR] [net.minecraft.Util/]: Entity legendary_monsters:resurrected_javelin has no attributes
[13Jul2026 19:51:21.199] [main/ERROR] [net.minecraft.Util/]: Entity illageandspillage:bone has no attributes
[13Jul2026 19:51:21.199] [main/ERROR] [net.minecraft.Util/]: Entity illageandspillage:axe has no attributes
[13Jul2026 19:51:21.200] [main/ERROR] [net.minecraft.Util/]: Entity legendary_monsters:resurrected_javelin has no attributes
[13Jul2026 19:51:21.200] [main/ERROR] [net.minecraft.Util/]: Entity illageandspillage:bone has no attributes
[13Jul2026 19:51:21.200] [main/ERROR] [net.minecraft.Util/]: Entity illageandspillage:axe has no attributes
[13Jul2026 19:51:21.200] [main/ERROR] [net.minecraft.Util/]: Entity legendary_monsters:resurrected_javelin has no attributes
[13Jul2026 19:51:21.200] [main/ERROR] [net.minecraft.Util/]: Entity illageandspillage:bone has no attributes
[13Jul2026 19:51:21.200] [main/ERROR] [net.minecraft.Util/]: Entity illageandspillage:axe has no attributes
[13Jul2026 19:51:21.200] [main/ERROR] [net.minecraft.Util/]: Entity legendary_monsters:resurrected_javelin has no attributes
[13Jul2026 19:51:21.201] [main/ERROR] [net.minecraft.Util/]: Entity illageandspillage:bone has no attributes
[13Jul2026 19:51:21.201] [main/ERROR] [net.minecraft.Util/]: Entity illageandspillage:axe has no attributes
[13Jul2026 19:51:21.201] [main/ERROR] [net.minecraft.Util/]: Entity legendary_monsters:resurrected_javelin has no attributes
[13Jul2026 19:51:21.373] [Forge Version Check/INFO] [net.minecraftforge.fml.VersionChecker/]: [bookshelf] Found status: BETA Current: 20.2.15 Target: 20.2.15
[13Jul2026 19:51:21.373] [Forge Version Check/INFO] [net.minecraftforge.fml.VersionChecker/]: [ctov] Starting version check at https://api.modrinth.com/updates/fgmhI8kH/forge_updates.json
[13Jul2026 19:51:21.434] [Forge Version Check/INFO] [net.minecraftforge.fml.VersionChecker/]: [ctov] Found status: UP_TO_DATE Current: 3.4.14 Target: null
[13Jul2026 19:51:21.434] [Forge Version Check/INFO] [net.minecraftforge.fml.VersionChecker/]: [mcwbridges] Starting version check at https://raw.githubusercontent.com/sketchmacaw/macawsmods/master/bridges.json
[13Jul2026 19:51:21.443] [Forge Version Check/INFO] [net.minecraftforge.fml.VersionChecker/]: [mcwbridges] Found status: AHEAD Current: 3.1.2 Target: null
[13Jul2026 19:51:21.443] [Forge Version Check/INFO] [net.minecraftforge.fml.VersionChecker/]: [mr_dungeons_andtaverns] Starting version check at https://api.modrinth.com/updates/tpehi7ww/forge_updates.json
[13Jul2026 19:51:21.545] [Forge Version Check/INFO] [net.minecraftforge.fml.VersionChecker/]: [mr_dungeons_andtaverns] Found status: OUTDATED Current: 3.0.3.f Target: 3.0.3.f+mod
[13Jul2026 19:51:21.545] [Forge Version Check/INFO] [net.minecraftforge.fml.VersionChecker/]: [mr_limesplatus_ending] Starting version check at https://api.modrinth.com/updates/MCnBYP0b/forge_updates.json
[13Jul2026 19:51:21.601] [main/WARN] [net.minecraftforge.server.loading.ServerModLoader/LOADING]: Mods loaded with 2 warnings
[13Jul2026 19:51:21.606] [main/WARN] [net.minecraftforge.server.loading.ServerModLoader/LOADING]: modernfix.no_ferritecore
[13Jul2026 19:51:21.606] [main/WARN] [net.minecraftforge.server.loading.ServerModLoader/LOADING]: modernfix.perf_mod_warning
[13Jul2026 19:51:21.612] [Forge Version Check/INFO] [net.minecraftforge.fml.VersionChecker/]: [mr_limesplatus_ending] Found status: OUTDATED Current: 1-v1.1.0c Target: 1.1.0c+mod
[13Jul2026 19:51:21.612] [Forge Version Check/INFO] [net.minecraftforge.fml.VersionChecker/]: [mcwfurnitures] Starting version check at https://raw.githubusercontent.com/sketchmacaw/macawsmods/master/furniture.json
[13Jul2026 19:51:21.622] [Forge Version Check/INFO] [net.minecraftforge.fml.VersionChecker/]: [mcwfurnitures] Found status: UP_TO_DATE Current: 3.4.1 Target: null
[13Jul2026 19:51:21.622] [Forge Version Check/INFO] [net.minecraftforge.fml.VersionChecker/]: [toms_storage] Starting version check at https://raw.githubusercontent.com/tom5454/Toms-Storage/master/version-check.json
[13Jul2026 19:51:21.632] [Forge Version Check/INFO] [net.minecraftforge.fml.VersionChecker/]: [toms_storage] Found status: BETA Current: 1.7.1 Target: 1.7.1
[13Jul2026 19:51:21.632] [Forge Version Check/INFO] [net.minecraftforge.fml.VersionChecker/]: [scalinghealth] Starting version check at https://raw.githubusercontent.com/SilentChaos512/ScalingHealth/1.18/update.json
[13Jul2026 19:51:21.642] [main/INFO] [com.mojang.authlib.yggdrasil.YggdrasilAuthenticationService/]: Environment: authHost='https://authserver.mojang.com', accountsHost='https://api.mojang.com', sessionHost='https://sessionserver.mojang.com', servicesHost='https://api.minecraftservices.com', name='PROD'
[13Jul2026 19:51:21.648] [Forge Version Check/INFO] [net.minecraftforge.fml.VersionChecker/]: [scalinghealth] Found status: BETA Current: 8.0.2+9 Target: null
[13Jul2026 19:51:21.648] [Forge Version Check/INFO] [net.minecraftforge.fml.VersionChecker/]: [majruszlibrary] Starting version check at https://raw.githubusercontent.com/Majrusz/MinecraftCommon/main/Library/update.json
[13Jul2026 19:51:21.659] [Forge Version Check/INFO] [net.minecraftforge.fml.VersionChecker/]: [majruszlibrary] Found status: AHEAD Current: 7.0.8 Target: null
[13Jul2026 19:51:21.659] [Forge Version Check/INFO] [net.minecraftforge.fml.VersionChecker/]: [mutantmonsters] Starting version check at https://raw.githubusercontent.com/Fuzss/modresources/main/update/mutantmonsters.json
[13Jul2026 19:51:21.670] [Forge Version Check/INFO] [net.minecraftforge.fml.VersionChecker/]: [mutantmonsters] Found status: UP_TO_DATE Current: 8.0.8 Target: null
[13Jul2026 19:51:21.670] [Forge Version Check/INFO] [net.minecraftforge.fml.VersionChecker/]: [puzzlesaccessapi] Starting version check at https://raw.githubusercontent.com/Fuzss/modresources/main/update/puzzlesaccessapi.json
[13Jul2026 19:51:21.681] [main/WARN] [net.minecraft.server.packs.VanillaPackResourcesBuilder/]: Assets URL 'union:/workspaces/A/servidor_minecraft/libraries/net/minecraft/server/1.20.1-20230612.114412/server-1.20.1-20230612.114412-srg.jar%23315!/assets/.mcassetsroot' uses unexpected schema
[13Jul2026 19:51:21.681] [main/WARN] [net.minecraft.server.packs.VanillaPackResourcesBuilder/]: Assets URL 'union:/workspaces/A/servidor_minecraft/libraries/net/minecraft/server/1.20.1-20230612.114412/server-1.20.1-20230612.114412-srg.jar%23315!/data/.mcassetsroot' uses unexpected schema
[13Jul2026 19:51:21.681] [main/ERROR] [net.minecraft.server.packs.VanillaPackResourcesBuilder/]: File /addon/.mcassetsroot does not exist in classpath
[13Jul2026 19:51:21.685] [Forge Version Check/INFO] [net.minecraftforge.fml.VersionChecker/]: [puzzlesaccessapi] Found status: BETA Current: 20.1.1 Target: null
[13Jul2026 19:51:21.685] [Forge Version Check/INFO] [net.minecraftforge.fml.VersionChecker/]: [forge] Starting version check at https://files.minecraftforge.net/net/minecraftforge/forge/promotions_slim.json
[13Jul2026 19:51:21.791] [Forge Version Check/INFO] [net.minecraftforge.fml.VersionChecker/]: [forge] Found status: OUTDATED Current: 47.4.20 Target: 47.4.21
[13Jul2026 19:51:21.791] [Forge Version Check/INFO] [net.minecraftforge.fml.VersionChecker/]: [voicechat] Starting version check at https://update.maxhenkel.de/forge/voicechat
[13Jul2026 19:51:21.811] [main/INFO] [net.minecraft.server.MinecraftServer/]: Found new data pack lithostitched/breaks_seed_parity, loading it automatically
[13Jul2026 19:51:21.812] [main/INFO] [net.minecraft.server.MinecraftServer/]: Found new data pack mutantmonsters:biome_modifications, loading it automatically
[13Jul2026 19:51:22.416] [Forge Version Check/INFO] [net.minecraftforge.fml.VersionChecker/]: [voicechat] Found status: AHEAD Current: 1.20.1-2.6.20 Target: null
[13Jul2026 19:51:22.416] [Forge Version Check/INFO] [net.minecraftforge.fml.VersionChecker/]: [silentlib] Starting version check at https://raw.githubusercontent.com/SilentChaos512/SilentLib/1.20.x/update.json
[13Jul2026 19:51:22.426] [Forge Version Check/INFO] [net.minecraftforge.fml.VersionChecker/]: [silentlib] Found status: BETA Current: 8.0.0 Target: null
[13Jul2026 19:51:22.426] [Forge Version Check/INFO] [net.minecraftforge.fml.VersionChecker/]: [easy_villagers] Starting version check at https://update.maxhenkel.de/forge/easy_villagers
[13Jul2026 19:51:22.523] [Forge Version Check/INFO] [net.minecraftforge.fml.VersionChecker/]: [easy_villagers] Found status: AHEAD Current: 1.20.1-1.1.39 Target: null
[13Jul2026 19:51:22.523] [Forge Version Check/INFO] [net.minecraftforge.fml.VersionChecker/]: [gravestone] Starting version check at https://update.maxhenkel.de/forge/gravestone
[13Jul2026 19:51:22.620] [Forge Version Check/INFO] [net.minecraftforge.fml.VersionChecker/]: [gravestone] Found status: AHEAD Current: 1.20.1-1.0.35 Target: null
[13Jul2026 19:51:22.621] [Forge Version Check/INFO] [net.minecraftforge.fml.VersionChecker/]: [puzzleslib] Starting version check at https://raw.githubusercontent.com/Fuzss/modresources/main/update/puzzleslib.json
[13Jul2026 19:51:22.629] [Forge Version Check/INFO] [net.minecraftforge.fml.VersionChecker/]: [puzzleslib] Found status: UP_TO_DATE Current: 8.1.33 Target: null
[13Jul2026 19:51:22.629] [Forge Version Check/INFO] [net.minecraftforge.fml.VersionChecker/]: [aquamirae] Starting version check at https://raw.githubusercontent.com/ObscuriaLithium/modding/main/versions/aquamirae.json
[13Jul2026 19:51:22.639] [Forge Version Check/INFO] [net.minecraftforge.fml.VersionChecker/]: [aquamirae] Found status: UP_TO_DATE Current: 6.4.0 Target: null
[13Jul2026 19:51:24.182] [main/INFO] [com.github.alexthe666.alexsmobs.AlexsMobs/]: Adding datapack listener capsid_recipes
[13Jul2026 19:51:24.378] [Worker-Main-1/ERROR] [net.minecraft.tags.TagLoader/]: Couldn't load tag ctov:wares/cardboard_box as it is missing following references: wares:cardboard_box (from [forge]ctov-3.4.14.jar)
[13Jul2026 19:51:24.380] [Worker-Main-1/ERROR] [net.minecraft.tags.TagLoader/]: Couldn't load tag mutantmore:repairs_mutant_shulker_turret as it is missing following references: minecraft:raw_cod (from mutantmore-1.20.1-early_access-2.0.0.jar)
[13Jul2026 19:51:24.392] [Worker-Main-1/ERROR] [net.minecraft.tags.TagLoader/]: Couldn't load tag skarrier_mobs:bowlder_dust_applicable as it is missing following references: #forge:sword (from skarrier_mobs-1.0.5(beta)-forge-1.20.1.jar), 
	#forge:tool (from skarrier_mobs-1.0.5(beta)-forge-1.20.1.jar)
[13Jul2026 19:51:24.393] [Worker-Main-1/ERROR] [net.minecraft.tags.TagLoader/]: Couldn't load tag ctov:wares/sealed_delivery_agreement as it is missing following references: wares:sealed_delivery_agreement (from [forge]ctov-3.4.14.jar)
[13Jul2026 19:51:25.508] [main/INFO] [net.threetag.palladium.Palladium/]: Loaded 0 loot table modifications
[13Jul2026 19:51:25.582] [main/WARN] [net.minecraft.world.level.storage.loot.LootDataManager/]: Found loot table element validation problem in {loot_tables:mofus_better_end_:entities/bloodworm}.pools[0].entries[1].functions[1]: Parameters [<parameter minecraft:tool>] are not provided in this context
[13Jul2026 19:51:25.582] [main/WARN] [net.minecraft.world.level.storage.loot.LootDataManager/]: Found loot table element validation problem in {loot_tables:mofus_better_end_:entities/bloodworm}.pools[0].entries[0].functions[1]: Parameters [<parameter minecraft:tool>] are not provided in this context
[13Jul2026 19:51:25.582] [main/WARN] [net.minecraft.world.level.storage.loot.LootDataManager/]: Found loot table element validation problem in {loot_tables:dungeons_and_combat:entities/infernus}.pools[2].entries[0].functions[1]: Parameters [<parameter minecraft:tool>] are not provided in this context
[13Jul2026 19:51:25.582] [main/WARN] [net.minecraft.world.level.storage.loot.LootDataManager/]: Found loot table element validation problem in {loot_tables:mofus_better_end_:entities/crown_squid}.pools[0].entries[1].functions[1]: Parameters [<parameter minecraft:tool>] are not provided in this context
[13Jul2026 19:51:25.582] [main/WARN] [net.minecraft.world.level.storage.loot.LootDataManager/]: Found loot table element validation problem in {loot_tables:dungeons_and_combat:entities/pyro_knight}.pools[0].entries[0].functions[1]: Parameters [<parameter minecraft:tool>] are not provided in this context
[13Jul2026 19:51:25.582] [main/WARN] [net.minecraft.world.level.storage.loot.LootDataManager/]: Found loot table element validation problem in {loot_tables:dungeons_and_combat:entities/lady_blaze}.pools[0].entries[0].functions[1]: Parameters [<parameter minecraft:tool>] are not provided in this context
[13Jul2026 19:51:25.582] [main/WARN] [net.minecraft.world.level.storage.loot.LootDataManager/]: Found loot table element validation problem in {loot_tables:dungeons_and_combat:entities/lady_blaze}.pools[1].entries[0].functions[1]: Parameters [<parameter minecraft:tool>] are not provided in this context
[13Jul2026 19:51:25.582] [main/WARN] [net.minecraft.world.level.storage.loot.LootDataManager/]: Found loot table element validation problem in {loot_tables:dungeons_and_combat:entities/pyro_knight}.pools[1].entries[0].functions[1]: Parameters [<parameter minecraft:tool>] are not provided in this context
[13Jul2026 19:51:25.583] [main/WARN] [net.minecraft.world.level.storage.loot.LootDataManager/]: Found loot table element validation problem in {loot_tables:dungeons_and_combat:entities/lady_blaze}.pools[2].entries[0].functions[1]: Parameters [<parameter minecraft:tool>] are not provided in this context
[13Jul2026 19:51:25.583] [main/WARN] [net.minecraft.world.level.storage.loot.LootDataManager/]: Found loot table element validation problem in {loot_tables:dungeons_and_combat:entities/infernus}.pools[1].entries[0].functions[1]: Parameters [<parameter minecraft:tool>] are not provided in this context
[13Jul2026 19:51:25.598] [main/ERROR] [net.minecraft.world.item.crafting.RecipeManager/]: Parsing error loading recipe dungeons_and_combat:dragonsteel_lightning_recipe_long_sword: com.google.gson.JsonSyntaxException: Unknown item 'iceandfire:dragonsteel_lightning_ingot'
[13Jul2026 19:51:25.602] [main/ERROR] [net.minecraft.world.item.crafting.RecipeManager/]: Parsing error loading recipe dungeons_and_combat:wulfrum_uchigatana_recipe: com.google.gson.JsonSyntaxException: Unknown item 'tohiro_ores:wulfrum_ingot'
[13Jul2026 19:51:25.603] [main/ERROR] [net.minecraft.world.item.crafting.RecipeManager/]: Parsing error loading recipe dungeons_and_combat:amethyst_dragon_scales_shield: com.google.gson.JsonSyntaxException: Unknown item 'iceandfire:dragonbone'
[13Jul2026 19:51:25.604] [main/ERROR] [net.minecraft.world.item.crafting.RecipeManager/]: Parsing error loading recipe dungeons_and_combat:wulfrum_shield_recipe: com.google.gson.JsonSyntaxException: Unknown item 'tohiro_ores:wulfrum_ingot'
[13Jul2026 19:51:25.606] [main/ERROR] [net.minecraft.world.item.crafting.RecipeManager/]: Parsing error loading recipe dungeons_and_combat:dragonsteel_fire_chestplate: com.google.gson.JsonSyntaxException: Unknown item 'iceandfire:dragonsteel_fire_chestplate'
[13Jul2026 19:51:25.607] [main/ERROR] [net.minecraft.world.item.crafting.RecipeManager/]: Parsing error loading recipe dungeons_and_combat:dragon_bone_dagger_recipe: com.google.gson.JsonSyntaxException: Unknown item 'iceandfire:dragonbone'
[13Jul2026 19:51:25.609] [main/ERROR] [net.minecraft.world.item.crafting.RecipeManager/]: Parsing error loading recipe dungeons_and_combat:dragonsteel_fire_leggings: com.google.gson.JsonSyntaxException: Unknown item 'iceandfire:dragonsteel_fire_leggings'
[13Jul2026 19:51:25.611] [main/ERROR] [net.minecraft.world.item.crafting.RecipeManager/]: Parsing error loading recipe dungeons_and_combat:bronze_dragon_leggings: com.google.gson.JsonSyntaxException: Unknown item 'iceandfire:armor_bronze_leggings'
[13Jul2026 19:51:25.612] [main/ERROR] [net.minecraft.world.item.crafting.RecipeManager/]: Parsing error loading recipe dungeons_and_combat:neptunium_leggings: com.google.gson.JsonSyntaxException: Unknown item 'aquaculture:neptunium_leggings'
[13Jul2026 19:51:25.612] [main/ERROR] [net.minecraft.world.item.crafting.RecipeManager/]: Parsing error loading recipe dungeons_and_combat:cobalt_dagger_recipe: com.google.gson.JsonSyntaxException: Unknown item 'tohiro_ores:cobalt_ingot'
[13Jul2026 19:51:25.612] [main/ERROR] [net.minecraft.world.item.crafting.RecipeManager/]: Parsing error loading recipe dungeons_and_combat:dragonsteel_ice_helmet: com.google.gson.JsonSyntaxException: Unknown item 'iceandfire:dragonsteel_ice_helmet'
[13Jul2026 19:51:25.613] [main/ERROR] [net.minecraft.world.item.crafting.RecipeManager/]: Parsing error loading recipe dungeons_and_combat:dragonsteel_lightning_leggings: com.google.gson.JsonSyntaxException: Unknown item 'iceandfire:dragonsteel_lightning_leggings'
[13Jul2026 19:51:25.621] [main/ERROR] [net.minecraft.world.item.crafting.RecipeManager/]: Parsing error loading recipe dungeons_and_combat:dragon_ice_lance_recipe: com.google.gson.JsonSyntaxException: Unknown item 'iceandfire:ice_dragon_blood'
[13Jul2026 19:51:25.624] [main/ERROR] [net.minecraft.world.item.crafting.RecipeManager/]: Parsing error loading recipe dungeons_and_combat:tin_mace_recipe: com.google.gson.JsonSyntaxException: Unknown item 'tohiro_ores:tin_ingot'
[13Jul2026 19:51:25.624] [main/ERROR] [net.minecraft.world.item.crafting.RecipeManager/]: Parsing error loading recipe dungeons_and_combat:dragonsteel_lightning_shield_recipe: com.google.gson.JsonSyntaxException: Unknown item 'iceandfire:dragonsteel_lightning_ingot'
[13Jul2026 19:51:25.625] [main/ERROR] [net.minecraft.world.item.crafting.RecipeManager/]: Parsing error loading recipe dungeons_and_combat:amethyst_leggings: com.google.gson.JsonSyntaxException: Unknown item 'iceandfire:armor_amythest_leggings'
[13Jul2026 19:51:25.625] [main/ERROR] [net.minecraft.world.item.crafting.RecipeManager/]: Parsing error loading recipe dungeons_and_combat:dragon_ice_greatsword_recipe: com.google.gson.JsonSyntaxException: Unknown item 'iceandfire:ice_dragon_blood'
[13Jul2026 19:51:25.626] [main/ERROR] [net.minecraft.world.item.crafting.RecipeManager/]: Parsing error loading recipe dungeons_and_combat:dragonsteel_lightning_chestplate: com.google.gson.JsonSyntaxException: Unknown item 'iceandfire:dragonsteel_lightning_chestplate'
[13Jul2026 19:51:25.626] [main/ERROR] [net.minecraft.world.item.crafting.RecipeManager/]: Parsing error loading recipe dungeons_and_combat:cobalt_greataxe_recipe: com.google.gson.JsonSyntaxException: Unknown item 'tohiro_ores:cobalt_ingot'
[13Jul2026 19:51:25.626] [main/ERROR] [net.minecraft.world.item.crafting.RecipeManager/]: Parsing error loading recipe dungeons_and_combat:neptunium_dagger_recipe: com.google.gson.JsonSyntaxException: Unknown item 'aquaculture:neptunium_ingot'
[13Jul2026 19:51:25.628] [main/ERROR] [net.minecraft.world.item.crafting.RecipeManager/]: Parsing error loading recipe dungeons_and_combat:copper_dragon_chestplate: com.google.gson.JsonSyntaxException: Unknown item 'iceandfire:armor_copper_chestplate'
[13Jul2026 19:51:25.632] [main/ERROR] [net.minecraft.world.item.crafting.RecipeManager/]: Parsing error loading recipe dungeons_and_combat:copper_dragon_boots: com.google.gson.JsonSyntaxException: Unknown item 'iceandfire:armor_copper_boots'
[13Jul2026 19:51:25.633] [main/ERROR] [net.minecraft.world.item.crafting.RecipeManager/]: Parsing error loading recipe dungeons_and_combat:dragonsteel_ice_shield_recipe: com.google.gson.JsonSyntaxException: Unknown item 'iceandfire:dragonsteel_ice_ingot'
[13Jul2026 19:51:25.633] [main/ERROR] [net.minecraft.world.item.crafting.RecipeManager/]: Parsing error loading recipe dungeons_and_combat:tin_greathammer_recipe: com.google.gson.JsonSyntaxException: Unknown item 'tohiro_ores:tin_ingot'
[13Jul2026 19:51:25.634] [main/ERROR] [net.minecraft.world.item.crafting.RecipeManager/]: Parsing error loading recipe dungeons_and_combat:red_dragon_scales_shield: com.google.gson.JsonSyntaxException: Unknown item 'iceandfire:dragonbone'
[13Jul2026 19:51:25.637] [main/ERROR] [net.minecraft.world.item.crafting.RecipeManager/]: Parsing error loading recipe dungeons_and_combat:dragonsteel_fire_shield_recipe: com.google.gson.JsonSyntaxException: Unknown item 'iceandfire:dragonsteel_fire_ingot'
[13Jul2026 19:51:25.638] [main/ERROR] [net.minecraft.world.item.crafting.RecipeManager/]: Parsing error loading recipe dungeons_and_combat:tin_shield_recipe: com.google.gson.JsonSyntaxException: Unknown item 'tohiro_ores:tin_ingot'
[13Jul2026 19:51:25.640] [main/ERROR] [net.minecraft.world.item.crafting.RecipeManager/]: Parsing error loading recipe dungeons_and_combat:white_chestplate: com.google.gson.JsonSyntaxException: Unknown item 'iceandfire:armor_white_chestplate'
[13Jul2026 19:51:25.647] [main/ERROR] [net.minecraft.world.item.crafting.RecipeManager/]: Parsing error loading recipe dungeons_and_combat:neptunium_chestplate: com.google.gson.JsonSyntaxException: Unknown item 'aquaculture:neptunium_chestplate'
[13Jul2026 19:51:25.649] [main/ERROR] [net.minecraft.world.item.crafting.RecipeManager/]: Parsing error loading recipe dungeons_and_combat:cobalt_long_sword_recipe: com.google.gson.JsonSyntaxException: Unknown item 'tohiro_ores:cobalt_ingot'
[13Jul2026 19:51:25.650] [main/ERROR] [net.minecraft.world.item.crafting.RecipeManager/]: Parsing error loading recipe dungeons_and_combat:gray_dragon_scales_shield: com.google.gson.JsonSyntaxException: Unknown item 'iceandfire:dragonbone'
[13Jul2026 19:51:25.654] [main/ERROR] [net.minecraft.world.item.crafting.RecipeManager/]: Parsing error loading recipe dungeons_and_combat:cobalt_shield_recipe: com.google.gson.JsonSyntaxException: Unknown item 'tohiro_ores:cobalt_ingot'
[13Jul2026 19:51:25.654] [main/ERROR] [net.minecraft.world.item.crafting.RecipeManager/]: Parsing error loading recipe dungeons_and_combat:dragon_bone_greatsword_recipe: com.google.gson.JsonSyntaxException: Unknown item 'iceandfire:dragonbone'
[13Jul2026 19:51:25.655] [main/ERROR] [net.minecraft.world.item.crafting.RecipeManager/]: Parsing error loading recipe dungeons_and_combat:silver_dragon_chestplate: com.google.gson.JsonSyntaxException: Unknown item 'iceandfire:armor_silver_chestplate'
[13Jul2026 19:51:25.656] [main/ERROR] [net.minecraft.world.item.crafting.RecipeManager/]: Parsing error loading recipe dungeons_and_combat:wulfrum_rapier_recipe: com.google.gson.JsonSyntaxException: Unknown item 'tohiro_ores:wulfrum_ingot'
[13Jul2026 19:51:25.657] [main/ERROR] [net.minecraft.world.item.crafting.RecipeManager/]: Parsing error loading recipe dungeons_and_combat:sapphire_dragon_shield_recipe: com.google.gson.JsonSyntaxException: Unknown item 'iceandfire:dragonbone'
[13Jul2026 19:51:25.658] [main/ERROR] [net.minecraft.world.item.crafting.RecipeManager/]: Parsing error loading recipe dungeons_and_combat:crystal_greatsword_recipe: com.google.gson.JsonSyntaxException: Unknown item 'tohiro_ores:crystal_smithing_template'
[13Jul2026 19:51:25.658] [main/ERROR] [net.minecraft.world.item.crafting.RecipeManager/]: Parsing error loading recipe dungeons_and_combat:bronze_dragon_boots: com.google.gson.JsonSyntaxException: Unknown item 'iceandfire:armor_bronze_boots'
[13Jul2026 19:51:25.661] [main/ERROR] [net.minecraft.world.item.crafting.RecipeManager/]: Parsing error loading recipe dungeons_and_combat:dragon_lightning_lance_recipe: com.google.gson.JsonSyntaxException: Unknown item 'iceandfire:lightning_dragon_blood'
[13Jul2026 19:51:25.667] [main/ERROR] [net.minecraft.world.item.crafting.RecipeManager/]: Parsing error loading recipe dungeons_and_combat:dragonsteel_fire_boots: com.google.gson.JsonSyntaxException: Unknown item 'iceandfire:dragonsteel_fire_boots'
[13Jul2026 19:51:25.668] [main/ERROR] [net.minecraft.world.item.crafting.RecipeManager/]: Parsing error loading recipe luminous_nether:supplementaries_reverse_ash: com.google.gson.JsonSyntaxException: Unknown item 'supplementaries:ash'
[13Jul2026 19:51:25.670] [main/ERROR] [net.minecraft.world.item.crafting.RecipeManager/]: Parsing error loading recipe dungeons_and_combat:white_dragon_scales_shield: com.google.gson.JsonSyntaxException: Unknown item 'iceandfire:dragonbone'
[13Jul2026 19:51:25.670] [main/ERROR] [net.minecraft.world.item.crafting.RecipeManager/]: Parsing error loading recipe dungeons_and_combat:light_upgrade_blazing_halberd: com.google.gson.JsonSyntaxException: Unknown item 'dungeons_and_combat:deleted_mod_element'
[13Jul2026 19:51:25.671] [main/ERROR] [net.minecraft.world.item.crafting.RecipeManager/]: Parsing error loading recipe dungeons_and_combat:electric_leggings: com.google.gson.JsonSyntaxException: Unknown item 'iceandfire:armor_electric_leggings'
[13Jul2026 19:51:25.671] [main/ERROR] [net.minecraft.world.item.crafting.RecipeManager/]: Parsing error loading recipe dungeons_and_combat:dragonsteel_lightning_recipe_greatsword: com.google.gson.JsonSyntaxException: Unknown item 'iceandfire:dragonsteel_lightning_ingot'
[13Jul2026 19:51:25.672] [main/ERROR] [net.minecraft.world.item.crafting.RecipeManager/]: Parsing error loading recipe dungeons_and_combat:blue_leggings: com.google.gson.JsonSyntaxException: Unknown item 'iceandfire:armor_blue_leggings'
[13Jul2026 19:51:25.672] [main/ERROR] [net.minecraft.world.item.crafting.RecipeManager/]: Parsing error loading recipe dungeons_and_combat:neptunium_shield_recipe: com.google.gson.JsonSyntaxException: Unknown item 'aquaculture:neptunium_ingot'
[13Jul2026 19:51:25.673] [main/ERROR] [net.minecraft.world.item.crafting.RecipeManager/]: Parsing error loading recipe dungeons_and_combat:dragonsteel_ice_recipe_long_sword: com.google.gson.JsonSyntaxException: Unknown item 'iceandfire:dragonsteel_ice_ingot'
[13Jul2026 19:51:25.674] [main/ERROR] [net.minecraft.world.item.crafting.RecipeManager/]: Parsing error loading recipe dungeons_and_combat:dragon_lightning_dagger_recipe: com.google.gson.JsonSyntaxException: Unknown item 'iceandfire:lightning_dragon_blood'
[13Jul2026 19:51:25.675] [main/ERROR] [net.minecraft.world.item.crafting.RecipeManager/]: Parsing error loading recipe dungeons_and_combat:dragonsteel_lightning_recipe_katana: com.google.gson.JsonSyntaxException: Unknown item 'iceandfire:dragonsteel_lightning_ingot'
[13Jul2026 19:51:25.675] [main/ERROR] [net.minecraft.world.item.crafting.RecipeManager/]: Parsing error loading recipe dungeons_and_combat:dragonsteel_fire_helmet: com.google.gson.JsonSyntaxException: Unknown item 'iceandfire:dragonsteel_fire_helmet'
[13Jul2026 19:51:25.676] [main/ERROR] [net.minecraft.world.item.crafting.RecipeManager/]: Parsing error loading recipe dungeons_and_combat:tin_dagger_recipe: com.google.gson.JsonSyntaxException: Unknown item 'tohiro_ores:tin_ingot'
[13Jul2026 19:51:25.678] [main/ERROR] [net.minecraft.world.item.crafting.RecipeManager/]: Parsing error loading recipe dungeons_and_combat:black_dragon_shield_recipe: com.google.gson.JsonSyntaxException: Unknown item 'iceandfire:dragonbone'
[13Jul2026 19:51:25.679] [main/ERROR] [net.minecraft.world.item.crafting.RecipeManager/]: Parsing error loading recipe dungeons_and_combat:electrict_boots: com.google.gson.JsonSyntaxException: Unknown item 'iceandfire:armor_electric_boots'
[13Jul2026 19:51:25.680] [main/ERROR] [net.minecraft.world.item.crafting.RecipeManager/]: Parsing error loading recipe dungeons_and_combat:blue_helmet: com.google.gson.JsonSyntaxException: Unknown item 'iceandfire:armor_blue_helmet'
[13Jul2026 19:51:25.681] [main/ERROR] [net.minecraft.world.item.crafting.RecipeManager/]: Parsing error loading recipe dungeons_and_combat:silver_dragon_leggings: com.google.gson.JsonSyntaxException: Unknown item 'iceandfire:armor_silver_leggings'
[13Jul2026 19:51:25.682] [main/ERROR] [net.minecraft.world.item.crafting.RecipeManager/]: Parsing error loading recipe dungeons_and_combat:crystal_shield_recipe: com.google.gson.JsonSyntaxException: Unknown item 'tohiro_ores:crystal_smithing_template'
[13Jul2026 19:51:25.682] [main/ERROR] [net.minecraft.world.item.crafting.RecipeManager/]: Parsing error loading recipe dungeons_and_combat:dragon_ice_dagger_recipe: com.google.gson.JsonSyntaxException: Unknown item 'iceandfire:ice_dragon_blood'
[13Jul2026 19:51:25.683] [main/ERROR] [net.minecraft.world.item.crafting.RecipeManager/]: Parsing error loading recipe dungeons_and_combat:white_boots: com.google.gson.JsonSyntaxException: Unknown item 'iceandfire:armor_white_boots'
[13Jul2026 19:51:25.684] [main/ERROR] [net.minecraft.world.item.crafting.RecipeManager/]: Parsing error loading recipe dungeons_and_combat:dragonsteel_fire_recipe_katana: com.google.gson.JsonSyntaxException: Unknown item 'iceandfire:dragonsteel_fire_ingot'
[13Jul2026 19:51:25.685] [main/ERROR] [net.minecraft.world.item.crafting.RecipeManager/]: Parsing error loading recipe dungeons_and_combat:bronze_dragon_chestplate: com.google.gson.JsonSyntaxException: Unknown item 'iceandfire:armor_bronze_chestplate'
[13Jul2026 19:51:25.685] [main/ERROR] [net.minecraft.world.item.crafting.RecipeManager/]: Parsing error loading recipe dungeons_and_combat:light_upgrade_molten_bone_greatsword: com.google.gson.JsonSyntaxException: Unknown item 'dungeons_and_combat:deleted_mod_element'
[13Jul2026 19:51:25.688] [main/ERROR] [net.minecraft.world.item.crafting.RecipeManager/]: Parsing error loading recipe luminous_nether:supplementaries_ash_block: com.google.gson.JsonSyntaxException: Unknown item 'supplementaries:ash'
[13Jul2026 19:51:25.690] [main/ERROR] [net.minecraft.world.item.crafting.RecipeManager/]: Parsing error loading recipe dungeons_and_combat:neptunium_greatanchor_recipe: com.google.gson.JsonSyntaxException: Unknown item 'aquaculture:neptunium_ingot'
[13Jul2026 19:51:25.691] [main/ERROR] [net.minecraft.world.item.crafting.RecipeManager/]: Parsing error loading recipe dungeons_and_combat:sapphire_dragon_helmet: com.google.gson.JsonSyntaxException: Unknown item 'iceandfire:armor_sapphire_helmet'
[13Jul2026 19:51:25.695] [main/ERROR] [net.minecraft.world.item.crafting.RecipeManager/]: Parsing error loading recipe dungeons_and_combat:blue_chestplate: com.google.gson.JsonSyntaxException: Unknown item 'iceandfire:armor_blue_chestplate'
[13Jul2026 19:51:25.696] [main/ERROR] [net.minecraft.world.item.crafting.RecipeManager/]: Parsing error loading recipe dungeons_and_combat:copper_dragon_scales_shield: com.google.gson.JsonSyntaxException: Unknown item 'iceandfire:dragonbone'
[13Jul2026 19:51:25.697] [main/ERROR] [net.minecraft.world.item.crafting.RecipeManager/]: Parsing error loading recipe dungeons_and_combat:crystal_fist_recipe: com.google.gson.JsonSyntaxException: Unknown item 'tohiro_ores:crystal_smithing_template'
[13Jul2026 19:51:25.697] [main/ERROR] [net.minecraft.world.item.crafting.RecipeManager/]: Parsing error loading recipe dungeons_and_combat:green_boots: com.google.gson.JsonSyntaxException: Unknown item 'iceandfire:armor_green_boots'
[13Jul2026 19:51:25.698] [main/ERROR] [net.minecraft.world.item.crafting.RecipeManager/]: Parsing error loading recipe dungeons_and_combat:dragon_fire_greatsword_recipe: com.google.gson.JsonSyntaxException: Unknown item 'iceandfire:fire_dragon_blood'
[13Jul2026 19:51:25.698] [main/ERROR] [net.minecraft.world.item.crafting.RecipeManager/]: Parsing error loading recipe dungeons_and_combat:black_dragon_helmet: com.google.gson.JsonSyntaxException: Unknown item 'iceandfire:armor_black_helmet'
[13Jul2026 19:51:25.699] [main/ERROR] [net.minecraft.world.item.crafting.RecipeManager/]: Parsing error loading recipe dungeons_and_combat:green_chestplate: com.google.gson.JsonSyntaxException: Unknown item 'iceandfire:armor_green_chestplate'
[13Jul2026 19:51:25.700] [main/ERROR] [net.minecraft.world.item.crafting.RecipeManager/]: Parsing error loading recipe dungeons_and_combat:copper_dragon_leggings: com.google.gson.JsonSyntaxException: Unknown item 'iceandfire:armor_copper_leggings'
[13Jul2026 19:51:25.701] [main/ERROR] [net.minecraft.world.item.crafting.RecipeManager/]: Parsing error loading recipe dungeons_and_combat:copper_dragon_helmet: com.google.gson.JsonSyntaxException: Unknown item 'iceandfire:armor_copper_helmet'
[13Jul2026 19:51:25.701] [main/ERROR] [net.minecraft.world.item.crafting.RecipeManager/]: Parsing error loading recipe dungeons_and_combat:gray_chestplate: com.google.gson.JsonSyntaxException: Unknown item 'iceandfire:armor_gray_chestplate'
[13Jul2026 19:51:25.703] [main/ERROR] [net.minecraft.world.item.crafting.RecipeManager/]: Parsing error loading recipe dungeons_and_combat:black_dragon_leggings: com.google.gson.JsonSyntaxException: Unknown item 'iceandfire:armor_black_leggings'
[13Jul2026 19:51:25.704] [main/ERROR] [net.minecraft.world.item.crafting.RecipeManager/]: Parsing error loading recipe dungeons_and_combat:silver_dragon_helmet: com.google.gson.JsonSyntaxException: Unknown item 'iceandfire:armor_silver_helmet'
[13Jul2026 19:51:25.704] [main/ERROR] [net.minecraft.world.item.crafting.RecipeManager/]: Parsing error loading recipe dungeons_and_combat:dragonsteel_lightning_boots: com.google.gson.JsonSyntaxException: Unknown item 'iceandfire:dragonsteel_lightning_boots'
[13Jul2026 19:51:25.705] [main/ERROR] [net.minecraft.world.item.crafting.RecipeManager/]: Parsing error loading recipe dungeons_and_combat:gray_boots: com.google.gson.JsonSyntaxException: Unknown item 'iceandfire:armor_gray_boots'
[13Jul2026 19:51:25.707] [main/ERROR] [net.minecraft.world.item.crafting.RecipeManager/]: Parsing error loading recipe dungeons_and_combat:dragonsteel_fire_recipe_greatsword: com.google.gson.JsonSyntaxException: Unknown item 'iceandfire:dragonsteel_fire_ingot'
[13Jul2026 19:51:25.708] [main/ERROR] [net.minecraft.world.item.crafting.RecipeManager/]: Parsing error loading recipe dungeons_and_combat:amethyst_chestplate: com.google.gson.JsonSyntaxException: Unknown item 'iceandfire:armor_amythest_chestplate'
[13Jul2026 19:51:25.709] [main/ERROR] [net.minecraft.world.item.crafting.RecipeManager/]: Parsing error loading recipe dungeons_and_combat:dragon_bone_lance_recipe: com.google.gson.JsonSyntaxException: Unknown item 'iceandfire:dragonbone'
[13Jul2026 19:51:25.709] [main/ERROR] [net.minecraft.world.item.crafting.RecipeManager/]: Parsing error loading recipe dungeons_and_combat:sapphire_dragon_leggings: com.google.gson.JsonSyntaxException: Unknown item 'iceandfire:armor_sapphire_leggings'
[13Jul2026 19:51:25.709] [main/ERROR] [net.minecraft.world.item.crafting.RecipeManager/]: Parsing error loading recipe mofus_better_end_:end_engine_recipe: com.google.gson.JsonSyntaxException: Unknown item 'mofus_better_end_:deleted_mod_element'
[13Jul2026 19:51:25.710] [main/ERROR] [net.minecraft.world.item.crafting.RecipeManager/]: Parsing error loading recipe dungeons_and_combat:dragonsteel_fire_recipe_long_sword: com.google.gson.JsonSyntaxException: Unknown item 'iceandfire:dragonsteel_fire_ingot'
[13Jul2026 19:51:25.710] [main/ERROR] [net.minecraft.world.item.crafting.RecipeManager/]: Parsing error loading recipe dungeons_and_combat:dragonsteel_ice_chestplate: com.google.gson.JsonSyntaxException: Unknown item 'iceandfire:dragonsteel_ice_chestplate'
[13Jul2026 19:51:25.715] [main/ERROR] [net.minecraft.world.item.crafting.RecipeManager/]: Parsing error loading recipe dungeons_and_combat:crystal_lance_recipe: com.google.gson.JsonSyntaxException: Unknown item 'tohiro_ores:crystal_smithing_template'
[13Jul2026 19:51:25.716] [main/ERROR] [net.minecraft.world.item.crafting.RecipeManager/]: Parsing error loading recipe dungeons_and_combat:dragonsteel_lightning_helmet: com.google.gson.JsonSyntaxException: Unknown item 'iceandfire:dragonsteel_lightning_helmet'
[13Jul2026 19:51:25.716] [main/ERROR] [net.minecraft.world.item.crafting.RecipeManager/]: Parsing error loading recipe dungeons_and_combat:gray_helmet: com.google.gson.JsonSyntaxException: Unknown item 'iceandfire:armor_gray_helmet'
[13Jul2026 19:51:25.717] [main/ERROR] [net.minecraft.world.item.crafting.RecipeManager/]: Parsing error loading recipe dungeons_and_combat:blue_dragon_scales_shield: com.google.gson.JsonSyntaxException: Unknown item 'iceandfire:dragonbone'
[13Jul2026 19:51:25.719] [main/ERROR] [net.minecraft.world.item.crafting.RecipeManager/]: Parsing error loading recipe dungeons_and_combat:white_helmet: com.google.gson.JsonSyntaxException: Unknown item 'iceandfire:armor_white_helmet'
[13Jul2026 19:51:25.719] [main/ERROR] [net.minecraft.world.item.crafting.RecipeManager/]: Parsing error loading recipe dungeons_and_combat:white_leggings: com.google.gson.JsonSyntaxException: Unknown item 'iceandfire:armor_white_leggings'
[13Jul2026 19:51:25.720] [main/ERROR] [net.minecraft.world.item.crafting.RecipeManager/]: Parsing error loading recipe dungeons_and_combat:dragon_lightning_greatsword_recipe: com.google.gson.JsonSyntaxException: Unknown item 'iceandfire:lightning_dragon_blood'
[13Jul2026 19:51:25.720] [main/ERROR] [net.minecraft.world.item.crafting.RecipeManager/]: Parsing error loading recipe dungeons_and_combat:green_dragon_scales_shield: com.google.gson.JsonSyntaxException: Unknown item 'iceandfire:dragonbone'
[13Jul2026 19:51:25.721] [main/ERROR] [net.minecraft.world.item.crafting.RecipeManager/]: Parsing error loading recipe dungeons_and_combat:amethyst_helmet: com.google.gson.JsonSyntaxException: Unknown item 'iceandfire:armor_amythest_helmet'
[13Jul2026 19:51:25.721] [main/ERROR] [net.minecraft.world.item.crafting.RecipeManager/]: Parsing error loading recipe dungeons_and_combat:bronze_dragon_helmet: com.google.gson.JsonSyntaxException: Unknown item 'iceandfire:armor_bronze_helmet'
[13Jul2026 19:51:25.722] [main/ERROR] [net.minecraft.world.item.crafting.RecipeManager/]: Parsing error loading recipe dungeons_and_combat:dragonsteel_ice_recipe_greatsword: com.google.gson.JsonSyntaxException: Unknown item 'iceandfire:dragonsteel_ice_ingot'
[13Jul2026 19:51:25.722] [main/ERROR] [net.minecraft.world.item.crafting.RecipeManager/]: Parsing error loading recipe dungeons_and_combat:sapphire_dragon_chestplate: com.google.gson.JsonSyntaxException: Unknown item 'iceandfire:armor_sapphire_chestplate'
[13Jul2026 19:51:25.722] [main/ERROR] [net.minecraft.world.item.crafting.RecipeManager/]: Parsing error loading recipe dungeons_and_combat:neptunium_helmet: com.google.gson.JsonSyntaxException: Unknown item 'aquaculture:neptunium_helmet'
[13Jul2026 19:51:25.723] [main/ERROR] [net.minecraft.world.item.crafting.RecipeManager/]: Parsing error loading recipe dungeons_and_combat:silver_dragon_scales_shield: com.google.gson.JsonSyntaxException: Unknown item 'iceandfire:dragonbone'
[13Jul2026 19:51:25.724] [main/ERROR] [net.minecraft.world.item.crafting.RecipeManager/]: Parsing error loading recipe dungeons_and_combat:dragon_fire_dagger_recipe: com.google.gson.JsonSyntaxException: Unknown item 'iceandfire:fire_dragon_blood'
[13Jul2026 19:51:25.725] [main/ERROR] [net.minecraft.world.item.crafting.RecipeManager/]: Parsing error loading recipe dungeons_and_combat:black_dragon_chestplate: com.google.gson.JsonSyntaxException: Unknown item 'iceandfire:armor_black_chestplate'
[13Jul2026 19:51:25.725] [main/ERROR] [net.minecraft.world.item.crafting.RecipeManager/]: Parsing error loading recipe dungeons_and_combat:red_chestplate: com.google.gson.JsonSyntaxException: Unknown item 'iceandfire:armor_red_chestplate'
[13Jul2026 19:51:25.727] [main/ERROR] [net.minecraft.world.item.crafting.RecipeManager/]: Parsing error loading recipe dungeons_and_combat:electric_helmet: com.google.gson.JsonSyntaxException: Unknown item 'iceandfire:armor_electric_helmet'
[13Jul2026 19:51:25.727] [main/ERROR] [net.minecraft.world.item.crafting.RecipeManager/]: Parsing error loading recipe dungeons_and_combat:wulfrum_greatsword_recipe: com.google.gson.JsonSyntaxException: Unknown item 'tohiro_ores:wulfrum_ingot'
[13Jul2026 19:51:25.727] [main/ERROR] [net.minecraft.world.item.crafting.RecipeManager/]: Parsing error loading recipe dungeons_and_combat:green_leggings: com.google.gson.JsonSyntaxException: Unknown item 'iceandfire:armor_green_leggings'
[13Jul2026 19:51:25.728] [main/ERROR] [net.minecraft.world.item.crafting.RecipeManager/]: Parsing error loading recipe dungeons_and_combat:gray_leggings: com.google.gson.JsonSyntaxException: Unknown item 'iceandfire:armor_gray_leggings'
[13Jul2026 19:51:25.729] [main/ERROR] [net.minecraft.world.item.crafting.RecipeManager/]: Parsing error loading recipe dungeons_and_combat:black_dragon_boots: com.google.gson.JsonSyntaxException: Unknown item 'iceandfire:armor_black_boots'
[13Jul2026 19:51:25.730] [main/ERROR] [net.minecraft.world.item.crafting.RecipeManager/]: Parsing error loading recipe dungeons_and_combat:red_helmet: com.google.gson.JsonSyntaxException: Unknown item 'iceandfire:armor_red_helmet'
[13Jul2026 19:51:25.731] [main/ERROR] [net.minecraft.world.item.crafting.RecipeManager/]: Parsing error loading recipe dungeons_and_combat:blue_boots: com.google.gson.JsonSyntaxException: Unknown item 'iceandfire:armor_blue_boots'
[13Jul2026 19:51:25.731] [main/ERROR] [net.minecraft.world.item.crafting.RecipeManager/]: Parsing error loading recipe dungeons_and_combat:dragonsteel_ice_recipe_katana: com.google.gson.JsonSyntaxException: Unknown item 'iceandfire:dragonsteel_ice_ingot'
[13Jul2026 19:51:25.733] [main/ERROR] [net.minecraft.world.item.crafting.RecipeManager/]: Parsing error loading recipe dungeons_and_combat:dragonsteel_ice_leggings: com.google.gson.JsonSyntaxException: Unknown item 'iceandfire:dragonsteel_ice_leggings'
[13Jul2026 19:51:25.735] [main/ERROR] [net.minecraft.world.item.crafting.RecipeManager/]: Parsing error loading recipe dungeons_and_combat:neptunium_boots: com.google.gson.JsonSyntaxException: Unknown item 'aquaculture:neptunium_boots'
[13Jul2026 19:51:25.735] [main/ERROR] [net.minecraft.world.item.crafting.RecipeManager/]: Parsing error loading recipe dungeons_and_combat:neptunium_trident_recipe: com.google.gson.JsonSyntaxException: Unknown item 'aquaculture:neptunium_ingot'
[13Jul2026 19:51:25.736] [main/ERROR] [net.minecraft.world.item.crafting.RecipeManager/]: Parsing error loading recipe dungeons_and_combat:silver_dragon_boots: com.google.gson.JsonSyntaxException: Unknown item 'iceandfire:armor_silver_boots'
[13Jul2026 19:51:25.736] [main/ERROR] [net.minecraft.world.item.crafting.RecipeManager/]: Parsing error loading recipe dungeons_and_combat:red_boots: com.google.gson.JsonSyntaxException: Unknown item 'iceandfire:armor_red_boots'
[13Jul2026 19:51:25.738] [main/ERROR] [net.minecraft.world.item.crafting.RecipeManager/]: Parsing error loading recipe dungeons_and_combat:green_helmet: com.google.gson.JsonSyntaxException: Unknown item 'iceandfire:armor_green_helmet'
[13Jul2026 19:51:25.739] [main/ERROR] [net.minecraft.world.item.crafting.RecipeManager/]: Parsing error loading recipe dungeons_and_combat:amethyst_boots: com.google.gson.JsonSyntaxException: Unknown item 'iceandfire:armor_amythest_boots'
[13Jul2026 19:51:25.741] [main/ERROR] [net.minecraft.world.item.crafting.RecipeManager/]: Parsing error loading recipe dungeons_and_combat:dragonsteel_ice_boots: com.google.gson.JsonSyntaxException: Unknown item 'iceandfire:dragonsteel_ice_boots'
[13Jul2026 19:51:25.742] [main/ERROR] [net.minecraft.world.item.crafting.RecipeManager/]: Parsing error loading recipe dungeons_and_combat:sapphire_dragon_boots: com.google.gson.JsonSyntaxException: Unknown item 'iceandfire:armor_sapphire_boots'
[13Jul2026 19:51:25.742] [main/ERROR] [net.minecraft.world.item.crafting.RecipeManager/]: Parsing error loading recipe dungeons_and_combat:electric_dragon_scales_shield: com.google.gson.JsonSyntaxException: Unknown item 'iceandfire:dragonbone'
[13Jul2026 19:51:25.744] [main/ERROR] [net.minecraft.world.item.crafting.RecipeManager/]: Parsing error loading recipe dungeons_and_combat:bronze_dragon_shield_recipe: com.google.gson.JsonSyntaxException: Unknown item 'iceandfire:dragonbone'
[13Jul2026 19:51:25.745] [main/ERROR] [net.minecraft.world.item.crafting.RecipeManager/]: Parsing error loading recipe dungeons_and_combat:red_leggings: com.google.gson.JsonSyntaxException: Unknown item 'iceandfire:armor_red_leggings'
[13Jul2026 19:51:25.746] [main/ERROR] [net.minecraft.world.item.crafting.RecipeManager/]: Parsing error loading recipe dungeons_and_combat:electrict_chestplate: com.google.gson.JsonSyntaxException: Unknown item 'iceandfire:armor_electric_chestplate'
[13Jul2026 19:51:25.746] [main/ERROR] [net.minecraft.world.item.crafting.RecipeManager/]: Parsing error loading recipe dungeons_and_combat:dragon_fire_lance_recipe: com.google.gson.JsonSyntaxException: Unknown item 'iceandfire:fire_dragon_blood'
[13Jul2026 19:51:25.751] [main/INFO] [net.minecraft.world.item.crafting.RecipeManager/]: Loaded 19 recipes
[13Jul2026 19:51:25.974] [main/ERROR] [net.minecraft.server.ServerAdvancementManager/]: Parsing error loading custom advancement legendary_monsters:defeat_ambusher: Expected item to be an item, was unknown string 'legendary_monsters:ancient_dripstone_shard'
[13Jul2026 19:51:26.028] [main/ERROR] [net.minecraft.advancements.AdvancementList/]: Couldn't load advancement terramity:ocarina_advancement: Task Advancement{parentId=terramity:prismatic_jewel_advancement, display=net.minecraft.advancements.DisplayInfo@63865fe7, rewards=AdvancementRewards{experience=60, loot=[], recipes=[], function=net.minecraft.commands.CommandFunction$CacheableFunction@4a3e506b}, criteria={ocarina_advancement_0=net.minecraft.advancements.Criterion@6ff3ad16}, requirements=[[ocarina_advancement_0]], sends_telemetry_event=false}
[13Jul2026 19:51:26.028] [main/ERROR] [net.minecraft.advancements.AdvancementList/]: Couldn't load advancement terramity:fairy_advancement: Task Advancement{parentId=terramity:deleted_mod_element, display=net.minecraft.advancements.DisplayInfo@3498ace8, rewards=AdvancementRewards{experience=0, loot=[], recipes=[], function=net.minecraft.commands.CommandFunction$CacheableFunction@4a3e506b}, criteria={fairy_advancement_0=net.minecraft.advancements.Criterion@f353043}, requirements=[[fairy_advancement_0]], sends_telemetry_event=false}
[13Jul2026 19:51:26.028] [main/ERROR] [net.minecraft.advancements.AdvancementList/]: Couldn't load advancement terramity:frenzied_flame_advancement: Task Advancement{parentId=terramity:prismatic_jewel_advancement, display=net.minecraft.advancements.DisplayInfo@43bd1a89, rewards=AdvancementRewards{experience=100, loot=[], recipes=[], function=net.minecraft.commands.CommandFunction$CacheableFunction@4a3e506b}, criteria={frenzied_flame_advancement_0=net.minecraft.advancements.Criterion@652c9d95}, requirements=[[frenzied_flame_advancement_0]], sends_telemetry_event=false}
[13Jul2026 19:51:26.028] [main/ERROR] [net.minecraft.advancements.AdvancementList/]: Couldn't load advancement terramity:microcosm_advancement: Task Advancement{parentId=terramity:prismatic_jewel_advancement, display=net.minecraft.advancements.DisplayInfo@53bb0769, rewards=AdvancementRewards{experience=20, loot=[], recipes=[], function=net.minecraft.commands.CommandFunction$CacheableFunction@4a3e506b}, criteria={microcosm_advancement_0=net.minecraft.advancements.Criterion@52faf8be}, requirements=[[microcosm_advancement_0]], sends_telemetry_event=false}
[13Jul2026 19:51:26.028] [main/ERROR] [net.minecraft.advancements.AdvancementList/]: Couldn't load advancement terramity:opaline_moonstone_advancement: Task Advancement{parentId=terramity:prismatic_jewel_advancement, display=net.minecraft.advancements.DisplayInfo@4f0622ca, rewards=AdvancementRewards{experience=20, loot=[], recipes=[], function=net.minecraft.commands.CommandFunction$CacheableFunction@4a3e506b}, criteria={opaline_moonstone_advancement_0=net.minecraft.advancements.Criterion@4a3c1c9c}, requirements=[[opaline_moonstone_advancement_0]], sends_telemetry_event=false}
[13Jul2026 19:51:26.028] [main/ERROR] [net.minecraft.advancements.AdvancementList/]: Couldn't load advancement terramity:prismatic_jewel_advancement: Task Advancement{parentId=terramity:fairy_advancement, display=net.minecraft.advancements.DisplayInfo@2c156416, rewards=AdvancementRewards{experience=0, loot=[], recipes=[], function=net.minecraft.commands.CommandFunction$CacheableFunction@4a3e506b}, criteria={prismatic_jewel_advancement_0=net.minecraft.advancements.Criterion@66745f4}, requirements=[[prismatic_jewel_advancement_0]], sends_telemetry_event=false}
[13Jul2026 19:51:26.028] [main/ERROR] [net.minecraft.advancements.AdvancementList/]: Couldn't load advancement terramity:angel_feather_advancement: Task Advancement{parentId=terramity:prismatic_jewel_advancement, display=net.minecraft.advancements.DisplayInfo@433c5aa2, rewards=AdvancementRewards{experience=20, loot=[], recipes=[], function=net.minecraft.commands.CommandFunction$CacheableFunction@4a3e506b}, criteria={angel_feather_advancement_0=net.minecraft.advancements.Criterion@7fc8efd4}, requirements=[[angel_feather_advancement_0]], sends_telemetry_event=false}
[13Jul2026 19:51:26.029] [main/INFO] [net.minecraft.advancements.AdvancementList/]: Loaded 4069 advancements
[13Jul2026 19:51:26.038] [main/INFO] [placebo/]: Registered 0 additional recipes.
[13Jul2026 19:51:26.040] [main/INFO] [net.threetag.palladium.Palladium/]: Loaded 0 powers
[13Jul2026 19:51:26.040] [main/INFO] [net.threetag.palladium.Palladium/]: Loaded 0 item powers
[13Jul2026 19:51:26.041] [main/INFO] [net.threetag.palladium.Palladium/]: Loaded 0 suit set powers
[13Jul2026 19:51:26.041] [main/INFO] [net.threetag.palladium.Palladium/]: Loaded 0 universes
[13Jul2026 19:51:26.041] [main/INFO] [net.threetag.palladium.Palladium/]: Loaded 0 multiversal item variants
[13Jul2026 19:51:26.227] [main/INFO] [Curios API/]: Loaded 11 curio slots
[13Jul2026 19:51:26.229] [main/INFO] [Curios API/]: Loaded 11 curio entities
[13Jul2026 19:51:26.247] [main/INFO] [com.alexander.mutantmore.data.util.CodecJsonDataManager/]: Beginning loading of data for data loader: mutation_type
[13Jul2026 19:51:26.249] [main/ERROR] [com.alexander.mutantmore.data.util.CodecJsonDataManager/]: Failed to parse data json for mutantmore:mutant_jungle_zombie due to: Unknown registry key in ResourceKey[minecraft:root / minecraft:entity_type]: dungeonsmobs:jungle_zombie
[13Jul2026 19:51:26.249] [main/ERROR] [com.alexander.mutantmore.data.util.CodecJsonDataManager/]: Failed to parse data json for mutantmore:mutant_frozen_zombie due to: Unknown registry key in ResourceKey[minecraft:root / minecraft:entity_type]: dungeonsmobs:frozen_zombie
[13Jul2026 19:51:26.250] [main/INFO] [com.alexander.mutantmore.data.util.CodecJsonDataManager/]: Data loader for mutation_type loaded 13 jsons
[13Jul2026 19:51:26.269] [main/INFO] [Dungeon Crawl/]: Loading data...
[13Jul2026 19:51:26.586] [main/INFO] [Dungeon Crawl/]: Done.
[13Jul2026 19:51:26.595] [main/INFO] [placebo/]: Registered 0 gear_sets.
[13Jul2026 19:51:26.694] [main/WARN] [ModernFix/]: Initial datapack load took 4.992 s
[13Jul2026 19:51:26.874] [main/INFO] [majruszlibrary/]: [majruszsdifficulty.json] Reloading configuration file took 9 milliseconds
[13Jul2026 19:51:26.877] [main/INFO] [majruszlibrary/]: [majruszlibrary.json] Reloading configuration file took 0 milliseconds
[13Jul2026 19:51:26.878] [Server thread/INFO] [net.minecraft.server.dedicated.DedicatedServer/]: Starting minecraft server version 1.20.1
[13Jul2026 19:51:26.879] [Server thread/INFO] [net.minecraft.server.dedicated.DedicatedServer/]: Loading properties
[13Jul2026 19:51:26.879] [Server thread/INFO] [net.minecraft.server.dedicated.DedicatedServer/]: Default game type: SURVIVAL
[13Jul2026 19:51:26.879] [Server thread/INFO] [net.minecraft.server.MinecraftServer/]: Generating keypair
[13Jul2026 19:51:26.952] [Server thread/INFO] [net.minecraft.server.dedicated.DedicatedServer/]: Starting Minecraft server on *:25565
[13Jul2026 19:51:26.995] [Server thread/INFO] [net.minecraft.server.network.ServerConnectionListener/]: Using epoll channel type
[13Jul2026 19:51:27.110] [Server thread/WARN] [net.minecraft.server.dedicated.DedicatedServer/]: **** SERVER IS RUNNING IN OFFLINE/INSECURE MODE!
[13Jul2026 19:51:27.110] [Server thread/WARN] [net.minecraft.server.dedicated.DedicatedServer/]: The server will make no attempt to authenticate usernames. Beware.
[13Jul2026 19:51:27.111] [Server thread/WARN] [net.minecraft.server.dedicated.DedicatedServer/]: While this makes the game possible to play without internet access, it also opens up the ability for hackers to connect with any username they choose.
[13Jul2026 19:51:27.111] [Server thread/WARN] [net.minecraft.server.dedicated.DedicatedServer/]: To change this, set "online-mode" to "true" in the server.properties file.
[13Jul2026 19:51:27.132] [Server thread/WARN] [net.minecraftforge.common.ForgeConfigSpec/CORE]: Configuration file ./world/serverconfig/palladium-server.toml is not correct. Correcting
[13Jul2026 19:51:27.133] [Server thread/WARN] [net.minecraftforge.common.ForgeConfigSpec/CORE]: Incorrect key worldGen was corrected from null to its default, SimpleCommentedConfig:{}. 
[13Jul2026 19:51:27.134] [Server thread/WARN] [net.minecraftforge.common.ForgeConfigSpec/CORE]: Incorrect key worldGen.redstoneFluxCrystalGeneration was corrected from null to its default, true. 
[13Jul2026 19:51:27.135] [Server thread/WARN] [net.minecraftforge.common.ForgeConfigSpec/CORE]: Incorrect key general was corrected from null to its default, SimpleCommentedConfig:{}. 
[13Jul2026 19:51:27.135] [Server thread/WARN] [net.minecraftforge.common.ForgeConfigSpec/CORE]: Incorrect key general.disabledAbilities was corrected from null to its default, []. 
[13Jul2026 19:51:27.137] [Server thread/WARN] [net.minecraftforge.common.ForgeConfigSpec/CORE]: Configuration file ./world/serverconfig/sophisticatedbackpacks-server.toml is not correct. Correcting
[13Jul2026 19:51:27.137] [Server thread/WARN] [net.minecraftforge.common.ForgeConfigSpec/CORE]: Incorrect key server was corrected from null to its default, SimpleCommentedConfig:{}. 
[13Jul2026 19:51:27.138] [Server thread/WARN] [net.minecraftforge.common.ForgeConfigSpec/CORE]: Incorrect key server.disallowedItems was corrected from null to its default, []. 
[13Jul2026 19:51:27.138] [Server thread/WARN] [net.minecraftforge.common.ForgeConfigSpec/CORE]: Incorrect key server.containerItemsDisallowed was corrected from null to its default, false. 
[13Jul2026 19:51:27.139] [Server thread/WARN] [net.minecraftforge.common.ForgeConfigSpec/CORE]: Incorrect key server.noInteractionBlocks was corrected from null to its default, []. 
[13Jul2026 19:51:27.139] [Server thread/WARN] [net.minecraftforge.common.ForgeConfigSpec/CORE]: Incorrect key server.noConnectionBlocks was corrected from null to its default, []. 
[13Jul2026 19:51:27.140] [Server thread/WARN] [net.minecraftforge.common.ForgeConfigSpec/CORE]: Incorrect key server.allBlockConnectionsDisallowed was corrected from null to its default, false. 
[13Jul2026 19:51:27.140] [Server thread/WARN] [net.minecraftforge.common.ForgeConfigSpec/CORE]: Incorrect key server.leatherBackpack was corrected from null to its default, SimpleCommentedConfig:{}. 
[13Jul2026 19:51:27.141] [Server thread/WARN] [net.minecraftforge.common.ForgeConfigSpec/CORE]: Incorrect key server.leatherBackpack.inventorySlotCount was corrected from null to its default, 27. 
[13Jul2026 19:51:27.142] [Server thread/WARN] [net.minecraftforge.common.ForgeConfigSpec/CORE]: Incorrect key server.leatherBackpack.upgradeSlotCount was corrected from null to its default, 1. 
[13Jul2026 19:51:27.142] [Server thread/WARN] [net.minecraftforge.common.ForgeConfigSpec/CORE]: Incorrect key server.copperBackpack was corrected from null to its default, SimpleCommentedConfig:{}. 
[13Jul2026 19:51:27.143] [Server thread/WARN] [net.minecraftforge.common.ForgeConfigSpec/CORE]: Incorrect key server.copperBackpack.inventorySlotCount was corrected from null to its default, 45. 
[13Jul2026 19:51:27.143] [Server thread/WARN] [net.minecraftforge.common.ForgeConfigSpec/CORE]: Incorrect key server.copperBackpack.upgradeSlotCount was corrected from null to its default, 1. 
[13Jul2026 19:51:27.143] [Server thread/WARN] [net.minecraftforge.common.ForgeConfigSpec/CORE]: Incorrect key server.ironBackpack was corrected from null to its default, SimpleCommentedConfig:{}. 
[13Jul2026 19:51:27.144] [Server thread/WARN] [net.minecraftforge.common.ForgeConfigSpec/CORE]: Incorrect key server.ironBackpack.inventorySlotCount was corrected from null to its default, 54. 
[13Jul2026 19:51:27.144] [Server thread/WARN] [net.minecraftforge.common.ForgeConfigSpec/CORE]: Incorrect key server.ironBackpack.upgradeSlotCount was corrected from null to its default, 2. 
[13Jul2026 19:51:27.145] [Server thread/WARN] [net.minecraftforge.common.ForgeConfigSpec/CORE]: Incorrect key server.goldBackpack was corrected from null to its default, SimpleCommentedConfig:{}. 
[13Jul2026 19:51:27.145] [Server thread/WARN] [net.minecraftforge.common.ForgeConfigSpec/CORE]: Incorrect key server.goldBackpack.inventorySlotCount was corrected from null to its default, 81. 
[13Jul2026 19:51:27.145] [Server thread/WARN] [net.minecraftforge.common.ForgeConfigSpec/CORE]: Incorrect key server.goldBackpack.upgradeSlotCount was corrected from null to its default, 3. 
[13Jul2026 19:51:27.145] [Server thread/WARN] [net.minecraftforge.common.ForgeConfigSpec/CORE]: Incorrect key server.diamondBackpack was corrected from null to its default, SimpleCommentedConfig:{}. 
[13Jul2026 19:51:27.146] [Server thread/WARN] [net.minecraftforge.common.ForgeConfigSpec/CORE]: Incorrect key server.diamondBackpack.inventorySlotCount was corrected from null to its default, 108. 
[13Jul2026 19:51:27.146] [Server thread/WARN] [net.minecraftforge.common.ForgeConfigSpec/CORE]: Incorrect key server.diamondBackpack.upgradeSlotCount was corrected from null to its default, 5. 
[13Jul2026 19:51:27.146] [Server thread/WARN] [net.minecraftforge.common.ForgeConfigSpec/CORE]: Incorrect key server.netheriteBackpack was corrected from null to its default, SimpleCommentedConfig:{}. 
[13Jul2026 19:51:27.146] [Server thread/WARN] [net.minecraftforge.common.ForgeConfigSpec/CORE]: Incorrect key server.netheriteBackpack.inventorySlotCount was corrected from null to its default, 120. 
[13Jul2026 19:51:27.147] [Server thread/WARN] [net.minecraftforge.common.ForgeConfigSpec/CORE]: Incorrect key server.netheriteBackpack.upgradeSlotCount was corrected from null to its default, 7. 
[13Jul2026 19:51:27.147] [Server thread/WARN] [net.minecraftforge.common.ForgeConfigSpec/CORE]: Incorrect key server.compactingUpgrade was corrected from null to its default, SimpleCommentedConfig:{}. 
[13Jul2026 19:51:27.147] [Server thread/WARN] [net.minecraftforge.common.ForgeConfigSpec/CORE]: Incorrect key server.compactingUpgrade.filterSlots was corrected from null to its default, 9. 
[13Jul2026 19:51:27.148] [Server thread/WARN] [net.minecraftforge.common.ForgeConfigSpec/CORE]: Incorrect key server.compactingUpgrade.slotsInRow was corrected from null to its default, 3. 
[13Jul2026 19:51:27.148] [Server thread/WARN] [net.minecraftforge.common.ForgeConfigSpec/CORE]: Incorrect key server.advancedCompactingUpgrade was corrected from null to its default, SimpleCommentedConfig:{}. 
[13Jul2026 19:51:27.149] [Server thread/WARN] [net.minecraftforge.common.ForgeConfigSpec/CORE]: Incorrect key server.advancedCompactingUpgrade.filterSlots was corrected from null to its default, 16. 
[13Jul2026 19:51:27.149] [Server thread/WARN] [net.minecraftforge.common.ForgeConfigSpec/CORE]: Incorrect key server.advancedCompactingUpgrade.slotsInRow was corrected from null to its default, 4. 
[13Jul2026 19:51:27.150] [Server thread/WARN] [net.minecraftforge.common.ForgeConfigSpec/CORE]: Incorrect key server.depositUpgrade was corrected from null to its default, SimpleCommentedConfig:{}. 
[13Jul2026 19:51:27.150] [Server thread/WARN] [net.minecraftforge.common.ForgeConfigSpec/CORE]: Incorrect key server.depositUpgrade.filterSlots was corrected from null to its default, 9. 
[13Jul2026 19:51:27.151] [Server thread/WARN] [net.minecraftforge.common.ForgeConfigSpec/CORE]: Incorrect key server.depositUpgrade.slotsInRow was corrected from null to its default, 3. 
[13Jul2026 19:51:27.151] [Server thread/WARN] [net.minecraftforge.common.ForgeConfigSpec/CORE]: Incorrect key server.advancedDepositUpgrade was corrected from null to its default, SimpleCommentedConfig:{}. 
[13Jul2026 19:51:27.151] [Server thread/WARN] [net.minecraftforge.common.ForgeConfigSpec/CORE]: Incorrect key server.advancedDepositUpgrade.filterSlots was corrected from null to its default, 16. 
[13Jul2026 19:51:27.152] [Server thread/WARN] [net.minecraftforge.common.ForgeConfigSpec/CORE]: Incorrect key server.advancedDepositUpgrade.slotsInRow was corrected from null to its default, 4. 
[13Jul2026 19:51:27.152] [Server thread/WARN] [net.minecraftforge.common.ForgeConfigSpec/CORE]: Incorrect key server.feedingUpgrade was corrected from null to its default, SimpleCommentedConfig:{}. 
[13Jul2026 19:51:27.152] [Server thread/WARN] [net.minecraftforge.common.ForgeConfigSpec/CORE]: Incorrect key server.feedingUpgrade.filterSlots was corrected from null to its default, 9. 
[13Jul2026 19:51:27.152] [Server thread/WARN] [net.minecraftforge.common.ForgeConfigSpec/CORE]: Incorrect key server.feedingUpgrade.slotsInRow was corrected from null to its default, 3. 
[13Jul2026 19:51:27.153] [Server thread/WARN] [net.minecraftforge.common.ForgeConfigSpec/CORE]: Incorrect key server.advancedFeedingUpgrade was corrected from null to its default, SimpleCommentedConfig:{}. 
[13Jul2026 19:51:27.153] [Server thread/WARN] [net.minecraftforge.common.ForgeConfigSpec/CORE]: Incorrect key server.advancedFeedingUpgrade.filterSlots was corrected from null to its default, 16. 
[13Jul2026 19:51:27.154] [Server thread/WARN] [net.minecraftforge.common.ForgeConfigSpec/CORE]: Incorrect key server.advancedFeedingUpgrade.slotsInRow was corrected from null to its default, 4. 
[13Jul2026 19:51:27.154] [Server thread/WARN] [net.minecraftforge.common.ForgeConfigSpec/CORE]: Incorrect key server.filterUpgrade was corrected from null to its default, SimpleCommentedConfig:{}. 
[13Jul2026 19:51:27.155] [Server thread/WARN] [net.minecraftforge.common.ForgeConfigSpec/CORE]: Incorrect key server.filterUpgrade.filterSlots was corrected from null to its default, 9. 
[13Jul2026 19:51:27.155] [Server thread/WARN] [net.minecraftforge.common.ForgeConfigSpec/CORE]: Incorrect key server.filterUpgrade.slotsInRow was corrected from null to its default, 3. 
[13Jul2026 19:51:27.155] [Server thread/WARN] [net.minecraftforge.common.ForgeConfigSpec/CORE]: Incorrect key server.advancedFilterUpgrade was corrected from null to its default, SimpleCommentedConfig:{}. 
[13Jul2026 19:51:27.156] [Server thread/WARN] [net.minecraftforge.common.ForgeConfigSpec/CORE]: Incorrect key server.advancedFilterUpgrade.filterSlots was corrected from null to its default, 16. 
[13Jul2026 19:51:27.156] [Server thread/WARN] [net.minecraftforge.common.ForgeConfigSpec/CORE]: Incorrect key server.advancedFilterUpgrade.slotsInRow was corrected from null to its default, 4. 
[13Jul2026 19:51:27.157] [Server thread/WARN] [net.minecraftforge.common.ForgeConfigSpec/CORE]: Incorrect key server.magnetUpgrade was corrected from null to its default, SimpleCommentedConfig:{}. 
[13Jul2026 19:51:27.157] [Server thread/WARN] [net.minecraftforge.common.ForgeConfigSpec/CORE]: Incorrect key server.magnetUpgrade.filterSlots was corrected from null to its default, 9. 
[13Jul2026 19:51:27.157] [Server thread/WARN] [net.minecraftforge.common.ForgeConfigSpec/CORE]: Incorrect key server.magnetUpgrade.slotsInRow was corrected from null to its default, 3. 
[13Jul2026 19:51:27.158] [Server thread/WARN] [net.minecraftforge.common.ForgeConfigSpec/CORE]: Incorrect key server.magnetUpgrade.magnetRange was corrected from null to its default, 3. 
[13Jul2026 19:51:27.158] [Server thread/WARN] [net.minecraftforge.common.ForgeConfigSpec/CORE]: Incorrect key server.advancedMagnetUpgrade was corrected from null to its default, SimpleCommentedConfig:{}. 
[13Jul2026 19:51:27.159] [Server thread/WARN] [net.minecraftforge.common.ForgeConfigSpec/CORE]: Incorrect key server.advancedMagnetUpgrade.filterSlots was corrected from null to its default, 16. 
[13Jul2026 19:51:27.159] [Server thread/WARN] [net.minecraftforge.common.ForgeConfigSpec/CORE]: Incorrect key server.advancedMagnetUpgrade.slotsInRow was corrected from null to its default, 4. 
[13Jul2026 19:51:27.159] [Server thread/WARN] [net.minecraftforge.common.ForgeConfigSpec/CORE]: Incorrect key server.advancedMagnetUpgrade.magnetRange was corrected from null to its default, 5. 
[13Jul2026 19:51:27.160] [Server thread/WARN] [net.minecraftforge.common.ForgeConfigSpec/CORE]: Incorrect key server.pickupUpgrade was corrected from null to its default, SimpleCommentedConfig:{}. 
[13Jul2026 19:51:27.160] [Server thread/WARN] [net.minecraftforge.common.ForgeConfigSpec/CORE]: Incorrect key server.pickupUpgrade.filterSlots was corrected from null to its default, 9. 
[13Jul2026 19:51:27.161] [Server thread/WARN] [net.minecraftforge.common.ForgeConfigSpec/CORE]: Incorrect key server.pickupUpgrade.slotsInRow was corrected from null to its default, 3. 
[13Jul2026 19:51:27.161] [Server thread/WARN] [net.minecraftforge.common.ForgeConfigSpec/CORE]: Incorrect key server.advancedPickupUpgrade was corrected from null to its default, SimpleCommentedConfig:{}. 
[13Jul2026 19:51:27.161] [Server thread/WARN] [net.minecraftforge.common.ForgeConfigSpec/CORE]: Incorrect key server.advancedPickupUpgrade.filterSlots was corrected from null to its default, 16. 
[13Jul2026 19:51:27.162] [Server thread/WARN] [net.minecraftforge.common.ForgeConfigSpec/CORE]: Incorrect key server.advancedPickupUpgrade.slotsInRow was corrected from null to its default, 4. 
[13Jul2026 19:51:27.162] [Server thread/WARN] [net.minecraftforge.common.ForgeConfigSpec/CORE]: Incorrect key server.refillUpgrade was corrected from null to its default, SimpleCommentedConfig:{}. 
[13Jul2026 19:51:27.162] [Server thread/WARN] [net.minecraftforge.common.ForgeConfigSpec/CORE]: Incorrect key server.refillUpgrade.filterSlots was corrected from null to its default, 6. 
[13Jul2026 19:51:27.163] [Server thread/WARN] [net.minecraftforge.common.ForgeConfigSpec/CORE]: Incorrect key server.refillUpgrade.slotsInRow was corrected from null to its default, 3. 
[13Jul2026 19:51:27.163] [Server thread/WARN] [net.minecraftforge.common.ForgeConfigSpec/CORE]: Incorrect key server.advancedRefillUpgrade was corrected from null to its default, SimpleCommentedConfig:{}. 
[13Jul2026 19:51:27.163] [Server thread/WARN] [net.minecraftforge.common.ForgeConfigSpec/CORE]: Incorrect key server.advancedRefillUpgrade.filterSlots was corrected from null to its default, 12. 
[13Jul2026 19:51:27.164] [Server thread/WARN] [net.minecraftforge.common.ForgeConfigSpec/CORE]: Incorrect key server.advancedRefillUpgrade.slotsInRow was corrected from null to its default, 4. 
[13Jul2026 19:51:27.164] [Server thread/WARN] [net.minecraftforge.common.ForgeConfigSpec/CORE]: Incorrect key server.restockUpgrade was corrected from null to its default, SimpleCommentedConfig:{}. 
[13Jul2026 19:51:27.164] [Server thread/WARN] [net.minecraftforge.common.ForgeConfigSpec/CORE]: Incorrect key server.restockUpgrade.filterSlots was corrected from null to its default, 9. 
[13Jul2026 19:51:27.165] [Server thread/WARN] [net.minecraftforge.common.ForgeConfigSpec/CORE]: Incorrect key server.restockUpgrade.slotsInRow was corrected from null to its default, 3. 
[13Jul2026 19:51:27.165] [Server thread/WARN] [net.minecraftforge.common.ForgeConfigSpec/CORE]: Incorrect key server.advancedRestockUpgrade was corrected from null to its default, SimpleCommentedConfig:{}. 
[13Jul2026 19:51:27.165] [Server thread/WARN] [net.minecraftforge.common.ForgeConfigSpec/CORE]: Incorrect key server.advancedRestockUpgrade.filterSlots was corrected from null to its default, 16. 
[13Jul2026 19:51:27.165] [Server thread/WARN] [net.minecraftforge.common.ForgeConfigSpec/CORE]: Incorrect key server.advancedRestockUpgrade.slotsInRow was corrected from null to its default, 4. 
[13Jul2026 19:51:27.165] [Server thread/WARN] [net.minecraftforge.common.ForgeConfigSpec/CORE]: Incorrect key server.voidUpgrade was corrected from null to its default, SimpleCommentedConfig:{}. 
[13Jul2026 19:51:27.166] [Server thread/WARN] [net.minecraftforge.common.ForgeConfigSpec/CORE]: Incorrect key server.voidUpgrade.filterSlots was corrected from null to its default, 9. 
[13Jul2026 19:51:27.166] [Server thread/WARN] [net.minecraftforge.common.ForgeConfigSpec/CORE]: Incorrect key server.voidUpgrade.slotsInRow was corrected from null to its default, 3. 
[13Jul2026 19:51:27.166] [Server thread/WARN] [net.minecraftforge.common.ForgeConfigSpec/CORE]: Incorrect key server.voidUpgrade.voidAlwaysEnabled was corrected from null to its default, true. 
[13Jul2026 19:51:27.167] [Server thread/WARN] [net.minecraftforge.common.ForgeConfigSpec/CORE]: Incorrect key server.advancedVoidUpgrade was corrected from null to its default, SimpleCommentedConfig:{}. 
[13Jul2026 19:51:27.167] [Server thread/WARN] [net.minecraftforge.common.ForgeConfigSpec/CORE]: Incorrect key server.advancedVoidUpgrade.filterSlots was corrected from null to its default, 16. 
[13Jul2026 19:51:27.167] [Server thread/WARN] [net.minecraftforge.common.ForgeConfigSpec/CORE]: Incorrect key server.advancedVoidUpgrade.slotsInRow was corrected from null to its default, 4. 
[13Jul2026 19:51:27.168] [Server thread/WARN] [net.minecraftforge.common.ForgeConfigSpec/CORE]: Incorrect key server.advancedVoidUpgrade.voidAlwaysEnabled was corrected from null to its default, true. 
[13Jul2026 19:51:27.168] [Server thread/WARN] [net.minecraftforge.common.ForgeConfigSpec/CORE]: Incorrect key server.stackUpgrade was corrected from null to its default, SimpleCommentedConfig:{}. 
[13Jul2026 19:51:27.169] [Server thread/WARN] [net.minecraftforge.common.ForgeConfigSpec/CORE]: Incorrect key server.stackUpgrade.nonStackableItems was corrected from null to its default, [minecraft:bundle, minecraft:shulker_box, minecraft:white_shulker_box, minecraft:orange_shulker_box, minecraft:magenta_shulker_box, minecraft:light_blue_shulker_box, minecraft:yellow_shulker_box, minecraft:lime_shulker_box, minecraft:pink_shulker_box, minecraft:gray_shulker_box, minecraft:light_gray_shulker_box, minecraft:cyan_shulker_box, minecraft:purple_shulker_box, minecraft:blue_shulker_box, minecraft:brown_shulker_box, minecraft:green_shulker_box, minecraft:red_shulker_box, minecraft:black_shulker_box]. 
[13Jul2026 19:51:27.169] [Server thread/WARN] [net.minecraftforge.common.ForgeConfigSpec/CORE]: Incorrect key server.smeltingUpgrade was corrected from null to its default, SimpleCommentedConfig:{}. 
[13Jul2026 19:51:27.170] [Server thread/WARN] [net.minecraftforge.common.ForgeConfigSpec/CORE]: Incorrect key server.smeltingUpgrade.smeltingSpeedMultiplier was corrected from null to its default, 1.0. 
[13Jul2026 19:51:27.170] [Server thread/WARN] [net.minecraftforge.common.ForgeConfigSpec/CORE]: Incorrect key server.smeltingUpgrade.fuelEfficiencyMultiplier was corrected from null to its default, 1.0. 
[13Jul2026 19:51:27.170] [Server thread/WARN] [net.minecraftforge.common.ForgeConfigSpec/CORE]: Incorrect key server.smokingUpgrade was corrected from null to its default, SimpleCommentedConfig:{}. 
[13Jul2026 19:51:27.171] [Server thread/WARN] [net.minecraftforge.common.ForgeConfigSpec/CORE]: Incorrect key server.smokingUpgrade.smeltingSpeedMultiplier was corrected from null to its default, 1.0. 
[13Jul2026 19:51:27.171] [Server thread/WARN] [net.minecraftforge.common.ForgeConfigSpec/CORE]: Incorrect key server.smokingUpgrade.fuelEfficiencyMultiplier was corrected from null to its default, 1.0. 
[13Jul2026 19:51:27.171] [Server thread/WARN] [net.minecraftforge.common.ForgeConfigSpec/CORE]: Incorrect key server.blastingUpgrade was corrected from null to its default, SimpleCommentedConfig:{}. 
[13Jul2026 19:51:27.172] [Server thread/WARN] [net.minecraftforge.common.ForgeConfigSpec/CORE]: Incorrect key server.blastingUpgrade.smeltingSpeedMultiplier was corrected from null to its default, 1.0. 
[13Jul2026 19:51:27.172] [Server thread/WARN] [net.minecraftforge.common.ForgeConfigSpec/CORE]: Incorrect key server.blastingUpgrade.fuelEfficiencyMultiplier was corrected from null to its default, 1.0. 
[13Jul2026 19:51:27.172] [Server thread/WARN] [net.minecraftforge.common.ForgeConfigSpec/CORE]: Incorrect key server.autoSmeltingUpgrade was corrected from null to its default, SimpleCommentedConfig:{}. 
[13Jul2026 19:51:27.172] [Server thread/WARN] [net.minecraftforge.common.ForgeConfigSpec/CORE]: Incorrect key server.autoSmeltingUpgrade.smeltingSpeedMultiplier was corrected from null to its default, 1.0. 
[13Jul2026 19:51:27.172] [Server thread/WARN] [net.minecraftforge.common.ForgeConfigSpec/CORE]: Incorrect key server.autoSmeltingUpgrade.fuelEfficiencyMultiplier was corrected from null to its default, 1.0. 
[13Jul2026 19:51:27.172] [Server thread/WARN] [net.minecraftforge.common.ForgeConfigSpec/CORE]: Incorrect key server.autoSmeltingUpgrade.inputFilterSlots was corrected from null to its default, 8. 
[13Jul2026 19:51:27.172] [Server thread/WARN] [net.minecraftforge.common.ForgeConfigSpec/CORE]: Incorrect key server.autoSmeltingUpgrade.inputFilterSlotsInRow was corrected from null to its default, 4. 
[13Jul2026 19:51:27.173] [Server thread/WARN] [net.minecraftforge.common.ForgeConfigSpec/CORE]: Incorrect key server.autoSmeltingUpgrade.fuelFilterSlots was corrected from null to its default, 4. 
[13Jul2026 19:51:27.173] [Server thread/WARN] [net.minecraftforge.common.ForgeConfigSpec/CORE]: Incorrect key server.autoSmeltingUpgrade.fuelFilterSlotsInRow was corrected from null to its default, 4. 
[13Jul2026 19:51:27.173] [Server thread/WARN] [net.minecraftforge.common.ForgeConfigSpec/CORE]: Incorrect key server.autoSmokingUpgrade was corrected from null to its default, SimpleCommentedConfig:{}. 
[13Jul2026 19:51:27.173] [Server thread/WARN] [net.minecraftforge.common.ForgeConfigSpec/CORE]: Incorrect key server.autoSmokingUpgrade.smeltingSpeedMultiplier was corrected from null to its default, 1.0. 
[13Jul2026 19:51:27.173] [Server thread/WARN] [net.minecraftforge.common.ForgeConfigSpec/CORE]: Incorrect key server.autoSmokingUpgrade.fuelEfficiencyMultiplier was corrected from null to its default, 1.0. 
[13Jul2026 19:51:27.174] [Server thread/WARN] [net.minecraftforge.common.ForgeConfigSpec/CORE]: Incorrect key server.autoSmokingUpgrade.inputFilterSlots was corrected from null to its default, 8. 
[13Jul2026 19:51:27.174] [Server thread/WARN] [net.minecraftforge.common.ForgeConfigSpec/CORE]: Incorrect key server.autoSmokingUpgrade.inputFilterSlotsInRow was corrected from null to its default, 4. 
[13Jul2026 19:51:27.175] [Server thread/WARN] [net.minecraftforge.common.ForgeConfigSpec/CORE]: Incorrect key server.autoSmokingUpgrade.fuelFilterSlots was corrected from null to its default, 4. 
[13Jul2026 19:51:27.175] [Server thread/WARN] [net.minecraftforge.common.ForgeConfigSpec/CORE]: Incorrect key server.autoSmokingUpgrade.fuelFilterSlotsInRow was corrected from null to its default, 4. 
[13Jul2026 19:51:27.175] [Server thread/WARN] [net.minecraftforge.common.ForgeConfigSpec/CORE]: Incorrect key server.autoBlastingUpgrade was corrected from null to its default, SimpleCommentedConfig:{}. 
[13Jul2026 19:51:27.176] [Server thread/WARN] [net.minecraftforge.common.ForgeConfigSpec/CORE]: Incorrect key server.autoBlastingUpgrade.smeltingSpeedMultiplier was corrected from null to its default, 1.0. 
[13Jul2026 19:51:27.176] [Server thread/WARN] [net.minecraftforge.common.ForgeConfigSpec/CORE]: Incorrect key server.autoBlastingUpgrade.fuelEfficiencyMultiplier was corrected from null to its default, 1.0. 
[13Jul2026 19:51:27.176] [Server thread/WARN] [net.minecraftforge.common.ForgeConfigSpec/CORE]: Incorrect key server.autoBlastingUpgrade.inputFilterSlots was corrected from null to its default, 8. 
[13Jul2026 19:51:27.177] [Server thread/WARN] [net.minecraftforge.common.ForgeConfigSpec/CORE]: Incorrect key server.autoBlastingUpgrade.inputFilterSlotsInRow was corrected from null to its default, 4. 
[13Jul2026 19:51:27.177] [Server thread/WARN] [net.minecraftforge.common.ForgeConfigSpec/CORE]: Incorrect key server.autoBlastingUpgrade.fuelFilterSlots was corrected from null to its default, 4. 
[13Jul2026 19:51:27.178] [Server thread/WARN] [net.minecraftforge.common.ForgeConfigSpec/CORE]: Incorrect key server.autoBlastingUpgrade.fuelFilterSlotsInRow was corrected from null to its default, 4. 
[13Jul2026 19:51:27.178] [Server thread/WARN] [net.minecraftforge.common.ForgeConfigSpec/CORE]: Incorrect key server.inceptionUpgrade was corrected from null to its default, SimpleCommentedConfig:{}. 
[13Jul2026 19:51:27.178] [Server thread/WARN] [net.minecraftforge.common.ForgeConfigSpec/CORE]: Incorrect key server.inceptionUpgrade.upgradesUseInventoriesOfBackpacksInBackpack was corrected from null to its default, true. 
[13Jul2026 19:51:27.179] [Server thread/WARN] [net.minecraftforge.common.ForgeConfigSpec/CORE]: Incorrect key server.inceptionUpgrade.upgradesInContainedBackpacksAreFunctional was corrected from null to its default, true. 
[13Jul2026 19:51:27.179] [Server thread/WARN] [net.minecraftforge.common.ForgeConfigSpec/CORE]: Incorrect key server.toolSwapperUpgrade was corrected from null to its default, SimpleCommentedConfig:{}. 
[13Jul2026 19:51:27.179] [Server thread/WARN] [net.minecraftforge.common.ForgeConfigSpec/CORE]: Incorrect key server.toolSwapperUpgrade.filterSlots was corrected from null to its default, 8. 
[13Jul2026 19:51:27.179] [Server thread/WARN] [net.minecraftforge.common.ForgeConfigSpec/CORE]: Incorrect key server.toolSwapperUpgrade.slotsInRow was corrected from null to its default, 4. 
[13Jul2026 19:51:27.180] [Server thread/WARN] [net.minecraftforge.common.ForgeConfigSpec/CORE]: Incorrect key server.tankUpgrade was corrected from null to its default, SimpleCommentedConfig:{}. 
[13Jul2026 19:51:27.180] [Server thread/WARN] [net.minecraftforge.common.ForgeConfigSpec/CORE]: Incorrect key server.tankUpgrade.capacityPerSlotRow was corrected from null to its default, 4000. 
[13Jul2026 19:51:27.180] [Server thread/WARN] [net.minecraftforge.common.ForgeConfigSpec/CORE]: Incorrect key server.tankUpgrade.stackMultiplierRatio was corrected from null to its default, 1.0. 
[13Jul2026 19:51:27.181] [Server thread/WARN] [net.minecraftforge.common.ForgeConfigSpec/CORE]: Incorrect key server.tankUpgrade.autoFillDrainContainerCooldown was corrected from null to its default, 20. 
[13Jul2026 19:51:27.181] [Server thread/WARN] [net.minecraftforge.common.ForgeConfigSpec/CORE]: Incorrect key server.tankUpgrade.maxInputOutput was corrected from null to its default, 20. 
[13Jul2026 19:51:27.182] [Server thread/WARN] [net.minecraftforge.common.ForgeConfigSpec/CORE]: Incorrect key server.tankUpgrade.energyPerSlotRow was corrected from null to its default, 10000. 
[13Jul2026 19:51:27.182] [Server thread/WARN] [net.minecraftforge.common.ForgeConfigSpec/CORE]: Incorrect key server.pumpUpgrade was corrected from null to its default, SimpleCommentedConfig:{}. 
[13Jul2026 19:51:27.182] [Server thread/WARN] [net.minecraftforge.common.ForgeConfigSpec/CORE]: Incorrect key server.pumpUpgrade.filterSlots was corrected from null to its default, 4. 
[13Jul2026 19:51:27.182] [Server thread/WARN] [net.minecraftforge.common.ForgeConfigSpec/CORE]: Incorrect key server.pumpUpgrade.maxInputOutput was corrected from null to its default, 20. 
[13Jul2026 19:51:27.183] [Server thread/WARN] [net.minecraftforge.common.ForgeConfigSpec/CORE]: Incorrect key server.pumpUpgrade.stackMultiplierRatio was corrected from null to its default, 1.0. 
[13Jul2026 19:51:27.183] [Server thread/WARN] [net.minecraftforge.common.ForgeConfigSpec/CORE]: Incorrect key server.xpPumpUpgrade was corrected from null to its default, SimpleCommentedConfig:{}. 
[13Jul2026 19:51:27.183] [Server thread/WARN] [net.minecraftforge.common.ForgeConfigSpec/CORE]: Incorrect key server.xpPumpUpgrade.mendingOn was corrected from null to its default, true. 
[13Jul2026 19:51:27.183] [Server thread/WARN] [net.minecraftforge.common.ForgeConfigSpec/CORE]: Incorrect key server.xpPumpUpgrade.maxXpPointsPerMending was corrected from null to its default, 5. 
[13Jul2026 19:51:27.184] [Server thread/WARN] [net.minecraftforge.common.ForgeConfigSpec/CORE]: Incorrect key server.advancedJukeboxUpgrade was corrected from null to its default, SimpleCommentedConfig:{}. 
[13Jul2026 19:51:27.184] [Server thread/WARN] [net.minecraftforge.common.ForgeConfigSpec/CORE]: Incorrect key server.advancedJukeboxUpgrade.numberOfSlots was corrected from null to its default, 12. 
[13Jul2026 19:51:27.184] [Server thread/WARN] [net.minecraftforge.common.ForgeConfigSpec/CORE]: Incorrect key server.advancedJukeboxUpgrade.slotsInRow was corrected from null to its default, 4. 
[13Jul2026 19:51:27.184] [Server thread/WARN] [net.minecraftforge.common.ForgeConfigSpec/CORE]: Incorrect key server.alchemyUpgrade was corrected from null to its default, SimpleCommentedConfig:{}. 
[13Jul2026 19:51:27.184] [Server thread/WARN] [net.minecraftforge.common.ForgeConfigSpec/CORE]: Incorrect key server.alchemyUpgrade.filterSlots was corrected from null to its default, 4. 
[13Jul2026 19:51:27.185] [Server thread/WARN] [net.minecraftforge.common.ForgeConfigSpec/CORE]: Incorrect key server.advancedAlchemyUpgrade was corrected from null to its default, SimpleCommentedConfig:{}. 
[13Jul2026 19:51:27.185] [Server thread/WARN] [net.minecraftforge.common.ForgeConfigSpec/CORE]: Incorrect key server.advancedAlchemyUpgrade.filterSlots was corrected from null to its default, 8. 
[13Jul2026 19:51:27.185] [Server thread/WARN] [net.minecraftforge.common.ForgeConfigSpec/CORE]: Incorrect key server.mobCatcherUpgrade was corrected from null to its default, SimpleCommentedConfig:{}. 
[13Jul2026 19:51:27.185] [Server thread/WARN] [net.minecraftforge.common.ForgeConfigSpec/CORE]: Incorrect key server.mobCatcherUpgrade.basicMaxSlotCost was corrected from null to its default, 18. 
[13Jul2026 19:51:27.185] [Server thread/WARN] [net.minecraftforge.common.ForgeConfigSpec/CORE]: Incorrect key server.mobCatcherUpgrade.advancedMaxSlotCost was corrected from null to its default, 72. 
[13Jul2026 19:51:27.186] [Server thread/WARN] [net.minecraftforge.common.ForgeConfigSpec/CORE]: Incorrect key server.mobCatcherUpgrade.animalMultiplier was corrected from null to its default, 1.0. 
[13Jul2026 19:51:27.186] [Server thread/WARN] [net.minecraftforge.common.ForgeConfigSpec/CORE]: Incorrect key server.mobCatcherUpgrade.hostileMultiplier was corrected from null to its default, 2.0. 
[13Jul2026 19:51:27.186] [Server thread/WARN] [net.minecraftforge.common.ForgeConfigSpec/CORE]: Incorrect key server.mobCatcherUpgrade.disallowInventoryEntities was corrected from null to its default, false. 
[13Jul2026 19:51:27.186] [Server thread/WARN] [net.minecraftforge.common.ForgeConfigSpec/CORE]: Incorrect key server.mobCatcherUpgrade.entityBlockList was corrected from null to its default, [minecraft:wither]. 
[13Jul2026 19:51:27.187] [Server thread/WARN] [net.minecraftforge.common.ForgeConfigSpec/CORE]: Incorrect key server.mobCatcherUpgrade.hostileOverrides was corrected from null to its default, [minecraft:enderman]. 
[13Jul2026 19:51:27.187] [Server thread/WARN] [net.minecraftforge.common.ForgeConfigSpec/CORE]: Incorrect key server.mobCatcherUpgrade.passiveOverrides was corrected from null to its default, [minecraft:villager]. 
[13Jul2026 19:51:27.187] [Server thread/WARN] [net.minecraftforge.common.ForgeConfigSpec/CORE]: Incorrect key server.entityBackpackAdditions was corrected from null to its default, SimpleCommentedConfig:{}. 
[13Jul2026 19:51:27.187] [Server thread/WARN] [net.minecraftforge.common.ForgeConfigSpec/CORE]: Incorrect key server.entityBackpackAdditions.chance was corrected from null to its default, 0.01. 
[13Jul2026 19:51:27.187] [Server thread/WARN] [net.minecraftforge.common.ForgeConfigSpec/CORE]: Incorrect key server.entityBackpackAdditions.addLoot was corrected from null to its default, true. 
[13Jul2026 19:51:27.187] [Server thread/WARN] [net.minecraftforge.common.ForgeConfigSpec/CORE]: Incorrect key server.entityBackpackAdditions.buffWithPotionEffects was corrected from null to its default, true. 
[13Jul2026 19:51:27.187] [Server thread/WARN] [net.minecraftforge.common.ForgeConfigSpec/CORE]: Incorrect key server.entityBackpackAdditions.buffHealth was corrected from null to its default, true. 
[13Jul2026 19:51:27.187] [Server thread/WARN] [net.minecraftforge.common.ForgeConfigSpec/CORE]: Incorrect key server.entityBackpackAdditions.equipWithArmor was corrected from null to its default, true. 
[13Jul2026 19:51:27.188] [Server thread/WARN] [net.minecraftforge.common.ForgeConfigSpec/CORE]: Incorrect key server.entityBackpackAdditions.entityLootTableList was corrected from null to its default, [minecraft:creeper|minecraft:chests/desert_pyramid, minecraft:drowned|minecraft:chests/shipwreck_treasure, minecraft:enderman|minecraft:chests/end_city_treasure, minecraft:evoker|minecraft:chests/woodland_mansion, minecraft:husk|minecraft:chests/desert_pyramid, minecraft:piglin|minecraft:chests/bastion_bridge, minecraft:piglin_brute|minecraft:chests/bastion_treasure, minecraft:pillager|minecraft:chests/pillager_outpost, minecraft:skeleton|minecraft:chests/simple_dungeon, minecraft:stray|minecraft:chests/igloo_chest, minecraft:vex|minecraft:chests/woodland_mansion, minecraft:vindicator|minecraft:chests/woodland_mansion, minecraft:witch|minecraft:chests/buried_treasure, minecraft:wither_skeleton|minecraft:chests/nether_bridge, minecraft:zombie|minecraft:chests/simple_dungeon, minecraft:zombie_villager|minecraft:chests/village/village_armorer, minecraft:zombified_piglin|minecraft:chests/bastion_other]. 
[13Jul2026 19:51:27.189] [Server thread/WARN] [net.minecraftforge.common.ForgeConfigSpec/CORE]: Incorrect key server.entityBackpackAdditions.discBlockList was corrected from null to its default, [botania:record_gaia_1, botania:record_gaia_2]. 
[13Jul2026 19:51:27.189] [Server thread/WARN] [net.minecraftforge.common.ForgeConfigSpec/CORE]: Incorrect key server.entityBackpackAdditions.playJukebox was corrected from null to its default, true. 
[13Jul2026 19:51:27.189] [Server thread/WARN] [net.minecraftforge.common.ForgeConfigSpec/CORE]: Incorrect key server.entityBackpackAdditions.dropToFakePlayers was corrected from null to its default, false. 
[13Jul2026 19:51:27.190] [Server thread/WARN] [net.minecraftforge.common.ForgeConfigSpec/CORE]: Incorrect key server.entityBackpackAdditions.backpackDropChance was corrected from null to its default, 0.5. 
[13Jul2026 19:51:27.190] [Server thread/WARN] [net.minecraftforge.common.ForgeConfigSpec/CORE]: Incorrect key server.entityBackpackAdditions.lootingChanceIncreasePerLevel was corrected from null to its default, 0.15. 
[13Jul2026 19:51:27.190] [Server thread/WARN] [net.minecraftforge.common.ForgeConfigSpec/CORE]: Incorrect key server.entityBackpackAdditions.leatherWeight was corrected from null to its default, 625. 
[13Jul2026 19:51:27.190] [Server thread/WARN] [net.minecraftforge.common.ForgeConfigSpec/CORE]: Incorrect key server.entityBackpackAdditions.copperWeight was corrected from null to its default, 250. 
[13Jul2026 19:51:27.190] [Server thread/WARN] [net.minecraftforge.common.ForgeConfigSpec/CORE]: Incorrect key server.entityBackpackAdditions.ironWeight was corrected from null to its default, 125. 
[13Jul2026 19:51:27.191] [Server thread/WARN] [net.minecraftforge.common.ForgeConfigSpec/CORE]: Incorrect key server.entityBackpackAdditions.goldWeight was corrected from null to its default, 25. 
[13Jul2026 19:51:27.191] [Server thread/WARN] [net.minecraftforge.common.ForgeConfigSpec/CORE]: Incorrect key server.entityBackpackAdditions.diamondWeight was corrected from null to its default, 5. 
[13Jul2026 19:51:27.191] [Server thread/WARN] [net.minecraftforge.common.ForgeConfigSpec/CORE]: Incorrect key server.entityBackpackAdditions.netheriteWeight was corrected from null to its default, 1. 
[13Jul2026 19:51:27.191] [Server thread/WARN] [net.minecraftforge.common.ForgeConfigSpec/CORE]: Incorrect key server.entityBackpackAdditions.minBackpackTierMidDifficulty was corrected from null to its default, 1. 
[13Jul2026 19:51:27.191] [Server thread/WARN] [net.minecraftforge.common.ForgeConfigSpec/CORE]: Incorrect key server.entityBackpackAdditions.minBackpackTierHighDifficulty was corrected from null to its default, 2. 
[13Jul2026 19:51:27.192] [Server thread/WARN] [net.minecraftforge.common.ForgeConfigSpec/CORE]: Incorrect key server.entityBackpackAdditions.localDifficultyEffectsBackpackSpawns was corrected from null to its default, true. 
[13Jul2026 19:51:27.192] [Server thread/WARN] [net.minecraftforge.common.ForgeConfigSpec/CORE]: Incorrect key server.nerfs was corrected from null to its default, SimpleCommentedConfig:{}. 
[13Jul2026 19:51:27.192] [Server thread/WARN] [net.minecraftforge.common.ForgeConfigSpec/CORE]: Incorrect key server.nerfs.tooManyBackpacksSlowness was corrected from null to its default, false. 
[13Jul2026 19:51:27.192] [Server thread/WARN] [net.minecraftforge.common.ForgeConfigSpec/CORE]: Incorrect key server.nerfs.maxNumberOfBackpacks was corrected from null to its default, 3. 
[13Jul2026 19:51:27.192] [Server thread/WARN] [net.minecraftforge.common.ForgeConfigSpec/CORE]: Incorrect key server.nerfs.slownessLevelsPerAdditionalBackpack was corrected from null to its default, 1.0. 
[13Jul2026 19:51:27.193] [Server thread/WARN] [net.minecraftforge.common.ForgeConfigSpec/CORE]: Incorrect key server.nerfs.onlyWornBackpackTriggersUpgrades was corrected from null to its default, false. 
[13Jul2026 19:51:27.193] [Server thread/WARN] [net.minecraftforge.common.ForgeConfigSpec/CORE]: Incorrect key server.nerfs.nerfEffect was corrected from null to its default, minecraft:slowness. 
[13Jul2026 19:51:27.193] [Server thread/WARN] [net.minecraftforge.common.ForgeConfigSpec/CORE]: Incorrect key server.maxUpgradesPerStorage was corrected from null to its default, [furnace_upgrades|1, stack_upgrades|3, jukebox_upgrades|1]. 
[13Jul2026 19:51:27.193] [Server thread/WARN] [net.minecraftforge.common.ForgeConfigSpec/CORE]: Incorrect key server.itemFluidHandlerEnabled was corrected from null to its default, true. 
[13Jul2026 19:51:27.194] [Server thread/WARN] [net.minecraftforge.common.ForgeConfigSpec/CORE]: Incorrect key server.allowOpeningOtherPlayerBackpacks was corrected from null to its default, true. 
[13Jul2026 19:51:27.194] [Server thread/WARN] [net.minecraftforge.common.ForgeConfigSpec/CORE]: Incorrect key server.itemDisplayDisabled was corrected from null to its default, false. 
[13Jul2026 19:51:27.194] [Server thread/WARN] [net.minecraftforge.common.ForgeConfigSpec/CORE]: Incorrect key server.tickDedupeLogicDisabled was corrected from null to its default, false. 
[13Jul2026 19:51:27.194] [Server thread/WARN] [net.minecraftforge.common.ForgeConfigSpec/CORE]: Incorrect key server.canBePlacedInContainerItems was corrected from null to its default, false. 
[13Jul2026 19:51:27.204] [Server thread/WARN] [net.minecraftforge.common.ForgeConfigSpec/CORE]: Configuration file ./world/serverconfig/block_factorys_bosses-server.toml is not correct. Correcting
[13Jul2026 19:51:27.205] [Server thread/WARN] [net.minecraftforge.common.ForgeConfigSpec/CORE]: Incorrect key Boss Health was corrected from null to its default, SimpleCommentedConfig:{}. 
[13Jul2026 19:51:27.205] [Server thread/WARN] [net.minecraftforge.common.ForgeConfigSpec/CORE]: Incorrect key Boss Health.Sandworm Health was corrected from null to its default, 200.0. 
[13Jul2026 19:51:27.205] [Server thread/WARN] [net.minecraftforge.common.ForgeConfigSpec/CORE]: Incorrect key Boss Health.Yeti Health was corrected from null to its default, 250.0. 
[13Jul2026 19:51:27.205] [Server thread/WARN] [net.minecraftforge.common.ForgeConfigSpec/CORE]: Incorrect key Boss Health.Dragon Health was corrected from null to its default, 250.0. 
[13Jul2026 19:51:27.205] [Server thread/WARN] [net.minecraftforge.common.ForgeConfigSpec/CORE]: Incorrect key Boss Health.Knight Health was corrected from null to its default, 280.0. 
[13Jul2026 19:51:27.205] [Server thread/WARN] [net.minecraftforge.common.ForgeConfigSpec/CORE]: Incorrect key Boss Health.Kraken Health was corrected from null to its default, 500.0. 
[13Jul2026 19:51:27.206] [Server thread/WARN] [net.minecraftforge.common.ForgeConfigSpec/CORE]: Incorrect key Boss Armor was corrected from null to its default, SimpleCommentedConfig:{}. 
[13Jul2026 19:51:27.206] [Server thread/WARN] [net.minecraftforge.common.ForgeConfigSpec/CORE]: Incorrect key Boss Armor.Sandworm Armor was corrected from null to its default, 20.0. 
[13Jul2026 19:51:27.206] [Server thread/WARN] [net.minecraftforge.common.ForgeConfigSpec/CORE]: Incorrect key Boss Armor.Yeti Armor was corrected from null to its default, 5.0. 
[13Jul2026 19:51:27.206] [Server thread/WARN] [net.minecraftforge.common.ForgeConfigSpec/CORE]: Incorrect key Boss Armor.Dragon Armor was corrected from null to its default, 25.0. 
[13Jul2026 19:51:27.207] [Server thread/WARN] [net.minecraftforge.common.ForgeConfigSpec/CORE]: Incorrect key Boss Armor.Knight Armor was corrected from null to its default, 10.0. 
[13Jul2026 19:51:27.207] [Server thread/WARN] [net.minecraftforge.common.ForgeConfigSpec/CORE]: Incorrect key Boss Armor.Kraken Armor was corrected from null to its default, 20.0. 
[13Jul2026 19:51:27.208] [Server thread/WARN] [net.minecraftforge.common.ForgeConfigSpec/CORE]: Incorrect key Base Boss Damages was corrected from null to its default, SimpleCommentedConfig:{}. 
[13Jul2026 19:51:27.209] [Server thread/WARN] [net.minecraftforge.common.ForgeConfigSpec/CORE]: Incorrect key Base Boss Damages.Sandworm Damage was corrected from null to its default, 10.0. 
[13Jul2026 19:51:27.209] [Server thread/WARN] [net.minecraftforge.common.ForgeConfigSpec/CORE]: Incorrect key Base Boss Damages.Yeti Damage was corrected from null to its default, 18.0. 
[13Jul2026 19:51:27.209] [Server thread/WARN] [net.minecraftforge.common.ForgeConfigSpec/CORE]: Incorrect key Base Boss Damages.Dragon Damage was corrected from null to its default, 15.0. 
[13Jul2026 19:51:27.209] [Server thread/WARN] [net.minecraftforge.common.ForgeConfigSpec/CORE]: Incorrect key Base Boss Damages.Knight Damage was corrected from null to its default, 13.0. 
[13Jul2026 19:51:27.209] [Server thread/WARN] [net.minecraftforge.common.ForgeConfigSpec/CORE]: Incorrect key Base Boss Damages.Kraken Damage was corrected from null to its default, 10.0. 
[13Jul2026 19:51:27.209] [Server thread/WARN] [net.minecraftforge.common.ForgeConfigSpec/CORE]: Incorrect key Gameplay Changes was corrected from null to its default, SimpleCommentedConfig:{}. 
[13Jul2026 19:51:27.210] [Server thread/WARN] [net.minecraftforge.common.ForgeConfigSpec/CORE]: Incorrect key Gameplay Changes.Can players use the Roll ability was corrected from null to its default, true. 
[13Jul2026 19:51:27.210] [Server thread/WARN] [net.minecraftforge.common.ForgeConfigSpec/CORE]: Incorrect key Gameplay Changes.How many roll charges does the player have by default? was corrected from null to its default, 2. 
[13Jul2026 19:51:27.210] [Server thread/WARN] [net.minecraftforge.common.ForgeConfigSpec/CORE]: Incorrect key Gameplay Changes.How many ticks does it take for a roll to cooldown? (20 ticks is 1 second) was corrected from null to its default, 40. 
[13Jul2026 19:51:27.210] [Server thread/WARN] [net.minecraftforge.common.ForgeConfigSpec/CORE]: Incorrect key Gameplay Changes.How many additional ticks should each roll above 1 take to cooldown? (20 ticks is 1 second) was corrected from null to its default, 20. 
[13Jul2026 19:51:27.211] [Server thread/WARN] [net.minecraftforge.common.ForgeConfigSpec/CORE]: Configuration file ./world/serverconfig/toms_storage-server.toml is not correct. Correcting
[13Jul2026 19:51:27.213] [Server thread/WARN] [net.minecraftforge.common.ForgeConfigSpec/CORE]: Incorrect key inventoryConnectorRange was corrected from null to its default, 16. 
[13Jul2026 19:51:27.214] [Server thread/WARN] [net.minecraftforge.common.ForgeConfigSpec/CORE]: Incorrect key onlyTrimsConnect was corrected from null to its default, false. 
[13Jul2026 19:51:27.215] [Server thread/WARN] [net.minecraftforge.common.ForgeConfigSpec/CORE]: Incorrect key invCableConnectorMaxScanSize was corrected from null to its default, 2048. 
[13Jul2026 19:51:27.215] [Server thread/WARN] [net.minecraftforge.common.ForgeConfigSpec/CORE]: Incorrect key wirelessReach was corrected from null to its default, 16. 
[13Jul2026 19:51:27.216] [Server thread/WARN] [net.minecraftforge.common.ForgeConfigSpec/CORE]: Incorrect key advWirelessRange was corrected from null to its default, 64. 
[13Jul2026 19:51:27.217] [Server thread/WARN] [net.minecraftforge.common.ForgeConfigSpec/CORE]: Incorrect key wirelessTermBeaconLvl was corrected from null to its default, 1. 
[13Jul2026 19:51:27.218] [Server thread/WARN] [net.minecraftforge.common.ForgeConfigSpec/CORE]: Incorrect key wirelessTermBeaconLvlDim was corrected from null to its default, 4. 
[13Jul2026 19:51:27.221] [Server thread/WARN] [net.minecraftforge.common.ForgeConfigSpec/CORE]: Incorrect key invLinkBeaconLvl was corrected from null to its default, 1. 
[13Jul2026 19:51:27.222] [Server thread/WARN] [net.minecraftforge.common.ForgeConfigSpec/CORE]: Incorrect key invLinkBeaconLvlDim was corrected from null to its default, 2. 
[13Jul2026 19:51:27.224] [Server thread/WARN] [net.minecraftforge.common.ForgeConfigSpec/CORE]: Incorrect key invDupScanSize was corrected from null to its default, 100. 
[13Jul2026 19:51:27.226] [Server thread/INFO] [com.tom.storagemod.StorageMod/]: Loaded Tom's Simple Storage config file toms_storage-server.toml
[13Jul2026 19:51:27.227] [Server thread/WARN] [net.minecraftforge.common.ForgeConfigSpec/CORE]: Configuration file ./world/serverconfig/scalinghealth-server.toml is not correct. Correcting
[13Jul2026 19:51:27.228] [Server thread/WARN] [net.minecraftforge.common.ForgeConfigSpec/CORE]: Incorrect key features was corrected from null to its default, SimpleCommentedConfig:{}. 
[13Jul2026 19:51:27.228] [Server thread/WARN] [net.minecraftforge.common.ForgeConfigSpec/CORE]: Incorrect key features.crystalsAddHealth was corrected from null to its default, true. 
[13Jul2026 19:51:27.229] [Server thread/WARN] [net.minecraftforge.common.ForgeConfigSpec/CORE]: Incorrect key features.xpAddHealth was corrected from null to its default, true. 
[13Jul2026 19:51:27.229] [Server thread/WARN] [net.minecraftforge.common.ForgeConfigSpec/CORE]: Incorrect key features.crystalsRegenHealth was corrected from null to its default, true. 
[13Jul2026 19:51:27.229] [Server thread/WARN] [net.minecraftforge.common.ForgeConfigSpec/CORE]: Incorrect key features.crystalsAddPetHealth was corrected from null to its default, true. 
[13Jul2026 19:51:27.230] [Server thread/WARN] [net.minecraftforge.common.ForgeConfigSpec/CORE]: Incorrect key features.crystalsAddDamage was corrected from null to its default, true. 
[13Jul2026 19:51:27.230] [Server thread/WARN] [net.minecraftforge.common.ForgeConfigSpec/CORE]: Incorrect key features.hpCrystalsOreGen was corrected from null to its default, true. 
[13Jul2026 19:51:27.230] [Server thread/WARN] [net.minecraftforge.common.ForgeConfigSpec/CORE]: Incorrect key features.powerCrystalsOreGen was corrected from null to its default, true. 
[13Jul2026 19:51:27.230] [Server thread/WARN] [net.minecraftforge.common.ForgeConfigSpec/CORE]: Incorrect key features.mobHpIncrease was corrected from null to its default, true. 
[13Jul2026 19:51:27.230] [Server thread/WARN] [net.minecraftforge.common.ForgeConfigSpec/CORE]: Incorrect key features.mobDamageIncrease was corrected from null to its default, true. 
[13Jul2026 19:51:27.231] [Server thread/WARN] [net.minecraftforge.common.ForgeConfigSpec/CORE]: Incorrect key features.playerDamageScaling was corrected from null to its default, true. 
[13Jul2026 19:51:27.231] [Server thread/WARN] [net.minecraftforge.common.ForgeConfigSpec/CORE]: Incorrect key features.mobDamageScaling was corrected from null to its default, true. 
[13Jul2026 19:51:27.231] [Server thread/WARN] [net.minecraftforge.common.ForgeConfigSpec/CORE]: Incorrect key features.enableDifficulty was corrected from null to its default, true. 
[13Jul2026 19:51:27.232] [Server thread/WARN] [net.minecraftforge.common.ForgeConfigSpec/CORE]: Incorrect key features.enableBlights was corrected from null to its default, true. 
[13Jul2026 19:51:27.233] [Server thread/WARN] [net.minecraftforge.common.ForgeConfigSpec/CORE]: Incorrect key debug was corrected from null to its default, SimpleCommentedConfig:{}. 
[13Jul2026 19:51:27.233] [Server thread/WARN] [net.minecraftforge.common.ForgeConfigSpec/CORE]: Incorrect key debug.masterSwitch was corrected from null to its default, false. 
[13Jul2026 19:51:27.234] [Server thread/WARN] [net.minecraftforge.common.ForgeConfigSpec/CORE]: Incorrect key debug.showOverlay was corrected from null to its default, true. 
[13Jul2026 19:51:27.234] [Server thread/WARN] [net.minecraftforge.common.ForgeConfigSpec/CORE]: Incorrect key debug.logEntitySpawns was corrected from null to its default, false. 
[13Jul2026 19:51:27.234] [Server thread/WARN] [net.minecraftforge.common.ForgeConfigSpec/CORE]: Incorrect key debug.logApplyingMobPotions was corrected from null to its default, false. 
[13Jul2026 19:51:27.235] [Server thread/WARN] [net.minecraftforge.common.ForgeConfigSpec/CORE]: Incorrect key debug.logDamageScaling was corrected from null to its default, false. 
[13Jul2026 19:51:27.237] [Server thread/WARN] [net.minecraftforge.common.ForgeConfigSpec/CORE]: Configuration file ./world/serverconfig/jei-server.toml is not correct. Correcting
[13Jul2026 19:51:27.238] [Server thread/WARN] [net.minecraftforge.common.ForgeConfigSpec/CORE]: Incorrect key cheat mode was corrected from null to its default, SimpleCommentedConfig:{}. 
[13Jul2026 19:51:27.238] [Server thread/WARN] [net.minecraftforge.common.ForgeConfigSpec/CORE]: Incorrect key cheat mode.enableCheatModeForOp was corrected from null to its default, true. 
[13Jul2026 19:51:27.238] [Server thread/WARN] [net.minecraftforge.common.ForgeConfigSpec/CORE]: Incorrect key cheat mode.enableCheatModeForCreative was corrected from null to its default, true. 
[13Jul2026 19:51:27.238] [Server thread/WARN] [net.minecraftforge.common.ForgeConfigSpec/CORE]: Incorrect key cheat mode.enableCheatModeForGive was corrected from null to its default, false. 
[13Jul2026 19:51:27.253] [Server thread/INFO] [Puzzles Lib/]: Loading server config for mutantmonsters
[13Jul2026 19:51:27.255] [Server thread/WARN] [net.minecraftforge.common.ForgeConfigSpec/CORE]: Configuration file ./world/serverconfig/forge-server.toml is not correct. Correcting
[13Jul2026 19:51:27.255] [Server thread/WARN] [net.minecraftforge.common.ForgeConfigSpec/CORE]: Incorrect key server was corrected from null to its default, SimpleCommentedConfig:{}. 
[13Jul2026 19:51:27.255] [Server thread/WARN] [net.minecraftforge.common.ForgeConfigSpec/CORE]: Incorrect key server.removeErroringBlockEntities was corrected from null to its default, false. 
[13Jul2026 19:51:27.256] [Server thread/WARN] [net.minecraftforge.common.ForgeConfigSpec/CORE]: Incorrect key server.removeErroringEntities was corrected from null to its default, false. 
[13Jul2026 19:51:27.256] [Server thread/WARN] [net.minecraftforge.common.ForgeConfigSpec/CORE]: Incorrect key server.fullBoundingBoxLadders was corrected from null to its default, false. 
[13Jul2026 19:51:27.256] [Server thread/WARN] [net.minecraftforge.common.ForgeConfigSpec/CORE]: Incorrect key server.zombieBaseSummonChance was corrected from null to its default, 0.1. 
[13Jul2026 19:51:27.256] [Server thread/WARN] [net.minecraftforge.common.ForgeConfigSpec/CORE]: Incorrect key server.zombieBabyChance was corrected from null to its default, 0.05. 
[13Jul2026 19:51:27.257] [Server thread/WARN] [net.minecraftforge.common.ForgeConfigSpec/CORE]: Incorrect key server.permissionHandler was corrected from null to its default, forge:default_handler. 
[13Jul2026 19:51:27.257] [Server thread/WARN] [net.minecraftforge.common.ForgeConfigSpec/CORE]: Incorrect key server.advertiseDedicatedServerToLan was corrected from null to its default, true. 
[13Jul2026 19:51:27.257] [Server thread/WARN] [net.minecraftforge.common.ForgeConfigSpec/CORE]: Incorrect key server.useItemWithDurationZero was corrected from null to its default, false. 
[13Jul2026 19:51:27.259] [Server thread/WARN] [net.minecraftforge.common.ForgeConfigSpec/CORE]: Configuration file ./world/serverconfig/monsterexpansion-server.toml is not correct. Correcting
[13Jul2026 19:51:27.259] [Server thread/WARN] [net.minecraftforge.common.ForgeConfigSpec/CORE]: Incorrect key general_stats was corrected from null to its default, SimpleCommentedConfig:{}. 
[13Jul2026 19:51:27.260] [Server thread/WARN] [net.minecraftforge.common.ForgeConfigSpec/CORE]: Incorrect key general_stats.general was corrected from null to its default, SimpleCommentedConfig:{}. 
[13Jul2026 19:51:27.260] [Server thread/WARN] [net.minecraftforge.common.ForgeConfigSpec/CORE]: Incorrect key general_stats.general.maxHealthMultiplier was corrected from null to its default, 1.0. 
[13Jul2026 19:51:27.260] [Server thread/WARN] [net.minecraftforge.common.ForgeConfigSpec/CORE]: Incorrect key general_stats.general.attackDamageMultiplier was corrected from null to its default, 1.0. 
[13Jul2026 19:51:27.260] [Server thread/WARN] [net.minecraftforge.common.ForgeConfigSpec/CORE]: Incorrect key skrythe_stats was corrected from null to its default, SimpleCommentedConfig:{}. 
[13Jul2026 19:51:27.261] [Server thread/WARN] [net.minecraftforge.common.ForgeConfigSpec/CORE]: Incorrect key skrythe_stats.general was corrected from null to its default, SimpleCommentedConfig:{}. 
[13Jul2026 19:51:27.261] [Server thread/WARN] [net.minecraftforge.common.ForgeConfigSpec/CORE]: Incorrect key skrythe_stats.general.maxHealthMultiplier was corrected from null to its default, 1.0. 
[13Jul2026 19:51:27.261] [Server thread/WARN] [net.minecraftforge.common.ForgeConfigSpec/CORE]: Incorrect key skrythe_stats.general.attackDamageMultiplier was corrected from null to its default, 1.0. 
[13Jul2026 19:51:27.262] [Server thread/WARN] [net.minecraftforge.common.ForgeConfigSpec/CORE]: Incorrect key rhyza_stats was corrected from null to its default, SimpleCommentedConfig:{}. 
[13Jul2026 19:51:27.262] [Server thread/WARN] [net.minecraftforge.common.ForgeConfigSpec/CORE]: Incorrect key rhyza_stats.general was corrected from null to its default, SimpleCommentedConfig:{}. 
[13Jul2026 19:51:27.262] [Server thread/WARN] [net.minecraftforge.common.ForgeConfigSpec/CORE]: Incorrect key rhyza_stats.general.maxHealthMultiplier was corrected from null to its default, 1.0. 
[13Jul2026 19:51:27.262] [Server thread/WARN] [net.minecraftforge.common.ForgeConfigSpec/CORE]: Incorrect key rhyza_stats.general.attackDamageMultiplier was corrected from null to its default, 1.0. 
[13Jul2026 19:51:27.263] [Server thread/WARN] [net.minecraftforge.common.ForgeConfigSpec/CORE]: Incorrect key rakoth_stats was corrected from null to its default, SimpleCommentedConfig:{}. 
[13Jul2026 19:51:27.263] [Server thread/WARN] [net.minecraftforge.common.ForgeConfigSpec/CORE]: Incorrect key rakoth_stats.general was corrected from null to its default, SimpleCommentedConfig:{}. 
[13Jul2026 19:51:27.263] [Server thread/WARN] [net.minecraftforge.common.ForgeConfigSpec/CORE]: Incorrect key rakoth_stats.general.maxHealthMultiplier was corrected from null to its default, 1.0. 
[13Jul2026 19:51:27.263] [Server thread/WARN] [net.minecraftforge.common.ForgeConfigSpec/CORE]: Incorrect key rakoth_stats.general.attackDamageMultiplier was corrected from null to its default, 1.0. 
[13Jul2026 19:51:27.264] [Server thread/WARN] [net.minecraftforge.common.ForgeConfigSpec/CORE]: Incorrect key leivekilth_stats was corrected from null to its default, SimpleCommentedConfig:{}. 
[13Jul2026 19:51:27.264] [Server thread/WARN] [net.minecraftforge.common.ForgeConfigSpec/CORE]: Incorrect key leivekilth_stats.general was corrected from null to its default, SimpleCommentedConfig:{}. 
[13Jul2026 19:51:27.264] [Server thread/WARN] [net.minecraftforge.common.ForgeConfigSpec/CORE]: Incorrect key leivekilth_stats.general.maxHealthMultiplier was corrected from null to its default, 1.0. 
[13Jul2026 19:51:27.264] [Server thread/WARN] [net.minecraftforge.common.ForgeConfigSpec/CORE]: Incorrect key leivekilth_stats.general.attackDamageMultiplier was corrected from null to its default, 1.0. 
[13Jul2026 19:51:27.265] [Server thread/WARN] [net.minecraftforge.common.ForgeConfigSpec/CORE]: Configuration file ./world/serverconfig/easy_villagers-server.toml is not correct. Correcting
[13Jul2026 19:51:27.266] [Server thread/WARN] [net.minecraftforge.common.ForgeConfigSpec/CORE]: Incorrect key breeder was corrected from null to its default, SimpleCommentedConfig:{}. 
[13Jul2026 19:51:27.266] [Server thread/WARN] [net.minecraftforge.common.ForgeConfigSpec/CORE]: Incorrect key breeder.breeding_time was corrected from null to its default, 1200. 
[13Jul2026 19:51:27.267] [Server thread/WARN] [net.minecraftforge.common.ForgeConfigSpec/CORE]: Incorrect key converter was corrected from null to its default, SimpleCommentedConfig:{}. 
[13Jul2026 19:51:27.267] [Server thread/WARN] [net.minecraftforge.common.ForgeConfigSpec/CORE]: Incorrect key converter.converting_time was corrected from null to its default, 6000. 
[13Jul2026 19:51:27.267] [Server thread/WARN] [net.minecraftforge.common.ForgeConfigSpec/CORE]: Incorrect key farmer was corrected from null to its default, SimpleCommentedConfig:{}. 
[13Jul2026 19:51:27.267] [Server thread/WARN] [net.minecraftforge.common.ForgeConfigSpec/CORE]: Incorrect key farmer.farm_speed was corrected from null to its default, 10. 
[13Jul2026 19:51:27.268] [Server thread/WARN] [net.minecraftforge.common.ForgeConfigSpec/CORE]: Incorrect key farmer.crop_blacklist was corrected from null to its default, [#easy_villagers:invalid_farmer_crop]. 
[13Jul2026 19:51:27.268] [Server thread/WARN] [net.minecraftforge.common.ForgeConfigSpec/CORE]: Incorrect key iron_farm was corrected from null to its default, SimpleCommentedConfig:{}. 
[13Jul2026 19:51:27.268] [Server thread/WARN] [net.minecraftforge.common.ForgeConfigSpec/CORE]: Incorrect key iron_farm.spawn_time was corrected from null to its default, 4800. 
[13Jul2026 19:51:27.269] [Server thread/WARN] [net.minecraftforge.common.ForgeConfigSpec/CORE]: Incorrect key trader was corrected from null to its default, SimpleCommentedConfig:{}. 
[13Jul2026 19:51:27.269] [Server thread/WARN] [net.minecraftforge.common.ForgeConfigSpec/CORE]: Incorrect key trader.min_restock_time was corrected from null to its default, 1200. 
[13Jul2026 19:51:27.269] [Server thread/WARN] [net.minecraftforge.common.ForgeConfigSpec/CORE]: Incorrect key trader.max_restock_time was corrected from null to its default, 3600. 
[13Jul2026 19:51:27.270] [Server thread/WARN] [net.minecraftforge.common.ForgeConfigSpec/CORE]: Incorrect key auto_trader was corrected from null to its default, SimpleCommentedConfig:{}. 
[13Jul2026 19:51:27.270] [Server thread/WARN] [net.minecraftforge.common.ForgeConfigSpec/CORE]: Incorrect key auto_trader.min_restock_time was corrected from null to its default, 1200. 
[13Jul2026 19:51:27.270] [Server thread/WARN] [net.minecraftforge.common.ForgeConfigSpec/CORE]: Incorrect key auto_trader.max_restock_time was corrected from null to its default, 3600. 
[13Jul2026 19:51:27.270] [Server thread/WARN] [net.minecraftforge.common.ForgeConfigSpec/CORE]: Incorrect key auto_trader.trade_cooldown was corrected from null to its default, 20. 
[13Jul2026 19:51:27.271] [Server thread/WARN] [net.minecraftforge.common.ForgeConfigSpec/CORE]: Incorrect key villager was corrected from null to its default, SimpleCommentedConfig:{}. 
[13Jul2026 19:51:27.271] [Server thread/WARN] [net.minecraftforge.common.ForgeConfigSpec/CORE]: Incorrect key villager.inventory_sounds was corrected from null to its default, true. 
[13Jul2026 19:51:27.271] [Server thread/WARN] [net.minecraftforge.common.ForgeConfigSpec/CORE]: Incorrect key villager.sound_amount was corrected from null to its default, 20. 
[13Jul2026 19:51:27.271] [Server thread/WARN] [net.minecraftforge.common.ForgeConfigSpec/CORE]: Incorrect key villager.trade_cycling was corrected from null to its default, true. 
[13Jul2026 19:51:27.272] [Server thread/WARN] [net.minecraftforge.common.ForgeConfigSpec/CORE]: Incorrect key villager.universal_reputation was corrected from null to its default, true. 
[13Jul2026 19:51:27.272] [Server thread/WARN] [net.minecraftforge.common.ForgeConfigSpec/CORE]: Incorrect key incubator was corrected from null to its default, SimpleCommentedConfig:{}. 
[13Jul2026 19:51:27.272] [Server thread/WARN] [net.minecraftforge.common.ForgeConfigSpec/CORE]: Incorrect key incubator.speed was corrected from null to its default, 2. 
[13Jul2026 19:51:27.276] [Server thread/WARN] [net.minecraftforge.common.ForgeConfigSpec/CORE]: Configuration file ./world/serverconfig/gravestone-server.toml is not correct. Correcting
[13Jul2026 19:51:27.277] [Server thread/WARN] [net.minecraftforge.common.ForgeConfigSpec/CORE]: Incorrect key enable_obituary was corrected from null to its default, true. 
[13Jul2026 19:51:27.277] [Server thread/WARN] [net.minecraftforge.common.ForgeConfigSpec/CORE]: Incorrect key replaceable_blocks was corrected from null to its default, [#gravestone:grave_replaceable]. 
[13Jul2026 19:51:27.278] [Server thread/WARN] [net.minecraftforge.common.ForgeConfigSpec/CORE]: Incorrect key remove_obituary was corrected from null to its default, false. 
[13Jul2026 19:51:27.280] [Server thread/WARN] [net.minecraftforge.common.ForgeConfigSpec/CORE]: Incorrect key only_owners_can_break was corrected from null to its default, false. 
[13Jul2026 19:51:27.281] [Server thread/WARN] [net.minecraftforge.common.ForgeConfigSpec/CORE]: Incorrect key spawn_ghost was corrected from null to its default, false. 
[13Jul2026 19:51:27.282] [Server thread/WARN] [net.minecraftforge.common.ForgeConfigSpec/CORE]: Incorrect key friendly_ghost was corrected from null to its default, true. 
[13Jul2026 19:51:27.284] [Server thread/WARN] [net.minecraftforge.common.ForgeConfigSpec/CORE]: Incorrect key sneak_pickup was corrected from null to its default, false. 
[13Jul2026 19:51:27.285] [Server thread/WARN] [net.minecraftforge.common.ForgeConfigSpec/CORE]: Incorrect key break_pickup was corrected from null to its default, true. 
[13Jul2026 19:51:27.288] [Server thread/WARN] [net.minecraftforge.common.ForgeConfigSpec/CORE]: Incorrect key strict_placement was corrected from null to its default, false. 
[13Jul2026 19:51:27.594] [Server thread/INFO] [Framework/]: Loading server configs...
[13Jul2026 19:51:28.313] [Server thread/INFO] [terrablender/]: Initialized TerraBlender biomes for level stem minecraft:overworld
[13Jul2026 19:51:28.314] [Server thread/INFO] [terrablender/]: Initialized TerraBlender biomes for level stem minecraft:the_nether
[13Jul2026 19:51:28.314] [Server thread/INFO] [net.minecraft.server.dedicated.DedicatedServer/]: Preparing level "world"
[13Jul2026 19:51:29.348] [Server thread/INFO] [voicechat/]: [voicechat] Successfully migrated config voicechat-server.toml
[13Jul2026 19:51:34.934] [Worker-Main-3/WARN] [lithostitched/]: Non-existent template pool reference: minecraft:
[13Jul2026 19:51:34.935] [Worker-Main-3/WARN] [lithostitched/]: Non-existent template pool reference: minecraft:
[13Jul2026 19:51:34.936] [Worker-Main-3/WARN] [lithostitched/]: Non-existent template pool reference: minecraft:
[13Jul2026 19:51:35.850] [Worker-Main-3/ERROR] [net.minecraft.world.level.levelgen.structure.pools.JigsawPlacement/]: No starting jigsaw fdbosses:malkuth_arena_part_1 found in start pool fdbosses:malkuth_arena
[13Jul2026 19:51:37.947] [Worker-Main-2/WARN] [lithostitched/]: Non-existent template pool reference: minecraft:
[13Jul2026 19:51:37.948] [Worker-Main-2/WARN] [lithostitched/]: Non-existent template pool reference: minecraft:
[13Jul2026 19:51:37.948] [Worker-Main-2/WARN] [lithostitched/]: Non-existent template pool reference: minecraft:
[13Jul2026 19:51:40.881] [Worker-Main-3/WARN] [lithostitched/]: Non-existent template pool reference: minecraft:
[13Jul2026 19:51:40.881] [Worker-Main-3/WARN] [lithostitched/]: Non-existent template pool reference: minecraft:
[13Jul2026 19:51:40.881] [Worker-Main-3/WARN] [lithostitched/]: Non-existent template pool reference: minecraft:
[13Jul2026 19:51:41.299] [Worker-Main-2/WARN] [lithostitched/]: Non-existent template pool reference: minecraft:
[13Jul2026 19:51:41.300] [Worker-Main-2/WARN] [lithostitched/]: Non-existent template pool reference: minecraft:
[13Jul2026 19:51:41.300] [Worker-Main-2/WARN] [lithostitched/]: Non-existent template pool reference: minecraft:
[13Jul2026 19:51:41.949] [Server thread/WARN] [net.minecraft.world.scores.Scoreboard/]: Requested creation of existing team 'Team_Wrought'
[13Jul2026 19:51:41.949] [Server thread/WARN] [net.minecraft.world.scores.Scoreboard/]: Requested creation of existing team 'Team_Flore'
[13Jul2026 19:51:41.949] [Server thread/WARN] [net.minecraft.world.scores.Scoreboard/]: Requested creation of existing team 'Team_Carnager'
[13Jul2026 19:51:41.961] [Server thread/WARN] [net.minecraft.world.scores.Scoreboard/]: Requested creation of existing team 'Team_Wrought'
[13Jul2026 19:51:41.961] [Server thread/WARN] [net.minecraft.world.scores.Scoreboard/]: Requested creation of existing team 'Team_Flore'
[13Jul2026 19:51:41.961] [Server thread/WARN] [net.minecraft.world.scores.Scoreboard/]: Requested creation of existing team 'Team_Carnager'
[13Jul2026 19:51:41.995] [Server thread/WARN] [net.minecraft.world.scores.Scoreboard/]: Requested creation of existing team 'Team_Wrought'
[13Jul2026 19:51:41.995] [Server thread/WARN] [net.minecraft.world.scores.Scoreboard/]: Requested creation of existing team 'Team_Flore'
[13Jul2026 19:51:41.996] [Server thread/WARN] [net.minecraft.world.scores.Scoreboard/]: Requested creation of existing team 'Team_Carnager'
[13Jul2026 19:51:42.001] [Server thread/INFO] [net.minecraft.server.MinecraftServer/]: Preparing start region for dimension minecraft:overworld
[13Jul2026 19:51:42.210] [Worker-Main-3/INFO] [net.minecraft.server.level.progress.LoggerChunkProgressListener/]: Preparing spawn area: 0%
[13Jul2026 19:51:42.505] [Worker-Main-2/INFO] [net.minecraft.server.level.progress.LoggerChunkProgressListener/]: Preparing spawn area: 0%
[13Jul2026 19:51:43.166] [Worker-Main-1/INFO] [net.minecraft.server.level.progress.LoggerChunkProgressListener/]: Preparing spawn area: 0%
[13Jul2026 19:51:43.528] [Worker-Main-1/INFO] [net.minecraft.server.level.progress.LoggerChunkProgressListener/]: Preparing spawn area: 0%
[13Jul2026 19:51:44.022] [Worker-Main-3/INFO] [net.minecraft.server.level.progress.LoggerChunkProgressListener/]: Preparing spawn area: 0%
[13Jul2026 19:51:44.558] [Worker-Main-2/INFO] [net.minecraft.server.level.progress.LoggerChunkProgressListener/]: Preparing spawn area: 0%
[13Jul2026 19:51:45.053] [Worker-Main-2/WARN] [net.minecraft.world.entity.ai.attributes.AttributeMap/]: Ignoring unknown attribute 'reach-entity-attributes:reach'
[13Jul2026 19:51:45.064] [Worker-Main-2/WARN] [net.minecraft.world.entity.ai.attributes.AttributeMap/]: Ignoring unknown attribute 'reach-entity-attributes:reach'
[13Jul2026 19:51:45.116] [Worker-Main-2/INFO] [net.minecraft.server.level.progress.LoggerChunkProgressListener/]: Preparing spawn area: 1%
[13Jul2026 19:51:45.508] [Worker-Main-2/INFO] [net.minecraft.server.level.progress.LoggerChunkProgressListener/]: Preparing spawn area: 1%
[13Jul2026 19:51:46.076] [Worker-Main-2/INFO] [net.minecraft.server.level.progress.LoggerChunkProgressListener/]: Preparing spawn area: 1%
[13Jul2026 19:51:46.466] [Worker-Main-3/WARN] [net.minecraft.world.entity.ai.attributes.AttributeMap/]: Ignoring unknown attribute 'reach-entity-attributes:reach'
[13Jul2026 19:51:46.481] [Worker-Main-3/WARN] [net.minecraft.world.entity.ai.attributes.AttributeMap/]: Ignoring unknown attribute 'reach-entity-attributes:reach'
[13Jul2026 19:51:46.526] [Worker-Main-3/INFO] [net.minecraft.server.level.progress.LoggerChunkProgressListener/]: Preparing spawn area: 2%
[13Jul2026 19:51:47.063] [Worker-Main-2/INFO] [net.minecraft.server.level.progress.LoggerChunkProgressListener/]: Preparing spawn area: 2%
[13Jul2026 19:51:47.507] [Worker-Main-1/INFO] [net.minecraft.server.level.progress.LoggerChunkProgressListener/]: Preparing spawn area: 2%
[13Jul2026 19:51:48.141] [Worker-Main-2/INFO] [net.minecraft.server.level.progress.LoggerChunkProgressListener/]: Preparing spawn area: 3%
[13Jul2026 19:51:48.195] [Worker-Main-3/WARN] [net.minecraft.world.entity.ai.attributes.AttributeMap/]: Ignoring unknown attribute 'reach-entity-attributes:reach'
[13Jul2026 19:51:48.199] [Worker-Main-3/WARN] [net.minecraft.world.entity.ai.attributes.AttributeMap/]: Ignoring unknown attribute 'reach-entity-attributes:reach'
[13Jul2026 19:51:48.201] [Worker-Main-3/WARN] [net.minecraft.world.entity.ai.attributes.AttributeMap/]: Ignoring unknown attribute 'reach-entity-attributes:reach'
[13Jul2026 19:51:48.202] [Worker-Main-3/WARN] [net.minecraft.world.entity.ai.attributes.AttributeMap/]: Ignoring unknown attribute 'reach-entity-attributes:reach'
[13Jul2026 19:51:48.203] [Worker-Main-3/WARN] [net.minecraft.world.entity.ai.attributes.AttributeMap/]: Ignoring unknown attribute 'reach-entity-attributes:reach'
[13Jul2026 19:51:48.487] [Worker-Main-1/WARN] [net.minecraft.world.entity.ai.attributes.AttributeMap/]: Ignoring unknown attribute 'reach-entity-attributes:reach'
[13Jul2026 19:51:48.490] [Worker-Main-1/WARN] [net.minecraft.world.entity.ai.attributes.AttributeMap/]: Ignoring unknown attribute 'reach-entity-attributes:reach'
[13Jul2026 19:51:48.516] [Worker-Main-1/INFO] [net.minecraft.server.level.progress.LoggerChunkProgressListener/]: Preparing spawn area: 3%
[13Jul2026 19:51:48.709] [Worker-Main-2/WARN] [lithostitched/]: Non-existent template pool reference: minecraft:
[13Jul2026 19:51:48.709] [Worker-Main-2/WARN] [lithostitched/]: Non-existent template pool reference: minecraft:
[13Jul2026 19:51:48.709] [Worker-Main-2/WARN] [lithostitched/]: Non-existent template pool reference: minecraft:
[13Jul2026 19:51:49.011] [Worker-Main-3/INFO] [net.minecraft.server.level.progress.LoggerChunkProgressListener/]: Preparing spawn area: 4%
[13Jul2026 19:51:49.507] [Worker-Main-2/INFO] [net.minecraft.server.level.progress.LoggerChunkProgressListener/]: Preparing spawn area: 5%
[13Jul2026 19:51:50.002] [Worker-Main-3/INFO] [net.minecraft.server.level.progress.LoggerChunkProgressListener/]: Preparing spawn area: 5%
[13Jul2026 19:51:50.529] [Worker-Main-3/INFO] [net.minecraft.server.level.progress.LoggerChunkProgressListener/]: Preparing spawn area: 6%
[13Jul2026 19:51:51.014] [Worker-Main-2/INFO] [net.minecraft.server.level.progress.LoggerChunkProgressListener/]: Preparing spawn area: 7%
[13Jul2026 19:51:51.250] [Worker-Main-1/WARN] [lithostitched/]: Non-existent template pool reference: minecraft:
[13Jul2026 19:51:51.250] [Worker-Main-1/WARN] [lithostitched/]: Non-existent template pool reference: minecraft:
[13Jul2026 19:51:51.252] [Worker-Main-1/WARN] [lithostitched/]: Non-existent template pool reference: minecraft:
[13Jul2026 19:51:51.509] [Worker-Main-2/INFO] [net.minecraft.server.level.progress.LoggerChunkProgressListener/]: Preparing spawn area: 9%
[13Jul2026 19:51:52.005] [Worker-Main-1/INFO] [net.minecraft.server.level.progress.LoggerChunkProgressListener/]: Preparing spawn area: 10%
[13Jul2026 19:51:52.521] [Worker-Main-2/INFO] [net.minecraft.server.level.progress.LoggerChunkProgressListener/]: Preparing spawn area: 10%
[13Jul2026 19:51:53.051] [Worker-Main-2/INFO] [net.minecraft.server.level.progress.LoggerChunkProgressListener/]: Preparing spawn area: 11%
[13Jul2026 19:51:53.537] [Worker-Main-1/INFO] [net.minecraft.server.level.progress.LoggerChunkProgressListener/]: Preparing spawn area: 12%
[13Jul2026 19:51:53.689] [Worker-Main-1/WARN] [lithostitched/]: Non-existent template pool reference: minecraft:
[13Jul2026 19:51:53.689] [Worker-Main-1/WARN] [lithostitched/]: Non-existent template pool reference: minecraft:
[13Jul2026 19:51:53.690] [Worker-Main-1/WARN] [lithostitched/]: Non-existent template pool reference: minecraft:
[13Jul2026 19:51:54.034] [Worker-Main-1/INFO] [net.minecraft.server.level.progress.LoggerChunkProgressListener/]: Preparing spawn area: 12%
[13Jul2026 19:51:54.503] [Worker-Main-3/INFO] [net.minecraft.server.level.progress.LoggerChunkProgressListener/]: Preparing spawn area: 13%
[13Jul2026 19:51:54.656] [Worker-Main-2/WARN] [lithostitched/]: Non-existent template pool reference: minecraft:
[13Jul2026 19:51:54.656] [Worker-Main-2/WARN] [lithostitched/]: Non-existent template pool reference: minecraft:
[13Jul2026 19:51:54.656] [Worker-Main-2/WARN] [lithostitched/]: Non-existent template pool reference: minecraft:
[13Jul2026 19:51:54.673] [Worker-Main-3/WARN] [lithostitched/]: Non-existent template pool reference: minecraft:
[13Jul2026 19:51:54.675] [Worker-Main-3/WARN] [lithostitched/]: Non-existent template pool reference: minecraft:
[13Jul2026 19:51:54.676] [Worker-Main-3/WARN] [lithostitched/]: Non-existent template pool reference: minecraft:
[13Jul2026 19:51:55.003] [Worker-Main-2/INFO] [net.minecraft.server.level.progress.LoggerChunkProgressListener/]: Preparing spawn area: 15%
[13Jul2026 19:51:55.505] [Worker-Main-1/INFO] [net.minecraft.server.level.progress.LoggerChunkProgressListener/]: Preparing spawn area: 15%
[13Jul2026 19:51:56.024] [Worker-Main-3/INFO] [net.minecraft.server.level.progress.LoggerChunkProgressListener/]: Preparing spawn area: 17%
[13Jul2026 19:51:56.503] [Worker-Main-3/INFO] [net.minecraft.server.level.progress.LoggerChunkProgressListener/]: Preparing spawn area: 17%
[13Jul2026 19:51:57.008] [Worker-Main-2/INFO] [net.minecraft.server.level.progress.LoggerChunkProgressListener/]: Preparing spawn area: 19%
[13Jul2026 19:51:57.503] [Worker-Main-1/INFO] [net.minecraft.server.level.progress.LoggerChunkProgressListener/]: Preparing spawn area: 20%
[13Jul2026 19:51:58.004] [Worker-Main-2/INFO] [net.minecraft.server.level.progress.LoggerChunkProgressListener/]: Preparing spawn area: 22%
[13Jul2026 19:51:58.503] [Worker-Main-3/INFO] [net.minecraft.server.level.progress.LoggerChunkProgressListener/]: Preparing spawn area: 22%
[13Jul2026 19:51:59.019] [Worker-Main-1/INFO] [net.minecraft.server.level.progress.LoggerChunkProgressListener/]: Preparing spawn area: 24%
[13Jul2026 19:51:59.579] [Worker-Main-3/INFO] [net.minecraft.server.level.progress.LoggerChunkProgressListener/]: Preparing spawn area: 25%
[13Jul2026 19:52:00.010] [Worker-Main-3/INFO] [net.minecraft.server.level.progress.LoggerChunkProgressListener/]: Preparing spawn area: 26%
[13Jul2026 19:52:00.511] [Worker-Main-1/INFO] [net.minecraft.server.level.progress.LoggerChunkProgressListener/]: Preparing spawn area: 27%
[13Jul2026 19:52:01.024] [Worker-Main-2/INFO] [net.minecraft.server.level.progress.LoggerChunkProgressListener/]: Preparing spawn area: 29%
[13Jul2026 19:52:01.518] [Worker-Main-3/INFO] [net.minecraft.server.level.progress.LoggerChunkProgressListener/]: Preparing spawn area: 30%
[13Jul2026 19:52:02.010] [Worker-Main-1/INFO] [net.minecraft.server.level.progress.LoggerChunkProgressListener/]: Preparing spawn area: 31%
[13Jul2026 19:52:02.514] [Worker-Main-1/INFO] [net.minecraft.server.level.progress.LoggerChunkProgressListener/]: Preparing spawn area: 32%
[13Jul2026 19:52:03.327] [Worker-Main-1/INFO] [net.minecraft.server.level.progress.LoggerChunkProgressListener/]: Preparing spawn area: 32%
[13Jul2026 19:52:03.514] [Worker-Main-2/INFO] [net.minecraft.server.level.progress.LoggerChunkProgressListener/]: Preparing spawn area: 32%
[13Jul2026 19:52:04.010] [Worker-Main-2/INFO] [net.minecraft.server.level.progress.LoggerChunkProgressListener/]: Preparing spawn area: 32%
[13Jul2026 19:52:04.521] [Worker-Main-3/INFO] [net.minecraft.server.level.progress.LoggerChunkProgressListener/]: Preparing spawn area: 34%
[13Jul2026 19:52:05.018] [Worker-Main-1/INFO] [net.minecraft.server.level.progress.LoggerChunkProgressListener/]: Preparing spawn area: 36%
[13Jul2026 19:52:05.506] [Worker-Main-3/INFO] [net.minecraft.server.level.progress.LoggerChunkProgressListener/]: Preparing spawn area: 36%
[13Jul2026 19:52:06.006] [Worker-Main-3/INFO] [net.minecraft.server.level.progress.LoggerChunkProgressListener/]: Preparing spawn area: 38%
[13Jul2026 19:52:06.534] [Worker-Main-2/INFO] [net.minecraft.server.level.progress.LoggerChunkProgressListener/]: Preparing spawn area: 39%
[13Jul2026 19:52:07.007] [Worker-Main-3/INFO] [net.minecraft.server.level.progress.LoggerChunkProgressListener/]: Preparing spawn area: 41%
[13Jul2026 19:52:07.511] [Worker-Main-3/INFO] [net.minecraft.server.level.progress.LoggerChunkProgressListener/]: Preparing spawn area: 42%
[13Jul2026 19:52:08.006] [Worker-Main-2/INFO] [net.minecraft.server.level.progress.LoggerChunkProgressListener/]: Preparing spawn area: 42%
[13Jul2026 19:52:08.509] [Worker-Main-3/INFO] [net.minecraft.server.level.progress.LoggerChunkProgressListener/]: Preparing spawn area: 43%
[13Jul2026 19:52:09.012] [Worker-Main-1/INFO] [net.minecraft.server.level.progress.LoggerChunkProgressListener/]: Preparing spawn area: 45%
[13Jul2026 19:52:09.502] [Worker-Main-3/INFO] [net.minecraft.server.level.progress.LoggerChunkProgressListener/]: Preparing spawn area: 46%
[13Jul2026 19:52:09.620] [Worker-Main-3/WARN] [net.minecraft.world.entity.ai.attributes.AttributeMap/]: Ignoring unknown attribute 'reach-entity-attributes:reach'
[13Jul2026 19:52:09.621] [Worker-Main-3/WARN] [net.minecraft.world.entity.ai.attributes.AttributeMap/]: Ignoring unknown attribute 'reach-entity-attributes:reach'
[13Jul2026 19:52:09.622] [Worker-Main-3/WARN] [net.minecraft.world.entity.ai.attributes.AttributeMap/]: Ignoring unknown attribute 'reach-entity-attributes:reach'
[13Jul2026 19:52:09.623] [Worker-Main-3/WARN] [net.minecraft.world.entity.ai.attributes.AttributeMap/]: Ignoring unknown attribute 'reach-entity-attributes:reach'
[13Jul2026 19:52:10.041] [Worker-Main-1/INFO] [net.minecraft.server.level.progress.LoggerChunkProgressListener/]: Preparing spawn area: 47%
[13Jul2026 19:52:10.535] [Worker-Main-1/INFO] [net.minecraft.server.level.progress.LoggerChunkProgressListener/]: Preparing spawn area: 48%
[13Jul2026 19:52:11.015] [Worker-Main-3/INFO] [net.minecraft.server.level.progress.LoggerChunkProgressListener/]: Preparing spawn area: 50%
[13Jul2026 19:52:11.512] [Worker-Main-1/INFO] [net.minecraft.server.level.progress.LoggerChunkProgressListener/]: Preparing spawn area: 52%
[13Jul2026 19:52:12.019] [Worker-Main-1/INFO] [net.minecraft.server.level.progress.LoggerChunkProgressListener/]: Preparing spawn area: 54%
[13Jul2026 19:52:12.181] [Worker-Main-3/WARN] [lithostitched/]: Non-existent template pool reference: minecraft:
[13Jul2026 19:52:12.181] [Worker-Main-3/WARN] [lithostitched/]: Non-existent template pool reference: minecraft:
[13Jul2026 19:52:12.182] [Worker-Main-3/WARN] [lithostitched/]: Non-existent template pool reference: minecraft:
[13Jul2026 19:52:12.507] [Worker-Main-1/INFO] [net.minecraft.server.level.progress.LoggerChunkProgressListener/]: Preparing spawn area: 54%
[13Jul2026 19:52:13.012] [Worker-Main-2/INFO] [net.minecraft.server.level.progress.LoggerChunkProgressListener/]: Preparing spawn area: 55%
[13Jul2026 19:52:13.625] [Worker-Main-1/INFO] [net.minecraft.server.level.progress.LoggerChunkProgressListener/]: Preparing spawn area: 57%
[13Jul2026 19:52:14.019] [Worker-Main-1/INFO] [net.minecraft.server.level.progress.LoggerChunkProgressListener/]: Preparing spawn area: 58%
[13Jul2026 19:52:14.503] [Worker-Main-1/INFO] [net.minecraft.server.level.progress.LoggerChunkProgressListener/]: Preparing spawn area: 59%
[13Jul2026 19:52:15.003] [Worker-Main-1/INFO] [net.minecraft.server.level.progress.LoggerChunkProgressListener/]: Preparing spawn area: 60%
[13Jul2026 19:52:15.536] [Worker-Main-2/INFO] [net.minecraft.server.level.progress.LoggerChunkProgressListener/]: Preparing spawn area: 62%
[13Jul2026 19:52:16.009] [Worker-Main-1/INFO] [net.minecraft.server.level.progress.LoggerChunkProgressListener/]: Preparing spawn area: 62%
[13Jul2026 19:52:16.508] [Worker-Main-3/INFO] [net.minecraft.server.level.progress.LoggerChunkProgressListener/]: Preparing spawn area: 64%
[13Jul2026 19:52:16.660] [Worker-Main-3/WARN] [lithostitched/]: Non-existent template pool reference: minecraft:
[13Jul2026 19:52:16.665] [Worker-Main-3/WARN] [lithostitched/]: Non-existent template pool reference: minecraft:
[13Jul2026 19:52:16.667] [Worker-Main-3/WARN] [lithostitched/]: Non-existent template pool reference: minecraft:
[13Jul2026 19:52:16.977] [Worker-Main-3/WARN] [net.minecraft.world.entity.ai.attributes.AttributeMap/]: Ignoring unknown attribute 'reach-entity-attributes:reach'
[13Jul2026 19:52:16.979] [Worker-Main-3/WARN] [net.minecraft.world.entity.ai.attributes.AttributeMap/]: Ignoring unknown attribute 'reach-entity-attributes:reach'
[13Jul2026 19:52:16.980] [Worker-Main-3/WARN] [net.minecraft.world.entity.ai.attributes.AttributeMap/]: Ignoring unknown attribute 'reach-entity-attributes:reach'
[13Jul2026 19:52:16.982] [Worker-Main-3/WARN] [net.minecraft.world.entity.ai.attributes.AttributeMap/]: Ignoring unknown attribute 'reach-entity-attributes:reach'
[13Jul2026 19:52:16.982] [Worker-Main-3/WARN] [net.minecraft.world.entity.ai.attributes.AttributeMap/]: Ignoring unknown attribute 'reach-entity-attributes:reach'
[13Jul2026 19:52:17.026] [Worker-Main-3/INFO] [net.minecraft.server.level.progress.LoggerChunkProgressListener/]: Preparing spawn area: 66%
[13Jul2026 19:52:17.585] [Worker-Main-1/INFO] [net.minecraft.server.level.progress.LoggerChunkProgressListener/]: Preparing spawn area: 68%
[13Jul2026 19:52:18.003] [Worker-Main-1/INFO] [net.minecraft.server.level.progress.LoggerChunkProgressListener/]: Preparing spawn area: 68%
[13Jul2026 19:52:18.569] [Worker-Main-3/INFO] [net.minecraft.server.level.progress.LoggerChunkProgressListener/]: Preparing spawn area: 69%
[13Jul2026 19:52:19.027] [Worker-Main-2/INFO] [net.minecraft.server.level.progress.LoggerChunkProgressListener/]: Preparing spawn area: 70%
[13Jul2026 19:52:19.506] [Worker-Main-3/INFO] [net.minecraft.server.level.progress.LoggerChunkProgressListener/]: Preparing spawn area: 72%
[13Jul2026 19:52:20.016] [Worker-Main-2/INFO] [net.minecraft.server.level.progress.LoggerChunkProgressListener/]: Preparing spawn area: 73%
[13Jul2026 19:52:20.526] [Worker-Main-2/INFO] [net.minecraft.server.level.progress.LoggerChunkProgressListener/]: Preparing spawn area: 74%
[13Jul2026 19:52:20.964] [Worker-Main-2/WARN] [lithostitched/]: Non-existent template pool reference: minecraft:
[13Jul2026 19:52:20.966] [Worker-Main-2/WARN] [lithostitched/]: Non-existent template pool reference: minecraft:
[13Jul2026 19:52:20.967] [Worker-Main-2/WARN] [lithostitched/]: Non-existent template pool reference: minecraft:
[13Jul2026 19:52:21.009] [Worker-Main-2/INFO] [net.minecraft.server.level.progress.LoggerChunkProgressListener/]: Preparing spawn area: 76%
[13Jul2026 19:52:21.516] [Worker-Main-3/INFO] [net.minecraft.server.level.progress.LoggerChunkProgressListener/]: Preparing spawn area: 77%
[13Jul2026 19:52:22.011] [Worker-Main-1/INFO] [net.minecraft.server.level.progress.LoggerChunkProgressListener/]: Preparing spawn area: 79%
[13Jul2026 19:52:22.032] [Worker-Main-3/WARN] [lithostitched/]: Non-existent template pool reference: minecraft:
[13Jul2026 19:52:22.032] [Worker-Main-3/WARN] [lithostitched/]: Non-existent template pool reference: minecraft:
[13Jul2026 19:52:22.033] [Worker-Main-3/WARN] [lithostitched/]: Non-existent template pool reference: minecraft:
[13Jul2026 19:52:22.502] [Worker-Main-2/INFO] [net.minecraft.server.level.progress.LoggerChunkProgressListener/]: Preparing spawn area: 81%
[13Jul2026 19:52:22.861] [Worker-Main-3/WARN] [lithostitched/]: Non-existent template pool reference: minecraft:
[13Jul2026 19:52:22.861] [Worker-Main-3/WARN] [lithostitched/]: Non-existent template pool reference: minecraft:
[13Jul2026 19:52:22.861] [Worker-Main-3/WARN] [lithostitched/]: Non-existent template pool reference: minecraft:
[13Jul2026 19:52:23.059] [Worker-Main-2/INFO] [net.minecraft.server.level.progress.LoggerChunkProgressListener/]: Preparing spawn area: 83%
[13Jul2026 19:52:23.518] [Worker-Main-3/INFO] [net.minecraft.server.level.progress.LoggerChunkProgressListener/]: Preparing spawn area: 83%
[13Jul2026 19:52:24.003] [Worker-Main-1/INFO] [net.minecraft.server.level.progress.LoggerChunkProgressListener/]: Preparing spawn area: 85%
[13Jul2026 19:52:24.507] [Worker-Main-3/INFO] [net.minecraft.server.level.progress.LoggerChunkProgressListener/]: Preparing spawn area: 86%
[13Jul2026 19:52:25.005] [Worker-Main-1/INFO] [net.minecraft.server.level.progress.LoggerChunkProgressListener/]: Preparing spawn area: 88%
[13Jul2026 19:52:25.503] [Worker-Main-3/INFO] [net.minecraft.server.level.progress.LoggerChunkProgressListener/]: Preparing spawn area: 90%
[13Jul2026 19:52:26.013] [Worker-Main-1/INFO] [net.minecraft.server.level.progress.LoggerChunkProgressListener/]: Preparing spawn area: 91%
[13Jul2026 19:52:26.266] [Worker-Main-2/WARN] [lithostitched/]: Non-existent template pool reference: minecraft:
[13Jul2026 19:52:26.267] [Worker-Main-2/WARN] [lithostitched/]: Non-existent template pool reference: minecraft:
[13Jul2026 19:52:26.267] [Worker-Main-2/WARN] [lithostitched/]: Non-existent template pool reference: minecraft:
[13Jul2026 19:52:26.521] [Worker-Main-3/INFO] [net.minecraft.server.level.progress.LoggerChunkProgressListener/]: Preparing spawn area: 93%
[13Jul2026 19:52:26.760] [Worker-Main-3/WARN] [lithostitched/]: Non-existent template pool reference: minecraft:
[13Jul2026 19:52:26.761] [Worker-Main-3/WARN] [lithostitched/]: Non-existent template pool reference: minecraft:
[13Jul2026 19:52:26.761] [Worker-Main-3/WARN] [lithostitched/]: Non-existent template pool reference: minecraft:
[13Jul2026 19:52:27.025] [Worker-Main-1/INFO] [net.minecraft.server.level.progress.LoggerChunkProgressListener/]: Preparing spawn area: 94%
[13Jul2026 19:52:27.511] [Worker-Main-3/INFO] [net.minecraft.server.level.progress.LoggerChunkProgressListener/]: Preparing spawn area: 97%
[13Jul2026 19:52:28.024] [Worker-Main-2/INFO] [net.minecraft.server.level.progress.LoggerChunkProgressListener/]: Preparing spawn area: 99%
[13Jul2026 19:52:28.047] [Server thread/INFO] [net.minecraft.server.level.progress.LoggerChunkProgressListener/]: Time elapsed: 46046 ms
[13Jul2026 19:52:28.047] [Server thread/INFO] [net.minecraft.server.dedicated.DedicatedServer/]: Done (60.918s)! For help, type "help"
[13Jul2026 19:52:28.224] [Server thread/INFO] [net.minecraftforge.server.permission.PermissionAPI/]: Successfully initialized permission handler forge:default_handler
[13Jul2026 19:52:28.225] [Server thread/INFO] [underlay/]: Loading overlays for world: minecraft:overworld
[13Jul2026 19:52:28.227] [Server thread/INFO] [underlay/]: No existing overlay save file found
[13Jul2026 19:52:28.228] [Server thread/INFO] [underlay/]: Loaded 0 overlays for dimension minecraft:overworld
[13Jul2026 19:52:28.230] [Server thread/INFO] [underlay/]: Loading overlays for world: mofus_better_end_:broken_constellation
[13Jul2026 19:52:28.230] [Server thread/INFO] [underlay/]: No existing overlay save file found
[13Jul2026 19:52:28.230] [Server thread/INFO] [underlay/]: Loaded 0 overlays for dimension mofus_better_end_:broken_constellation
[13Jul2026 19:52:28.230] [Server thread/INFO] [underlay/]: Loading overlays for world: minecraft:the_nether
[13Jul2026 19:52:28.230] [Server thread/INFO] [underlay/]: No existing overlay save file found
[13Jul2026 19:52:28.230] [Server thread/INFO] [underlay/]: Loaded 0 overlays for dimension minecraft:the_nether
[13Jul2026 19:52:28.230] [Server thread/INFO] [underlay/]: Loading overlays for world: minecraft:the_end
[13Jul2026 19:52:28.230] [Server thread/INFO] [underlay/]: No existing overlay save file found
[13Jul2026 19:52:28.231] [Server thread/INFO] [underlay/]: Loaded 0 overlays for dimension minecraft:the_end
[13Jul2026 19:52:28.320] [Server thread/INFO] [net.bettercombat.logic.WeaponRegistry/]: Encoded Weapon Attribute registry size: 254931 bytes (uncompressed), 11568 bytes (compressed), compression ratio: 95.5% (in 2 string chunks with the size of 10000)
[13Jul2026 19:52:28.320] [Server thread/INFO] [com.finderfeed.fdlib.FDLib/]: Loading FD configs...
[13Jul2026 19:52:28.320] [Server thread/INFO] [com.finderfeed.fdlib.FDLib/]: Loading config fdbosses:bosses
[13Jul2026 19:52:28.323] [Server thread/INFO] [com.finderfeed.fdlib.FDLib/]: Loading config fdbosses:bosses_clientside
[13Jul2026 19:52:28.324] [Server thread/INFO] [com.finderfeed.fdlib.FDLib/]: Loading config fdlib:test
[13Jul2026 19:52:28.325] [Server thread/INFO] [com.finderfeed.fdlib.FDLib/]: Loading config fdlib:fdlib_client
[13Jul2026 19:52:28.325] [Server thread/INFO] [com.finderfeed.fdlib.FDLib/]: Loaded FD configs.
[13Jul2026 19:52:28.328] [Server thread/INFO] [patchouli/]: Sending reload packet to clients
[13Jul2026 19:52:28.331] [Server thread/WARN] [voicechat/]: [voicechat] Running in offline mode - Voice chat encryption is not secure!
[13Jul2026 19:52:28.339] [VoiceChatServerThread/INFO] [voicechat/]: [voicechat] Voice chat server started at port 24454
[13Jul2026 19:52:28.340] [Server thread/WARN] [ModernFix/]: Dedicated server took 121.81 seconds to load
[13Jul2026 19:52:30.574] [Server thread/INFO] [com.github.alexthe666.alexsmobs.AlexsMobs/]: Found Pupfish chunk at 415 ~ -1472 after 8 tries
[13Jul2026 19:52:58.304] [Server thread/WARN] [net.minecraft.network.syncher.SynchedEntityData/]: defineId called for: class net.minecraft.world.entity.player.Player from class tschipp.carryon.common.carry.CarryOnDataManager
[13Jul2026 19:52:58.362] [Server thread/INFO] [net.minecraft.server.players.PlayerList/]: buencairo[/100.123.197.28:52484] logged in with entity id 2961 at (-23.5, 82.0, 58.5)
[13Jul2026 19:52:58.448] [Server thread/INFO] [ModernFix/]: Using enhanced recipe sync for player buencairo
[13Jul2026 19:52:58.499] [Server thread/INFO] [net.minecraft.server.MinecraftServer/]: buencairo joined the game
[13Jul2026 19:52:59.119] [Server thread/INFO] [net.minecraft.server.MinecraftServer/]: buencairo has made the advancement [Dungeons And Combat]
[13Jul2026 19:52:59.350] [Server thread/INFO] [net.minecraft.server.MinecraftServer/]: buencairo has made the advancement [Terramity]
[13Jul2026 19:53:00.757] [Server thread/INFO] [voicechat/]: [voicechat] Received secret request of buencairo (20)
[13Jul2026 19:53:00.762] [Server thread/INFO] [voicechat/]: [voicechat] Sent secret to buencairo
[13Jul2026 19:53:01.934] [VoiceChatPacketProcessingThread/INFO] [voicechat/]: [voicechat] Successfully authenticated player b74c5cbd-2f07-3c38-93a8-89b79e9ddce9
[13Jul2026 19:53:02.933] [VoiceChatPacketProcessingThread/INFO] [voicechat/]: [voicechat] Successfully validated connection of player b74c5cbd-2f07-3c38-93a8-89b79e9ddce9
[13Jul2026 19:53:02.936] [VoiceChatPacketProcessingThread/INFO] [voicechat/]: [voicechat] Player buencairo (b74c5cbd-2f07-3c38-93a8-89b79e9ddce9) successfully connected to voice chat
[13Jul2026 19:53:24.047] [Worker-Main-1/WARN] [net.minecraft.world.entity.ai.attributes.AttributeMap/]: Ignoring unknown attribute 'reach-entity-attributes:reach'
[13Jul2026 19:53:24.761] [Worker-Main-2/WARN] [lithostitched/]: Non-existent template pool reference: minecraft:
[13Jul2026 19:53:24.762] [Worker-Main-2/WARN] [lithostitched/]: Non-existent template pool reference: minecraft:
[13Jul2026 19:53:24.762] [Worker-Main-2/WARN] [lithostitched/]: Non-existent template pool reference: minecraft:
[13Jul2026 19:53:24.784] [Worker-Main-2/WARN] [lithostitched/]: Non-existent template pool reference: minecraft:
[13Jul2026 19:53:24.785] [Worker-Main-2/WARN] [lithostitched/]: Non-existent template pool reference: minecraft:
[13Jul2026 19:53:24.785] [Worker-Main-2/WARN] [lithostitched/]: Non-existent template pool reference: minecraft:
[13Jul2026 19:53:31.461] [Worker-Main-1/WARN] [lithostitched/]: Non-existent template pool reference: minecraft:
[13Jul2026 19:53:31.461] [Worker-Main-1/WARN] [lithostitched/]: Non-existent template pool reference: minecraft:
[13Jul2026 19:53:31.461] [Worker-Main-1/WARN] [lithostitched/]: Non-existent template pool reference: minecraft:
[13Jul2026 19:53:33.113] [Worker-Main-3/WARN] [lithostitched/]: Non-existent template pool reference: minecraft:
[13Jul2026 19:53:33.114] [Worker-Main-3/WARN] [lithostitched/]: Non-existent template pool reference: minecraft:
[13Jul2026 19:53:33.114] [Worker-Main-3/WARN] [lithostitched/]: Non-existent template pool reference: minecraft:
[13Jul2026 19:53:33.900] [Worker-Main-2/WARN] [net.minecraft.world.entity.ai.attributes.AttributeMap/]: Ignoring unknown attribute 'reach-entity-attributes:reach'
[13Jul2026 19:53:33.901] [Worker-Main-2/WARN] [net.minecraft.world.entity.ai.attributes.AttributeMap/]: Ignoring unknown attribute 'reach-entity-attributes:reach'
[13Jul2026 19:53:33.901] [Worker-Main-2/WARN] [net.minecraft.world.entity.ai.attributes.AttributeMap/]: Ignoring unknown attribute 'reach-entity-attributes:reach'
[13Jul2026 19:53:33.901] [Worker-Main-2/WARN] [net.minecraft.world.entity.ai.attributes.AttributeMap/]: Ignoring unknown attribute 'reach-entity-attributes:reach'
[13Jul2026 19:53:34.027] [Worker-Main-3/WARN] [net.minecraft.world.entity.ai.attributes.AttributeMap/]: Ignoring unknown attribute 'reach-entity-attributes:reach'
[13Jul2026 19:53:34.028] [Worker-Main-3/WARN] [net.minecraft.world.entity.ai.attributes.AttributeMap/]: Ignoring unknown attribute 'reach-entity-attributes:reach'
[13Jul2026 19:53:34.029] [Worker-Main-3/WARN] [net.minecraft.world.entity.ai.attributes.AttributeMap/]: Ignoring unknown attribute 'reach-entity-attributes:reach'
[13Jul2026 19:53:34.029] [Worker-Main-3/WARN] [net.minecraft.world.entity.ai.attributes.AttributeMap/]: Ignoring unknown attribute 'reach-entity-attributes:reach'
[13Jul2026 19:53:35.635] [Worker-Main-1/WARN] [lithostitched/]: Non-existent template pool reference: minecraft:
[13Jul2026 19:53:35.637] [Worker-Main-1/WARN] [lithostitched/]: Non-existent template pool reference: minecraft:
[13Jul2026 19:53:35.637] [Worker-Main-1/WARN] [lithostitched/]: Non-existent template pool reference: minecraft:
[13Jul2026 19:55:43.284] [Worker-Main-1/WARN] [lithostitched/]: Non-existent template pool reference: minecraft:
[13Jul2026 19:55:43.284] [Worker-Main-1/WARN] [lithostitched/]: Non-existent template pool reference: minecraft:
[13Jul2026 19:55:43.284] [Worker-Main-1/WARN] [lithostitched/]: Non-existent template pool reference: minecraft:
[13Jul2026 19:55:45.309] [Worker-Main-1/WARN] [lithostitched/]: Non-existent template pool reference: minecraft:
[13Jul2026 19:55:45.309] [Worker-Main-1/WARN] [lithostitched/]: Non-existent template pool reference: minecraft:
[13Jul2026 19:55:45.309] [Worker-Main-1/WARN] [lithostitched/]: Non-existent template pool reference: minecraft:
[13Jul2026 19:55:46.523] [Worker-Main-2/WARN] [lithostitched/]: Non-existent template pool reference: minecraft:
[13Jul2026 19:55:46.524] [Worker-Main-2/WARN] [lithostitched/]: Non-existent template pool reference: minecraft:
[13Jul2026 19:55:46.528] [Worker-Main-2/WARN] [lithostitched/]: Non-existent template pool reference: minecraft:
[13Jul2026 19:55:47.330] [Worker-Main-2/WARN] [lithostitched/]: Non-existent template pool reference: minecraft:
[13Jul2026 19:55:47.330] [Worker-Main-2/WARN] [lithostitched/]: Non-existent template pool reference: minecraft:
[13Jul2026 19:55:47.330] [Worker-Main-2/WARN] [lithostitched/]: Non-existent template pool reference: minecraft:
[13Jul2026 19:56:05.467] [Server thread/INFO] [net.minecraft.server.MinecraftServer/]: buencairo has made the advancement [You Are A Pirate]
[13Jul2026 19:56:11.255] [Worker-Main-2/WARN] [net.minecraft.world.entity.ai.attributes.AttributeMap/]: Ignoring unknown attribute 'reach-entity-attributes:reach'
[13Jul2026 19:56:11.258] [Worker-Main-2/WARN] [net.minecraft.world.entity.ai.attributes.AttributeMap/]: Ignoring unknown attribute 'reach-entity-attributes:reach'
[13Jul2026 19:56:11.259] [Worker-Main-2/WARN] [net.minecraft.world.entity.ai.attributes.AttributeMap/]: Ignoring unknown attribute 'reach-entity-attributes:reach'
[13Jul2026 19:56:11.259] [Worker-Main-2/WARN] [net.minecraft.world.entity.ai.attributes.AttributeMap/]: Ignoring unknown attribute 'reach-entity-attributes:reach'
[13Jul2026 19:56:11.262] [Worker-Main-2/WARN] [net.minecraft.world.entity.ai.attributes.AttributeMap/]: Ignoring unknown attribute 'reach-entity-attributes:reach'
[13Jul2026 19:56:11.298] [Worker-Main-2/WARN] [net.minecraft.world.entity.ai.attributes.AttributeMap/]: Ignoring unknown attribute 'reach-entity-attributes:reach'
[13Jul2026 19:56:11.301] [Worker-Main-2/WARN] [net.minecraft.world.entity.ai.attributes.AttributeMap/]: Ignoring unknown attribute 'reach-entity-attributes:reach'
[13Jul2026 19:56:11.301] [Worker-Main-2/WARN] [net.minecraft.world.entity.ai.attributes.AttributeMap/]: Ignoring unknown attribute 'reach-entity-attributes:reach'
[13Jul2026 19:56:11.302] [Worker-Main-2/WARN] [net.minecraft.world.entity.ai.attributes.AttributeMap/]: Ignoring unknown attribute 'reach-entity-attributes:reach'
[13Jul2026 19:56:56.745] [Worker-Main-3/WARN] [lithostitched/]: Non-existent template pool reference: minecraft:
[13Jul2026 19:56:56.746] [Worker-Main-3/WARN] [lithostitched/]: Non-existent template pool reference: minecraft:
[13Jul2026 19:56:56.746] [Worker-Main-3/WARN] [lithostitched/]: Non-existent template pool reference: minecraft:
[13Jul2026 19:56:58.195] [Worker-Main-2/WARN] [net.minecraft.world.entity.ai.attributes.AttributeMap/]: Ignoring unknown attribute 'reach-entity-attributes:reach'
[13Jul2026 19:56:58.196] [Worker-Main-2/WARN] [net.minecraft.world.entity.ai.attributes.AttributeMap/]: Ignoring unknown attribute 'reach-entity-attributes:reach'
[13Jul2026 19:56:58.196] [Worker-Main-2/WARN] [net.minecraft.world.entity.ai.attributes.AttributeMap/]: Ignoring unknown attribute 'reach-entity-attributes:reach'
[13Jul2026 19:56:58.197] [Worker-Main-2/WARN] [net.minecraft.world.entity.ai.attributes.AttributeMap/]: Ignoring unknown attribute 'reach-entity-attributes:reach'
[13Jul2026 19:56:58.694] [Worker-Main-2/WARN] [net.minecraft.world.entity.ai.attributes.AttributeMap/]: Ignoring unknown attribute 'reach-entity-attributes:reach'
[13Jul2026 19:57:04.520] [Worker-Main-1/WARN] [lithostitched/]: Non-existent template pool reference: minecraft:
[13Jul2026 19:57:04.520] [Worker-Main-1/WARN] [lithostitched/]: Non-existent template pool reference: minecraft:
[13Jul2026 19:57:04.520] [Worker-Main-1/WARN] [lithostitched/]: Non-existent template pool reference: minecraft:
[13Jul2026 19:57:04.528] [Worker-Main-2/WARN] [lithostitched/]: Non-existent template pool reference: minecraft:
[13Jul2026 19:57:04.528] [Worker-Main-2/WARN] [lithostitched/]: Non-existent template pool reference: minecraft:
[13Jul2026 19:57:04.528] [Worker-Main-2/WARN] [lithostitched/]: Non-existent template pool reference: minecraft:
[13Jul2026 19:57:05.216] [Worker-Main-3/WARN] [net.minecraft.world.entity.ai.attributes.AttributeMap/]: Ignoring unknown attribute 'reach-entity-attributes:reach'
[13Jul2026 19:57:05.216] [Worker-Main-3/WARN] [net.minecraft.world.entity.ai.attributes.AttributeMap/]: Ignoring unknown attribute 'reach-entity-attributes:reach'
[13Jul2026 19:57:05.217] [Worker-Main-3/WARN] [net.minecraft.world.entity.ai.attributes.AttributeMap/]: Ignoring unknown attribute 'reach-entity-attributes:reach'
[13Jul2026 19:57:05.233] [Worker-Main-3/WARN] [net.minecraft.world.entity.ai.attributes.AttributeMap/]: Ignoring unknown attribute 'reach-entity-attributes:reach'
[13Jul2026 19:57:05.234] [Worker-Main-3/WARN] [net.minecraft.world.entity.ai.attributes.AttributeMap/]: Ignoring unknown attribute 'reach-entity-attributes:reach'
[13Jul2026 19:57:05.234] [Worker-Main-3/WARN] [net.minecraft.world.entity.ai.attributes.AttributeMap/]: Ignoring unknown attribute 'reach-entity-attributes:reach'
[13Jul2026 19:57:11.096] [Worker-Main-2/WARN] [lithostitched/]: Non-existent template pool reference: minecraft:
[13Jul2026 19:57:11.097] [Worker-Main-2/WARN] [lithostitched/]: Non-existent template pool reference: minecraft:
[13Jul2026 19:57:11.097] [Worker-Main-2/WARN] [lithostitched/]: Non-existent template pool reference: minecraft:
[13Jul2026 19:58:29.677] [Worker-Main-1/WARN] [net.minecraft.world.entity.ai.attributes.AttributeMap/]: Ignoring unknown attribute 'reach-entity-attributes:reach'
[13Jul2026 19:58:29.678] [Worker-Main-1/WARN] [net.minecraft.world.entity.ai.attributes.AttributeMap/]: Ignoring unknown attribute 'reach-entity-attributes:reach'
[13Jul2026 19:58:29.679] [Worker-Main-1/WARN] [net.minecraft.world.entity.ai.attributes.AttributeMap/]: Ignoring unknown attribute 'reach-entity-attributes:reach'
[13Jul2026 19:58:29.679] [Worker-Main-1/WARN] [net.minecraft.world.entity.ai.attributes.AttributeMap/]: Ignoring unknown attribute 'reach-entity-attributes:reach'
[13Jul2026 19:58:29.720] [Worker-Main-1/WARN] [net.minecraft.world.entity.ai.attributes.AttributeMap/]: Ignoring unknown attribute 'reach-entity-attributes:reach'
[13Jul2026 19:58:29.721] [Worker-Main-1/WARN] [net.minecraft.world.entity.ai.attributes.AttributeMap/]: Ignoring unknown attribute 'reach-entity-attributes:reach'
[13Jul2026 19:58:29.721] [Worker-Main-1/WARN] [net.minecraft.world.entity.ai.attributes.AttributeMap/]: Ignoring unknown attribute 'reach-entity-attributes:reach'
[13Jul2026 19:58:29.722] [Worker-Main-1/WARN] [net.minecraft.world.entity.ai.attributes.AttributeMap/]: Ignoring unknown attribute 'reach-entity-attributes:reach'
[13Jul2026 19:58:29.722] [Worker-Main-1/WARN] [net.minecraft.world.entity.ai.attributes.AttributeMap/]: Ignoring unknown attribute 'reach-entity-attributes:reach'
[13Jul2026 19:59:19.985] [Server thread/INFO] [net.minecraft.server.MinecraftServer/]: buencairo has made the advancement [Monster Hunter]
[13Jul2026 20:02:20.707] [Server thread/INFO] [net.minecraft.server.MinecraftServer/]: buencairo has made the advancement [Voluntary Exile]
[13Jul2026 20:03:06.176] [Server thread/INFO] [net.minecraft.server.MinecraftServer/]: buencairo was shot by Pillager
[13Jul2026 20:03:06.178] [Server thread/INFO] [gravestone/]: The death ID of player buencairo is 58864ae0-d155-4564-8400-ca6b4eb8d511
[13Jul2026 20:03:07.353] [Server thread/INFO] [Scaling Health/]: Player lost 0.00 heart crystal(s)
[13Jul2026 20:03:07.353] [Server thread/INFO] [Scaling Health/]: Player lost 0.00 difficulty
[13Jul2026 20:03:14.164] [Server thread/INFO] [net.minecraft.server.MinecraftServer/]: [buencairo: Teleported buencairo to 170.500000, 65.500000, 70.500000]
[13Jul2026 20:03:19.534] [Server thread/INFO] [net.minecraft.server.MinecraftServer/]: buencairo has made the advancement ['X' Marks the Spot]
[13Jul2026 20:04:31.170] [Server thread/INFO] [net.minecraft.server.MinecraftServer/]: buencairo was shot by Pillager
[13Jul2026 20:04:31.173] [Server thread/INFO] [gravestone/]: The death ID of player buencairo is c729277d-b65e-4459-b904-74a1f52eb6a9
[13Jul2026 20:04:32.354] [Server thread/INFO] [Scaling Health/]: Player lost 0.00 heart crystal(s)
[13Jul2026 20:04:32.355] [Server thread/INFO] [Scaling Health/]: Player lost 0.00 difficulty
[13Jul2026 20:04:42.635] [Server thread/INFO] [net.minecraft.server.MinecraftServer/]: [buencairo: Teleported buencairo to 140.500000, 67.500000, 82.500000]
[13Jul2026 20:05:39.274] [Server thread/INFO] [net.minecraft.server.MinecraftServer/]: buencairo was shot by Pillager
[13Jul2026 20:05:39.275] [Server thread/INFO] [gravestone/]: The death ID of player buencairo is 0b3e93b6-46c9-45a5-9609-1029e7ed761a
[13Jul2026 20:05:40.632] [Server thread/INFO] [Scaling Health/]: Player lost 0.00 heart crystal(s)
[13Jul2026 20:05:40.632] [Server thread/INFO] [Scaling Health/]: Player gained 0.00 difficulty
[13Jul2026 20:05:48.477] [Server thread/INFO] [net.minecraft.server.MinecraftServer/]: [buencairo: Teleported buencairo to 139.500000, 76.500000, 70.500000]
[13Jul2026 20:07:55.826] [Server thread/INFO] [net.minecraft.server.MinecraftServer/]: buencairo has made the advancement [Bloodthirsty]
[13Jul2026 20:07:55.828] [Server thread/INFO] [net.minecraft.server.MinecraftServer/]: buencairo has made the advancement [Take Aim]
[13Jul2026 20:08:52.521] [Server thread/INFO] [net.minecraft.server.MinecraftServer/]: buencairo was slain by Vex
[13Jul2026 20:08:52.524] [Server thread/INFO] [gravestone/]: The death ID of player buencairo is b6de099c-dfcf-4bb1-97a8-e6833dc61b2c
[13Jul2026 20:08:53.655] [Server thread/INFO] [Scaling Health/]: Player lost 0.00 heart crystal(s)
[13Jul2026 20:08:53.655] [Server thread/INFO] [Scaling Health/]: Player lost 0.00 difficulty
[13Jul2026 20:09:02.378] [Server thread/INFO] [net.minecraft.server.MinecraftServer/]: [buencairo: Teleported buencairo to 160.500000, 89.500000, 65.500000]
[13Jul2026 20:09:18.475] [Server thread/INFO] [net.minecraft.server.MinecraftServer/]: buencairo has made the advancement [Acquire Hardware]
[13Jul2026 20:09:32.884] [Server thread/INFO] [net.minecraft.server.MinecraftServer/]: buencairo has made the advancement [Barrel Booty]
[13Jul2026 20:10:07.782] [Server thread/INFO] [net.minecraft.server.MinecraftServer/]: buencairo has made the advancement [Delightful Decade]
[13Jul2026 20:10:44.991] [Server thread/INFO] [net.minecraft.server.MinecraftServer/]: buencairo has made the advancement [Amateur Archaeologist]
[13Jul2026 20:11:20.582] [Server thread/INFO] [net.minecraft.server.MinecraftServer/]: [buencairo: Set own game mode to Creative Mode]
[13Jul2026 20:11:25.620] [Server thread/INFO] [net.minecraft.server.MinecraftServer/]: [buencairo: Set own game mode to Survival Mode]
[13Jul2026 20:12:30.242] [Server thread/INFO] [net.minecraft.world.entity.LivingEntity/]: Named entity CursedArmor['Freshah'/14425, l='ServerLevel[world]', x=149.89, y=74.00, z=66.10] died: Freshah was slain by buencairo
[13Jul2026 20:18:03.720] [Worker-Main-2/WARN] [lithostitched/]: Non-existent template pool reference: minecraft:
[13Jul2026 20:18:03.720] [Worker-Main-2/WARN] [lithostitched/]: Non-existent template pool reference: minecraft:
[13Jul2026 20:18:03.725] [Worker-Main-2/WARN] [lithostitched/]: Non-existent template pool reference: minecraft:
[13Jul2026 20:18:04.081] [Worker-Main-2/WARN] [net.minecraft.world.entity.ai.attributes.AttributeMap/]: Ignoring unknown attribute 'reach-entity-attributes:reach'
[13Jul2026 20:18:04.081] [Worker-Main-2/WARN] [net.minecraft.world.entity.ai.attributes.AttributeMap/]: Ignoring unknown attribute 'reach-entity-attributes:reach'
[13Jul2026 20:18:04.081] [Worker-Main-2/WARN] [net.minecraft.world.entity.ai.attributes.AttributeMap/]: Ignoring unknown attribute 'reach-entity-attributes:reach'
[13Jul2026 20:18:04.082] [Worker-Main-2/WARN] [net.minecraft.world.entity.ai.attributes.AttributeMap/]: Ignoring unknown attribute 'reach-entity-attributes:reach'
[13Jul2026 20:18:04.238] [Worker-Main-3/WARN] [net.minecraft.world.entity.ai.attributes.AttributeMap/]: Ignoring unknown attribute 'reach-entity-attributes:reach'
[13Jul2026 20:18:04.559] [Worker-Main-2/WARN] [lithostitched/]: Non-existent template pool reference: minecraft:
[13Jul2026 20:18:04.560] [Worker-Main-2/WARN] [lithostitched/]: Non-existent template pool reference: minecraft:
[13Jul2026 20:18:04.560] [Worker-Main-2/WARN] [lithostitched/]: Non-existent template pool reference: minecraft:
[13Jul2026 20:18:09.953] [Worker-Main-1/WARN] [net.minecraft.world.entity.ai.attributes.AttributeMap/]: Ignoring unknown attribute 'reach-entity-attributes:reach'
[13Jul2026 20:18:09.953] [Worker-Main-1/WARN] [net.minecraft.world.entity.ai.attributes.AttributeMap/]: Ignoring unknown attribute 'reach-entity-attributes:reach'
[13Jul2026 20:18:09.954] [Worker-Main-1/WARN] [net.minecraft.world.entity.ai.attributes.AttributeMap/]: Ignoring unknown attribute 'reach-entity-attributes:reach'
[13Jul2026 20:18:10.128] [Worker-Main-1/WARN] [lithostitched/]: Non-existent template pool reference: minecraft:
[13Jul2026 20:18:10.128] [Worker-Main-1/WARN] [lithostitched/]: Non-existent template pool reference: minecraft:
[13Jul2026 20:18:10.134] [Worker-Main-1/WARN] [lithostitched/]: Non-existent template pool reference: minecraft:
[13Jul2026 20:18:10.141] [Worker-Main-1/WARN] [net.minecraft.world.entity.ai.attributes.AttributeMap/]: Ignoring unknown attribute 'reach-entity-attributes:reach'
[13Jul2026 20:18:10.142] [Worker-Main-1/WARN] [net.minecraft.world.entity.ai.attributes.AttributeMap/]: Ignoring unknown attribute 'reach-entity-attributes:reach'
[13Jul2026 20:18:10.142] [Worker-Main-1/WARN] [net.minecraft.world.entity.ai.attributes.AttributeMap/]: Ignoring unknown attribute 'reach-entity-attributes:reach'
[13Jul2026 20:18:16.048] [Worker-Main-3/WARN] [lithostitched/]: Non-existent template pool reference: minecraft:
[13Jul2026 20:18:16.049] [Worker-Main-3/WARN] [lithostitched/]: Non-existent template pool reference: minecraft:
[13Jul2026 20:18:16.049] [Worker-Main-3/WARN] [lithostitched/]: Non-existent template pool reference: minecraft:
[13Jul2026 20:18:17.015] [Worker-Main-1/WARN] [lithostitched/]: Non-existent template pool reference: minecraft:
[13Jul2026 20:18:17.015] [Worker-Main-1/WARN] [lithostitched/]: Non-existent template pool reference: minecraft:
[13Jul2026 20:18:17.015] [Worker-Main-1/WARN] [lithostitched/]: Non-existent template pool reference: minecraft:
[13Jul2026 20:18:18.294] [Worker-Main-2/WARN] [net.minecraft.world.entity.ai.attributes.AttributeMap/]: Ignoring unknown attribute 'reach-entity-attributes:reach'
[13Jul2026 20:18:18.294] [Worker-Main-2/WARN] [net.minecraft.world.entity.ai.attributes.AttributeMap/]: Ignoring unknown attribute 'reach-entity-attributes:reach'
[13Jul2026 20:18:18.320] [Worker-Main-3/WARN] [net.minecraft.world.entity.ai.attributes.AttributeMap/]: Ignoring unknown attribute 'reach-entity-attributes:reach'
[13Jul2026 20:18:18.320] [Worker-Main-3/WARN] [net.minecraft.world.entity.ai.attributes.AttributeMap/]: Ignoring unknown attribute 'reach-entity-attributes:reach'
[13Jul2026 20:18:18.320] [Worker-Main-3/WARN] [net.minecraft.world.entity.ai.attributes.AttributeMap/]: Ignoring unknown attribute 'reach-entity-attributes:reach'
[13Jul2026 20:18:18.321] [Worker-Main-3/WARN] [net.minecraft.world.entity.ai.attributes.AttributeMap/]: Ignoring unknown attribute 'reach-entity-attributes:reach'
[13Jul2026 20:18:18.321] [Worker-Main-3/WARN] [net.minecraft.world.entity.ai.attributes.AttributeMap/]: Ignoring unknown attribute 'reach-entity-attributes:reach'
[13Jul2026 20:18:31.610] [Worker-Main-3/WARN] [net.minecraft.world.entity.ai.attributes.AttributeMap/]: Ignoring unknown attribute 'reach-entity-attributes:reach'
[13Jul2026 20:18:31.610] [Worker-Main-3/WARN] [net.minecraft.world.entity.ai.attributes.AttributeMap/]: Ignoring unknown attribute 'reach-entity-attributes:reach'
[13Jul2026 20:18:31.611] [Worker-Main-3/WARN] [net.minecraft.world.entity.ai.attributes.AttributeMap/]: Ignoring unknown attribute 'reach-entity-attributes:reach'
[13Jul2026 20:18:31.611] [Worker-Main-3/WARN] [net.minecraft.world.entity.ai.attributes.AttributeMap/]: Ignoring unknown attribute 'reach-entity-attributes:reach'
[13Jul2026 20:18:32.135] [Worker-Main-1/WARN] [net.minecraft.world.entity.ai.attributes.AttributeMap/]: Ignoring unknown attribute 'reach-entity-attributes:reach'
[13Jul2026 20:18:32.136] [Worker-Main-1/WARN] [net.minecraft.world.entity.ai.attributes.AttributeMap/]: Ignoring unknown attribute 'reach-entity-attributes:reach'
[13Jul2026 20:18:32.167] [Worker-Main-1/WARN] [net.minecraft.world.entity.ai.attributes.AttributeMap/]: Ignoring unknown attribute 'reach-entity-attributes:reach'
[13Jul2026 20:18:32.167] [Worker-Main-1/WARN] [net.minecraft.world.entity.ai.attributes.AttributeMap/]: Ignoring unknown attribute 'reach-entity-attributes:reach'
[13Jul2026 20:18:35.722] [Worker-Main-1/WARN] [net.minecraft.world.entity.ai.attributes.AttributeMap/]: Ignoring unknown attribute 'reach-entity-attributes:reach'
[13Jul2026 20:18:35.723] [Worker-Main-1/WARN] [net.minecraft.world.entity.ai.attributes.AttributeMap/]: Ignoring unknown attribute 'reach-entity-attributes:reach'
[13Jul2026 20:18:35.724] [Worker-Main-1/WARN] [net.minecraft.world.entity.ai.attributes.AttributeMap/]: Ignoring unknown attribute 'reach-entity-attributes:reach'
[13Jul2026 20:18:35.725] [Worker-Main-1/WARN] [net.minecraft.world.entity.ai.attributes.AttributeMap/]: Ignoring unknown attribute 'reach-entity-attributes:reach'
[13Jul2026 20:18:35.754] [Worker-Main-2/WARN] [net.minecraft.world.entity.ai.attributes.AttributeMap/]: Ignoring unknown attribute 'reach-entity-attributes:reach'
[13Jul2026 20:19:37.699] [Worker-Main-3/WARN] [lithostitched/]: Non-existent template pool reference: minecraft:
[13Jul2026 20:19:37.700] [Worker-Main-3/WARN] [lithostitched/]: Non-existent template pool reference: minecraft:
[13Jul2026 20:19:37.700] [Worker-Main-3/WARN] [lithostitched/]: Non-existent template pool reference: minecraft:
[13Jul2026 20:19:40.516] [Worker-Main-1/WARN] [lithostitched/]: Non-existent template pool reference: minecraft:
[13Jul2026 20:19:40.518] [Worker-Main-1/WARN] [lithostitched/]: Non-existent template pool reference: minecraft:
[13Jul2026 20:19:40.518] [Worker-Main-1/WARN] [lithostitched/]: Non-existent template pool reference: minecraft:
[13Jul2026 20:19:40.535] [Worker-Main-2/WARN] [lithostitched/]: Non-existent template pool reference: minecraft:
[13Jul2026 20:19:40.535] [Worker-Main-2/WARN] [lithostitched/]: Non-existent template pool reference: minecraft:
[13Jul2026 20:19:40.535] [Worker-Main-2/WARN] [lithostitched/]: Non-existent template pool reference: minecraft:
[13Jul2026 20:19:46.261] [Worker-Main-3/WARN] [lithostitched/]: Non-existent template pool reference: minecraft:
[13Jul2026 20:19:46.261] [Worker-Main-3/WARN] [lithostitched/]: Non-existent template pool reference: minecraft:
[13Jul2026 20:19:46.262] [Worker-Main-3/WARN] [lithostitched/]: Non-existent template pool reference: minecraft:
[13Jul2026 20:19:57.151] [Worker-Main-3/WARN] [lithostitched/]: Non-existent template pool reference: minecraft:
[13Jul2026 20:19:57.152] [Worker-Main-3/WARN] [lithostitched/]: Non-existent template pool reference: minecraft:
[13Jul2026 20:19:57.152] [Worker-Main-3/WARN] [lithostitched/]: Non-existent template pool reference: minecraft:
[13Jul2026 20:19:57.980] [Worker-Main-1/WARN] [lithostitched/]: Non-existent template pool reference: minecraft:
[13Jul2026 20:19:57.981] [Worker-Main-1/WARN] [lithostitched/]: Non-existent template pool reference: minecraft:
[13Jul2026 20:19:57.983] [Worker-Main-1/WARN] [lithostitched/]: Non-existent template pool reference: minecraft:
[13Jul2026 20:20:00.125] [Worker-Main-2/WARN] [lithostitched/]: Non-existent template pool reference: minecraft:
[13Jul2026 20:20:00.126] [Worker-Main-2/WARN] [lithostitched/]: Non-existent template pool reference: minecraft:
[13Jul2026 20:20:00.126] [Worker-Main-2/WARN] [lithostitched/]: Non-existent template pool reference: minecraft:
[13Jul2026 20:20:00.330] [Worker-Main-1/WARN] [lithostitched/]: Non-existent template pool reference: minecraft:
[13Jul2026 20:20:00.331] [Worker-Main-1/WARN] [lithostitched/]: Non-existent template pool reference: minecraft:
[13Jul2026 20:20:00.335] [Worker-Main-1/WARN] [lithostitched/]: Non-existent template pool reference: minecraft:
[13Jul2026 20:20:02.699] [Worker-Main-2/WARN] [lithostitched/]: Non-existent template pool reference: minecraft:
[13Jul2026 20:20:02.699] [Worker-Main-2/WARN] [lithostitched/]: Non-existent template pool reference: minecraft:
[13Jul2026 20:20:02.700] [Worker-Main-2/WARN] [lithostitched/]: Non-existent template pool reference: minecraft:
[13Jul2026 20:20:07.267] [Worker-Main-1/WARN] [net.minecraft.world.entity.ai.attributes.AttributeMap/]: Ignoring unknown attribute 'reach-entity-attributes:reach'
[13Jul2026 20:20:07.268] [Worker-Main-1/WARN] [net.minecraft.world.entity.ai.attributes.AttributeMap/]: Ignoring unknown attribute 'reach-entity-attributes:reach'
[13Jul2026 20:20:07.268] [Worker-Main-1/WARN] [net.minecraft.world.entity.ai.attributes.AttributeMap/]: Ignoring unknown attribute 'reach-entity-attributes:reach'
[13Jul2026 20:20:07.268] [Worker-Main-1/WARN] [net.minecraft.world.entity.ai.attributes.AttributeMap/]: Ignoring unknown attribute 'reach-entity-attributes:reach'
[13Jul2026 20:20:07.268] [Worker-Main-1/WARN] [net.minecraft.world.entity.ai.attributes.AttributeMap/]: Ignoring unknown attribute 'reach-entity-attributes:reach'
[13Jul2026 20:20:07.295] [Worker-Main-2/WARN] [net.minecraft.world.entity.ai.attributes.AttributeMap/]: Ignoring unknown attribute 'reach-entity-attributes:reach'
[13Jul2026 20:20:07.300] [Worker-Main-2/WARN] [net.minecraft.world.entity.ai.attributes.AttributeMap/]: Ignoring unknown attribute 'reach-entity-attributes:reach'
[13Jul2026 20:20:07.300] [Worker-Main-2/WARN] [net.minecraft.world.entity.ai.attributes.AttributeMap/]: Ignoring unknown attribute 'reach-entity-attributes:reach'
[13Jul2026 20:20:07.301] [Worker-Main-2/WARN] [net.minecraft.world.entity.ai.attributes.AttributeMap/]: Ignoring unknown attribute 'reach-entity-attributes:reach'
[13Jul2026 20:20:09.775] [Worker-Main-3/WARN] [ModernFix/]: Skipped emitting ENTITY_MOUNT game event for entity Chicken['Chicken'/22643, l='ServerLevel[world]', x=693.11, y=-4.00, z=515.79] as it would cause deadlock
[13Jul2026 20:20:19.216] [Worker-Main-3/WARN] [net.minecraft.world.entity.ai.attributes.AttributeMap/]: Ignoring unknown attribute 'reach-entity-attributes:reach'
[13Jul2026 20:20:19.217] [Worker-Main-3/WARN] [net.minecraft.world.entity.ai.attributes.AttributeMap/]: Ignoring unknown attribute 'reach-entity-attributes:reach'
[13Jul2026 20:20:19.217] [Worker-Main-3/WARN] [net.minecraft.world.entity.ai.attributes.AttributeMap/]: Ignoring unknown attribute 'reach-entity-attributes:reach'
[13Jul2026 20:20:19.217] [Worker-Main-3/WARN] [net.minecraft.world.entity.ai.attributes.AttributeMap/]: Ignoring unknown attribute 'reach-entity-attributes:reach'
[13Jul2026 20:20:19.284] [Worker-Main-3/WARN] [net.minecraft.world.entity.ai.attributes.AttributeMap/]: Ignoring unknown attribute 'reach-entity-attributes:reach'
[13Jul2026 20:20:19.285] [Worker-Main-3/WARN] [net.minecraft.world.entity.ai.attributes.AttributeMap/]: Ignoring unknown attribute 'reach-entity-attributes:reach'
[13Jul2026 20:20:19.285] [Worker-Main-3/WARN] [net.minecraft.world.entity.ai.attributes.AttributeMap/]: Ignoring unknown attribute 'reach-entity-attributes:reach'
[13Jul2026 20:20:19.286] [Worker-Main-3/WARN] [net.minecraft.world.entity.ai.attributes.AttributeMap/]: Ignoring unknown attribute 'reach-entity-attributes:reach'
[13Jul2026 20:20:19.286] [Worker-Main-3/WARN] [net.minecraft.world.entity.ai.attributes.AttributeMap/]: Ignoring unknown attribute 'reach-entity-attributes:reach'
[13Jul2026 20:21:20.345] [Worker-Main-2/WARN] [lithostitched/]: Non-existent template pool reference: minecraft:
[13Jul2026 20:21:20.345] [Worker-Main-2/WARN] [lithostitched/]: Non-existent template pool reference: minecraft:
[13Jul2026 20:21:20.345] [Worker-Main-2/WARN] [lithostitched/]: Non-existent template pool reference: minecraft:
[13Jul2026 20:21:20.877] [Worker-Main-3/WARN] [lithostitched/]: Non-existent template pool reference: minecraft:
[13Jul2026 20:21:20.878] [Worker-Main-3/WARN] [lithostitched/]: Non-existent template pool reference: minecraft:
[13Jul2026 20:21:20.878] [Worker-Main-3/WARN] [lithostitched/]: Non-existent template pool reference: minecraft:
[13Jul2026 20:21:23.678] [Worker-Main-1/WARN] [net.minecraft.world.entity.ai.attributes.AttributeMap/]: Ignoring unknown attribute 'reach-entity-attributes:reach'
[13Jul2026 20:21:23.679] [Worker-Main-1/WARN] [net.minecraft.world.entity.ai.attributes.AttributeMap/]: Ignoring unknown attribute 'reach-entity-attributes:reach'
[13Jul2026 20:21:23.684] [Worker-Main-1/WARN] [net.minecraft.world.entity.ai.attributes.AttributeMap/]: Ignoring unknown attribute 'reach-entity-attributes:reach'
[13Jul2026 20:21:23.684] [Worker-Main-1/WARN] [net.minecraft.world.entity.ai.attributes.AttributeMap/]: Ignoring unknown attribute 'reach-entity-attributes:reach'
[13Jul2026 20:21:23.736] [Worker-Main-1/WARN] [net.minecraft.world.entity.ai.attributes.AttributeMap/]: Ignoring unknown attribute 'reach-entity-attributes:reach'
[13Jul2026 20:21:23.736] [Worker-Main-1/WARN] [net.minecraft.world.entity.ai.attributes.AttributeMap/]: Ignoring unknown attribute 'reach-entity-attributes:reach'
[13Jul2026 20:21:23.736] [Worker-Main-1/WARN] [net.minecraft.world.entity.ai.attributes.AttributeMap/]: Ignoring unknown attribute 'reach-entity-attributes:reach'
[13Jul2026 20:21:23.738] [Worker-Main-1/WARN] [net.minecraft.world.entity.ai.attributes.AttributeMap/]: Ignoring unknown attribute 'reach-entity-attributes:reach'
[13Jul2026 20:21:23.738] [Worker-Main-1/WARN] [net.minecraft.world.entity.ai.attributes.AttributeMap/]: Ignoring unknown attribute 'reach-entity-attributes:reach'
[13Jul2026 20:21:27.451] [Worker-Main-3/WARN] [lithostitched/]: Non-existent template pool reference: minecraft:
[13Jul2026 20:21:27.451] [Worker-Main-3/WARN] [lithostitched/]: Non-existent template pool reference: minecraft:
[13Jul2026 20:21:27.451] [Worker-Main-3/WARN] [lithostitched/]: Non-existent template pool reference: minecraft:
[13Jul2026 20:21:27.473] [Worker-Main-2/WARN] [lithostitched/]: Non-existent template pool reference: minecraft:
[13Jul2026 20:21:27.474] [Worker-Main-2/WARN] [lithostitched/]: Non-existent template pool reference: minecraft:
[13Jul2026 20:21:27.474] [Worker-Main-2/WARN] [lithostitched/]: Non-existent template pool reference: minecraft:
[13Jul2026 20:21:34.407] [Worker-Main-3/WARN] [net.minecraft.world.entity.ai.attributes.AttributeMap/]: Ignoring unknown attribute 'reach-entity-attributes:reach'
[13Jul2026 20:21:34.409] [Worker-Main-3/WARN] [net.minecraft.world.entity.ai.attributes.AttributeMap/]: Ignoring unknown attribute 'reach-entity-attributes:reach'
[13Jul2026 20:21:34.470] [Worker-Main-1/WARN] [net.minecraft.world.entity.ai.attributes.AttributeMap/]: Ignoring unknown attribute 'reach-entity-attributes:reach'
[13Jul2026 20:21:34.472] [Worker-Main-1/WARN] [net.minecraft.world.entity.ai.attributes.AttributeMap/]: Ignoring unknown attribute 'reach-entity-attributes:reach'
[13Jul2026 20:21:36.674] [Worker-Main-1/WARN] [net.minecraft.world.entity.ai.attributes.AttributeMap/]: Ignoring unknown attribute 'reach-entity-attributes:reach'
[13Jul2026 20:21:36.675] [Worker-Main-1/WARN] [net.minecraft.world.entity.ai.attributes.AttributeMap/]: Ignoring unknown attribute 'reach-entity-attributes:reach'
[13Jul2026 20:21:36.675] [Worker-Main-1/WARN] [net.minecraft.world.entity.ai.attributes.AttributeMap/]: Ignoring unknown attribute 'reach-entity-attributes:reach'
[13Jul2026 20:21:36.675] [Worker-Main-1/WARN] [net.minecraft.world.entity.ai.attributes.AttributeMap/]: Ignoring unknown attribute 'reach-entity-attributes:reach'
[13Jul2026 20:21:36.676] [Worker-Main-1/WARN] [net.minecraft.world.entity.ai.attributes.AttributeMap/]: Ignoring unknown attribute 'reach-entity-attributes:reach'
[13Jul2026 20:21:38.653] [Worker-Main-1/WARN] [net.minecraft.world.entity.ai.attributes.AttributeMap/]: Ignoring unknown attribute 'reach-entity-attributes:reach'
[13Jul2026 20:21:38.653] [Worker-Main-1/WARN] [net.minecraft.world.entity.ai.attributes.AttributeMap/]: Ignoring unknown attribute 'reach-entity-attributes:reach'
[13Jul2026 20:21:44.392] [Server thread/INFO] [net.minecraft.server.MinecraftServer/]: buencairo has made the advancement [Close Quarters]
[13Jul2026 20:23:26.183] [Server thread/INFO] [net.minecraft.server.MinecraftServer/]: buencairo has made the advancement [Sweet Dreams]
[13Jul2026 20:24:45.692] [Worker-Main-3/WARN] [lithostitched/]: Non-existent template pool reference: minecraft:
[13Jul2026 20:24:45.692] [Worker-Main-3/WARN] [lithostitched/]: Non-existent template pool reference: minecraft:
[13Jul2026 20:24:45.692] [Worker-Main-3/WARN] [lithostitched/]: Non-existent template pool reference: minecraft:
[13Jul2026 20:24:45.710] [Worker-Main-2/WARN] [lithostitched/]: Non-existent template pool reference: minecraft:
[13Jul2026 20:24:45.710] [Worker-Main-2/WARN] [lithostitched/]: Non-existent template pool reference: minecraft:
[13Jul2026 20:24:45.711] [Worker-Main-2/WARN] [lithostitched/]: Non-existent template pool reference: minecraft:
[13Jul2026 20:24:45.773] [Worker-Main-2/WARN] [lithostitched/]: Non-existent template pool reference: minecraft:
[13Jul2026 20:24:45.773] [Worker-Main-2/WARN] [lithostitched/]: Non-existent template pool reference: minecraft:
[13Jul2026 20:24:45.773] [Worker-Main-2/WARN] [lithostitched/]: Non-existent template pool reference: minecraft:
[13Jul2026 20:24:48.865] [Worker-Main-3/WARN] [lithostitched/]: Non-existent template pool reference: minecraft:
[13Jul2026 20:24:48.865] [Worker-Main-3/WARN] [lithostitched/]: Non-existent template pool reference: minecraft:
[13Jul2026 20:24:48.865] [Worker-Main-3/WARN] [lithostitched/]: Non-existent template pool reference: minecraft:
[13Jul2026 20:24:50.322] [Worker-Main-3/WARN] [lithostitched/]: Non-existent template pool reference: minecraft:
[13Jul2026 20:24:50.323] [Worker-Main-3/WARN] [lithostitched/]: Non-existent template pool reference: minecraft:
[13Jul2026 20:24:50.323] [Worker-Main-3/WARN] [lithostitched/]: Non-existent template pool reference: minecraft:
[13Jul2026 20:25:04.886] [Worker-Main-1/WARN] [net.minecraft.world.entity.ai.attributes.AttributeMap/]: Ignoring unknown attribute 'reach-entity-attributes:reach'
[13Jul2026 20:25:04.887] [Worker-Main-1/WARN] [net.minecraft.world.entity.ai.attributes.AttributeMap/]: Ignoring unknown attribute 'reach-entity-attributes:reach'
[13Jul2026 20:25:05.190] [Worker-Main-2/WARN] [net.minecraft.world.entity.ai.attributes.AttributeMap/]: Ignoring unknown attribute 'reach-entity-attributes:reach'
[13Jul2026 20:25:05.191] [Worker-Main-2/WARN] [net.minecraft.world.entity.ai.attributes.AttributeMap/]: Ignoring unknown attribute 'reach-entity-attributes:reach'
[13Jul2026 20:25:07.873] [Worker-Main-3/WARN] [net.minecraft.world.entity.ai.attributes.AttributeMap/]: Ignoring unknown attribute 'reach-entity-attributes:reach'
[13Jul2026 20:25:07.875] [Worker-Main-3/WARN] [net.minecraft.world.entity.ai.attributes.AttributeMap/]: Ignoring unknown attribute 'reach-entity-attributes:reach'
[13Jul2026 20:25:07.902] [Worker-Main-3/WARN] [net.minecraft.world.entity.ai.attributes.AttributeMap/]: Ignoring unknown attribute 'reach-entity-attributes:reach'
[13Jul2026 20:25:07.903] [Worker-Main-3/WARN] [net.minecraft.world.entity.ai.attributes.AttributeMap/]: Ignoring unknown attribute 'reach-entity-attributes:reach'
[13Jul2026 20:25:07.903] [Worker-Main-3/WARN] [net.minecraft.world.entity.ai.attributes.AttributeMap/]: Ignoring unknown attribute 'reach-entity-attributes:reach'
[13Jul2026 20:25:07.903] [Worker-Main-3/WARN] [net.minecraft.world.entity.ai.attributes.AttributeMap/]: Ignoring unknown attribute 'reach-entity-attributes:reach'
[13Jul2026 20:25:07.904] [Worker-Main-3/WARN] [net.minecraft.world.entity.ai.attributes.AttributeMap/]: Ignoring unknown attribute 'reach-entity-attributes:reach'
[13Jul2026 20:25:32.205] [Worker-Main-1/WARN] [lithostitched/]: Non-existent template pool reference: minecraft:
[13Jul2026 20:25:32.205] [Worker-Main-1/WARN] [lithostitched/]: Non-existent template pool reference: minecraft:
[13Jul2026 20:25:32.205] [Worker-Main-1/WARN] [lithostitched/]: Non-existent template pool reference: minecraft:
[13Jul2026 20:25:32.806] [Worker-Main-2/WARN] [lithostitched/]: Non-existent template pool reference: minecraft:
[13Jul2026 20:25:32.806] [Worker-Main-2/WARN] [lithostitched/]: Non-existent template pool reference: minecraft:
[13Jul2026 20:25:32.807] [Worker-Main-2/WARN] [lithostitched/]: Non-existent template pool reference: minecraft:
[13Jul2026 20:25:33.660] [Worker-Main-3/WARN] [net.minecraft.world.entity.ai.attributes.AttributeMap/]: Ignoring unknown attribute 'reach-entity-attributes:reach'
[13Jul2026 20:25:33.660] [Worker-Main-3/WARN] [net.minecraft.world.entity.ai.attributes.AttributeMap/]: Ignoring unknown attribute 'reach-entity-attributes:reach'
[13Jul2026 20:25:33.661] [Worker-Main-3/WARN] [net.minecraft.world.entity.ai.attributes.AttributeMap/]: Ignoring unknown attribute 'reach-entity-attributes:reach'
[13Jul2026 20:25:33.661] [Worker-Main-3/WARN] [net.minecraft.world.entity.ai.attributes.AttributeMap/]: Ignoring unknown attribute 'reach-entity-attributes:reach'
[13Jul2026 20:25:33.661] [Worker-Main-3/WARN] [net.minecraft.world.entity.ai.attributes.AttributeMap/]: Ignoring unknown attribute 'reach-entity-attributes:reach'
[13Jul2026 20:25:41.450] [Worker-Main-2/WARN] [lithostitched/]: Non-existent template pool reference: minecraft:
[13Jul2026 20:25:41.450] [Worker-Main-2/WARN] [lithostitched/]: Non-existent template pool reference: minecraft:
[13Jul2026 20:25:41.451] [Worker-Main-2/WARN] [lithostitched/]: Non-existent template pool reference: minecraft:
[13Jul2026 20:25:46.761] [Server thread/INFO] [net.minecraft.server.MinecraftServer/]: buencairo has made the advancement [Mine? Mine? Mine?]
[13Jul2026 20:26:25.524] [Worker-Main-1/WARN] [net.minecraft.world.entity.ai.attributes.AttributeMap/]: Ignoring unknown attribute 'reach-entity-attributes:reach'
[13Jul2026 20:26:33.260] [Worker-Main-1/WARN] [net.minecraft.world.entity.ai.attributes.AttributeMap/]: Ignoring unknown attribute 'reach-entity-attributes:reach'
[13Jul2026 20:26:33.261] [Worker-Main-1/WARN] [net.minecraft.world.entity.ai.attributes.AttributeMap/]: Ignoring unknown attribute 'reach-entity-attributes:reach'
[13Jul2026 20:26:33.261] [Worker-Main-1/WARN] [net.minecraft.world.entity.ai.attributes.AttributeMap/]: Ignoring unknown attribute 'reach-entity-attributes:reach'
[13Jul2026 20:26:33.262] [Worker-Main-1/WARN] [net.minecraft.world.entity.ai.attributes.AttributeMap/]: Ignoring unknown attribute 'reach-entity-attributes:reach'
[13Jul2026 20:26:33.290] [Worker-Main-1/WARN] [net.minecraft.world.entity.ai.attributes.AttributeMap/]: Ignoring unknown attribute 'reach-entity-attributes:reach'
[13Jul2026 20:26:33.291] [Worker-Main-1/WARN] [net.minecraft.world.entity.ai.attributes.AttributeMap/]: Ignoring unknown attribute 'reach-entity-attributes:reach'
[13Jul2026 20:26:33.292] [Worker-Main-1/WARN] [net.minecraft.world.entity.ai.attributes.AttributeMap/]: Ignoring unknown attribute 'reach-entity-attributes:reach'
[13Jul2026 20:26:33.292] [Worker-Main-1/WARN] [net.minecraft.world.entity.ai.attributes.AttributeMap/]: Ignoring unknown attribute 'reach-entity-attributes:reach'
[13Jul2026 20:28:18.165] [Worker-Main-2/WARN] [net.minecraft.world.entity.ai.attributes.AttributeMap/]: Ignoring unknown attribute 'reach-entity-attributes:reach'
[13Jul2026 20:28:18.306] [Worker-Main-2/WARN] [net.minecraft.world.entity.ai.attributes.AttributeMap/]: Ignoring unknown attribute 'reach-entity-attributes:reach'
[13Jul2026 20:28:18.308] [Worker-Main-2/WARN] [net.minecraft.world.entity.ai.attributes.AttributeMap/]: Ignoring unknown attribute 'reach-entity-attributes:reach'
[13Jul2026 20:28:18.308] [Worker-Main-2/WARN] [net.minecraft.world.entity.ai.attributes.AttributeMap/]: Ignoring unknown attribute 'reach-entity-attributes:reach'
[13Jul2026 20:29:36.890] [Worker-Main-1/WARN] [net.minecraft.world.entity.ai.attributes.AttributeMap/]: Ignoring unknown attribute 'reach-entity-attributes:reach'
[13Jul2026 20:29:36.891] [Worker-Main-1/WARN] [net.minecraft.world.entity.ai.attributes.AttributeMap/]: Ignoring unknown attribute 'reach-entity-attributes:reach'
[13Jul2026 20:29:36.891] [Worker-Main-1/WARN] [net.minecraft.world.entity.ai.attributes.AttributeMap/]: Ignoring unknown attribute 'reach-entity-attributes:reach'
[13Jul2026 20:29:36.891] [Worker-Main-1/WARN] [net.minecraft.world.entity.ai.attributes.AttributeMap/]: Ignoring unknown attribute 'reach-entity-attributes:reach'
[13Jul2026 20:29:36.993] [Worker-Main-3/WARN] [net.minecraft.world.entity.ai.attributes.AttributeMap/]: Ignoring unknown attribute 'reach-entity-attributes:reach'
[13Jul2026 20:29:36.993] [Worker-Main-3/WARN] [net.minecraft.world.entity.ai.attributes.AttributeMap/]: Ignoring unknown attribute 'reach-entity-attributes:reach'
[13Jul2026 20:29:36.994] [Worker-Main-3/WARN] [net.minecraft.world.entity.ai.attributes.AttributeMap/]: Ignoring unknown attribute 'reach-entity-attributes:reach'
[13Jul2026 20:29:43.284] [Worker-Main-3/WARN] [lithostitched/]: Non-existent template pool reference: minecraft:
[13Jul2026 20:29:43.284] [Worker-Main-3/WARN] [lithostitched/]: Non-existent template pool reference: minecraft:
[13Jul2026 20:29:43.284] [Worker-Main-3/WARN] [lithostitched/]: Non-existent template pool reference: minecraft:
[13Jul2026 20:29:45.020] [Worker-Main-3/WARN] [lithostitched/]: Non-existent template pool reference: minecraft:
[13Jul2026 20:29:45.020] [Worker-Main-3/WARN] [lithostitched/]: Non-existent template pool reference: minecraft:
[13Jul2026 20:29:45.021] [Worker-Main-3/WARN] [lithostitched/]: Non-existent template pool reference: minecraft:
[13Jul2026 20:31:43.894] [Worker-Main-1/WARN] [lithostitched/]: Non-existent template pool reference: minecraft:
[13Jul2026 20:31:43.894] [Worker-Main-1/WARN] [lithostitched/]: Non-existent template pool reference: minecraft:
[13Jul2026 20:31:43.895] [Worker-Main-1/WARN] [lithostitched/]: Non-existent template pool reference: minecraft:
[13Jul2026 20:31:48.479] [Worker-Main-2/WARN] [lithostitched/]: Non-existent template pool reference: minecraft:
[13Jul2026 20:31:48.480] [Worker-Main-2/WARN] [lithostitched/]: Non-existent template pool reference: minecraft:
[13Jul2026 20:31:48.480] [Worker-Main-2/WARN] [lithostitched/]: Non-existent template pool reference: minecraft:
[13Jul2026 20:31:48.541] [Worker-Main-2/WARN] [lithostitched/]: Non-existent template pool reference: minecraft:
[13Jul2026 20:31:48.544] [Worker-Main-2/WARN] [lithostitched/]: Non-existent template pool reference: minecraft:
[13Jul2026 20:31:48.544] [Worker-Main-2/WARN] [lithostitched/]: Non-existent template pool reference: minecraft:
[13Jul2026 20:31:58.161] [Worker-Main-3/WARN] [net.minecraft.world.entity.ai.attributes.AttributeMap/]: Ignoring unknown attribute 'reach-entity-attributes:reach'
[13Jul2026 20:31:59.835] [Worker-Main-3/WARN] [net.minecraft.world.entity.ai.attributes.AttributeMap/]: Ignoring unknown attribute 'reach-entity-attributes:reach'
[13Jul2026 20:31:59.835] [Worker-Main-3/WARN] [net.minecraft.world.entity.ai.attributes.AttributeMap/]: Ignoring unknown attribute 'reach-entity-attributes:reach'
[13Jul2026 20:31:59.838] [Worker-Main-3/WARN] [net.minecraft.world.entity.ai.attributes.AttributeMap/]: Ignoring unknown attribute 'reach-entity-attributes:reach'
[13Jul2026 20:31:59.838] [Worker-Main-3/WARN] [net.minecraft.world.entity.ai.attributes.AttributeMap/]: Ignoring unknown attribute 'reach-entity-attributes:reach'
[13Jul2026 20:31:59.904] [Worker-Main-2/WARN] [net.minecraft.world.entity.ai.attributes.AttributeMap/]: Ignoring unknown attribute 'reach-entity-attributes:reach'
[13Jul2026 20:31:59.904] [Worker-Main-2/WARN] [net.minecraft.world.entity.ai.attributes.AttributeMap/]: Ignoring unknown attribute 'reach-entity-attributes:reach'
[13Jul2026 20:31:59.905] [Worker-Main-2/WARN] [net.minecraft.world.entity.ai.attributes.AttributeMap/]: Ignoring unknown attribute 'reach-entity-attributes:reach'
[13Jul2026 20:31:59.905] [Worker-Main-2/WARN] [net.minecraft.world.entity.ai.attributes.AttributeMap/]: Ignoring unknown attribute 'reach-entity-attributes:reach'
[13Jul2026 20:33:44.172] [Worker-Main-2/WARN] [net.minecraft.world.entity.ai.attributes.AttributeMap/]: Ignoring unknown attribute 'reach-entity-attributes:reach'
[13Jul2026 20:33:46.767] [Worker-Main-2/WARN] [net.minecraft.world.entity.ai.attributes.AttributeMap/]: Ignoring unknown attribute 'reach-entity-attributes:reach'
[13Jul2026 20:33:46.768] [Worker-Main-2/WARN] [net.minecraft.world.entity.ai.attributes.AttributeMap/]: Ignoring unknown attribute 'reach-entity-attributes:reach'
[13Jul2026 20:33:46.769] [Worker-Main-2/WARN] [net.minecraft.world.entity.ai.attributes.AttributeMap/]: Ignoring unknown attribute 'reach-entity-attributes:reach'
[13Jul2026 20:33:46.769] [Worker-Main-2/WARN] [net.minecraft.world.entity.ai.attributes.AttributeMap/]: Ignoring unknown attribute 'reach-entity-attributes:reach'
[13Jul2026 20:33:48.271] [Worker-Main-1/WARN] [net.minecraft.world.entity.ai.attributes.AttributeMap/]: Ignoring unknown attribute 'reach-entity-attributes:reach'
[13Jul2026 20:33:48.272] [Worker-Main-1/WARN] [net.minecraft.world.entity.ai.attributes.AttributeMap/]: Ignoring unknown attribute 'reach-entity-attributes:reach'
[13Jul2026 20:33:48.272] [Worker-Main-1/WARN] [net.minecraft.world.entity.ai.attributes.AttributeMap/]: Ignoring unknown attribute 'reach-entity-attributes:reach'
[13Jul2026 20:33:48.273] [Worker-Main-1/WARN] [net.minecraft.world.entity.ai.attributes.AttributeMap/]: Ignoring unknown attribute 'reach-entity-attributes:reach'
[13Jul2026 20:33:55.342] [Worker-Main-3/WARN] [lithostitched/]: Non-existent template pool reference: minecraft:
[13Jul2026 20:33:55.342] [Worker-Main-3/WARN] [lithostitched/]: Non-existent template pool reference: minecraft:
[13Jul2026 20:33:55.343] [Worker-Main-3/WARN] [lithostitched/]: Non-existent template pool reference: minecraft:
[13Jul2026 20:34:00.287] [Worker-Main-3/WARN] [lithostitched/]: Non-existent template pool reference: minecraft:
[13Jul2026 20:34:00.288] [Worker-Main-3/WARN] [lithostitched/]: Non-existent template pool reference: minecraft:
[13Jul2026 20:34:00.288] [Worker-Main-3/WARN] [lithostitched/]: Non-existent template pool reference: minecraft:
[13Jul2026 20:34:00.309] [Worker-Main-2/WARN] [lithostitched/]: Non-existent template pool reference: minecraft:
[13Jul2026 20:34:00.310] [Worker-Main-2/WARN] [lithostitched/]: Non-existent template pool reference: minecraft:
[13Jul2026 20:34:00.310] [Worker-Main-2/WARN] [lithostitched/]: Non-existent template pool reference: minecraft:
[13Jul2026 20:34:00.865] [Worker-Main-2/WARN] [lithostitched/]: Non-existent template pool reference: minecraft:
[13Jul2026 20:34:00.866] [Worker-Main-2/WARN] [lithostitched/]: Non-existent template pool reference: minecraft:
[13Jul2026 20:34:00.866] [Worker-Main-2/WARN] [lithostitched/]: Non-existent template pool reference: minecraft:
[13Jul2026 20:34:08.968] [Worker-Main-1/WARN] [net.minecraft.world.entity.ai.attributes.AttributeMap/]: Ignoring unknown attribute 'reach-entity-attributes:reach'
[13Jul2026 20:34:08.969] [Worker-Main-1/WARN] [net.minecraft.world.entity.ai.attributes.AttributeMap/]: Ignoring unknown attribute 'reach-entity-attributes:reach'
[13Jul2026 20:34:08.969] [Worker-Main-1/WARN] [net.minecraft.world.entity.ai.attributes.AttributeMap/]: Ignoring unknown attribute 'reach-entity-attributes:reach'
[13Jul2026 20:34:08.969] [Worker-Main-1/WARN] [net.minecraft.world.entity.ai.attributes.AttributeMap/]: Ignoring unknown attribute 'reach-entity-attributes:reach'
[13Jul2026 20:34:08.971] [Worker-Main-1/WARN] [net.minecraft.world.entity.ai.attributes.AttributeMap/]: Ignoring unknown attribute 'reach-entity-attributes:reach'
[13Jul2026 20:34:10.207] [Worker-Main-2/WARN] [net.minecraft.world.entity.ai.attributes.AttributeMap/]: Ignoring unknown attribute 'reach-entity-attributes:reach'
[13Jul2026 20:34:10.207] [Worker-Main-2/WARN] [net.minecraft.world.entity.ai.attributes.AttributeMap/]: Ignoring unknown attribute 'reach-entity-attributes:reach'
[13Jul2026 20:34:10.522] [Worker-Main-3/WARN] [net.minecraft.world.entity.ai.attributes.AttributeMap/]: Ignoring unknown attribute 'reach-entity-attributes:reach'
[13Jul2026 20:34:10.522] [Worker-Main-3/WARN] [net.minecraft.world.entity.ai.attributes.AttributeMap/]: Ignoring unknown attribute 'reach-entity-attributes:reach'
[13Jul2026 20:34:10.674] [Worker-Main-3/WARN] [net.minecraft.world.entity.ai.attributes.AttributeMap/]: Ignoring unknown attribute 'reach-entity-attributes:reach'
[13Jul2026 20:34:10.675] [Worker-Main-3/WARN] [net.minecraft.world.entity.ai.attributes.AttributeMap/]: Ignoring unknown attribute 'reach-entity-attributes:reach'
[13Jul2026 20:34:10.675] [Worker-Main-3/WARN] [net.minecraft.world.entity.ai.attributes.AttributeMap/]: Ignoring unknown attribute 'reach-entity-attributes:reach'
[13Jul2026 20:34:10.676] [Worker-Main-3/WARN] [net.minecraft.world.entity.ai.attributes.AttributeMap/]: Ignoring unknown attribute 'reach-entity-attributes:reach'
[13Jul2026 20:34:10.676] [Worker-Main-3/WARN] [net.minecraft.world.entity.ai.attributes.AttributeMap/]: Ignoring unknown attribute 'reach-entity-attributes:reach'
[13Jul2026 20:34:58.382] [Server thread/INFO] [net.minecraft.server.MinecraftServer/]: buencairo has reached the goal [Horror of the Depths]
[13Jul2026 20:35:29.061] [Worker-Main-3/WARN] [net.minecraft.world.entity.ai.attributes.AttributeMap/]: Ignoring unknown attribute 'reach-entity-attributes:reach'
[13Jul2026 20:35:29.062] [Worker-Main-3/WARN] [net.minecraft.world.entity.ai.attributes.AttributeMap/]: Ignoring unknown attribute 'reach-entity-attributes:reach'
[13Jul2026 20:35:29.073] [Worker-Main-3/WARN] [net.minecraft.world.entity.ai.attributes.AttributeMap/]: Ignoring unknown attribute 'reach-entity-attributes:reach'
[13Jul2026 20:35:29.073] [Worker-Main-3/WARN] [net.minecraft.world.entity.ai.attributes.AttributeMap/]: Ignoring unknown attribute 'reach-entity-attributes:reach'
[13Jul2026 20:35:29.527] [Worker-Main-3/WARN] [net.minecraft.world.entity.ai.attributes.AttributeMap/]: Ignoring unknown attribute 'reach-entity-attributes:reach'
[13Jul2026 20:35:29.527] [Worker-Main-3/WARN] [net.minecraft.world.entity.ai.attributes.AttributeMap/]: Ignoring unknown attribute 'reach-entity-attributes:reach'
[13Jul2026 20:35:29.870] [Worker-Main-2/WARN] [net.minecraft.world.entity.ai.attributes.AttributeMap/]: Ignoring unknown attribute 'reach-entity-attributes:reach'
[13Jul2026 20:35:29.870] [Worker-Main-2/WARN] [net.minecraft.world.entity.ai.attributes.AttributeMap/]: Ignoring unknown attribute 'reach-entity-attributes:reach'
[13Jul2026 20:35:40.248] [Worker-Main-1/WARN] [lithostitched/]: Non-existent template pool reference: minecraft:
[13Jul2026 20:35:40.248] [Worker-Main-1/WARN] [lithostitched/]: Non-existent template pool reference: minecraft:
[13Jul2026 20:35:40.248] [Worker-Main-1/WARN] [lithostitched/]: Non-existent template pool reference: minecraft:
[13Jul2026 20:37:03.627] [Server thread/INFO] [net.minecraft.server.MinecraftServer/]: buencairo has made the advancement [Isn't It Iron Pick]
[13Jul2026 20:40:39.261] [Server thread/INFO] [net.minecraft.server.commands.LocateCommand/]: Locating element minecraft:village_plains took 2328 ms
[13Jul2026 20:40:39.262] [Server thread/WARN] [net.minecraft.server.MinecraftServer/]: Can't keep up! Is the server overloaded? Running 2320ms or 46 ticks behind
[13Jul2026 20:40:50.701] [Server thread/INFO] [net.minecraft.server.commands.LocateCommand/]: Locating element minecraft:village_taiga took 478 ms
[13Jul2026 20:41:03.706] [Server thread/INFO] [net.minecraft.server.commands.LocateCommand/]: Locating element minecraft:village_savanna took 679 ms
[13Jul2026 20:41:09.552] [Worker-Main-3/WARN] [lithostitched/]: Non-existent template pool reference: minecraft:
[13Jul2026 20:41:09.552] [Worker-Main-3/WARN] [lithostitched/]: Non-existent template pool reference: minecraft:
[13Jul2026 20:41:09.552] [Worker-Main-3/WARN] [lithostitched/]: Non-existent template pool reference: minecraft:
[13Jul2026 20:41:10.175] [Worker-Main-1/WARN] [lithostitched/]: Non-existent template pool reference: minecraft:
[13Jul2026 20:41:10.175] [Worker-Main-1/WARN] [lithostitched/]: Non-existent template pool reference: minecraft:
[13Jul2026 20:41:10.175] [Worker-Main-1/WARN] [lithostitched/]: Non-existent template pool reference: minecraft:
[13Jul2026 20:41:10.293] [Worker-Main-2/WARN] [lithostitched/]: Non-existent template pool reference: minecraft:
[13Jul2026 20:41:10.293] [Worker-Main-2/WARN] [lithostitched/]: Non-existent template pool reference: minecraft:
[13Jul2026 20:41:10.293] [Worker-Main-2/WARN] [lithostitched/]: Non-existent template pool reference: minecraft:
[13Jul2026 20:41:10.841] [Worker-Main-1/WARN] [lithostitched/]: Non-existent template pool reference: minecraft:
[13Jul2026 20:41:10.841] [Worker-Main-1/WARN] [lithostitched/]: Non-existent template pool reference: minecraft:
[13Jul2026 20:41:10.841] [Worker-Main-1/WARN] [lithostitched/]: Non-existent template pool reference: minecraft:
[13Jul2026 20:41:12.538] [Server thread/INFO] [net.minecraft.server.MinecraftServer/]: [buencairo: Teleported buencairo to 928.500000, 89.000000, -207.500000]
[13Jul2026 20:41:12.538] [Server thread/WARN] [net.minecraft.server.MinecraftServer/]: Can't keep up! Is the server overloaded? Running 3097ms or 61 ticks behind
[13Jul2026 20:41:12.583] [Server thread/WARN] [net.minecraft.server.network.ServerGamePacketListenerImpl/]: buencairo moved too quickly! 0.0,-10.806526110008988,0.0
[13Jul2026 20:41:13.326] [Worker-Main-1/WARN] [lithostitched/]: Non-existent template pool reference: minecraft:
[13Jul2026 20:41:13.327] [Worker-Main-1/WARN] [lithostitched/]: Non-existent template pool reference: minecraft:
[13Jul2026 20:41:13.327] [Worker-Main-1/WARN] [lithostitched/]: Non-existent template pool reference: minecraft:
[13Jul2026 20:41:13.782] [Server thread/INFO] [net.minecraft.server.MinecraftServer/]: buencairo fell from a high place
[13Jul2026 20:41:13.783] [Server thread/INFO] [gravestone/]: The death ID of player buencairo is 197d6b37-99dd-45c5-8758-d0a0817c0891
[13Jul2026 20:41:15.689] [Server thread/INFO] [Scaling Health/]: Player lost 0.00 heart crystal(s)
[13Jul2026 20:41:15.689] [Server thread/INFO] [Scaling Health/]: Player lost -0.00 difficulty
[13Jul2026 20:41:20.206] [Server thread/INFO] [net.minecraft.server.MinecraftServer/]: [buencairo: Teleported buencairo to 928.500000, 64.500000, -207.500000]
[13Jul2026 20:41:20.813] [Worker-Main-3/WARN] [lithostitched/]: Non-existent template pool reference: minecraft:
[13Jul2026 20:41:20.816] [Worker-Main-3/WARN] [lithostitched/]: Non-existent template pool reference: minecraft:
[13Jul2026 20:41:20.818] [Worker-Main-3/WARN] [lithostitched/]: Non-existent template pool reference: minecraft:
[13Jul2026 20:41:22.565] [Worker-Main-1/WARN] [net.minecraft.world.entity.ai.attributes.AttributeMap/]: Ignoring unknown attribute 'reach-entity-attributes:reach'
[13Jul2026 20:41:22.638] [Worker-Main-1/WARN] [net.minecraft.world.entity.ai.attributes.AttributeMap/]: Ignoring unknown attribute 'reach-entity-attributes:reach'
[13Jul2026 20:41:22.639] [Worker-Main-1/WARN] [net.minecraft.world.entity.ai.attributes.AttributeMap/]: Ignoring unknown attribute 'reach-entity-attributes:reach'
[13Jul2026 20:41:22.639] [Worker-Main-1/WARN] [net.minecraft.world.entity.ai.attributes.AttributeMap/]: Ignoring unknown attribute 'reach-entity-attributes:reach'
[13Jul2026 20:41:22.639] [Worker-Main-1/WARN] [net.minecraft.world.entity.ai.attributes.AttributeMap/]: Ignoring unknown attribute 'reach-entity-attributes:reach'
[13Jul2026 20:41:26.496] [Worker-Main-1/WARN] [lithostitched/]: Non-existent template pool reference: minecraft:
[13Jul2026 20:41:26.496] [Worker-Main-1/WARN] [lithostitched/]: Non-existent template pool reference: minecraft:
[13Jul2026 20:41:26.497] [Worker-Main-1/WARN] [lithostitched/]: Non-existent template pool reference: minecraft:
[13Jul2026 20:41:26.499] [Worker-Main-1/WARN] [lithostitched/]: Non-existent template pool reference: minecraft:
[13Jul2026 20:41:26.499] [Worker-Main-1/WARN] [lithostitched/]: Non-existent template pool reference: minecraft:
[13Jul2026 20:41:26.499] [Worker-Main-1/WARN] [lithostitched/]: Non-existent template pool reference: minecraft:
[13Jul2026 20:41:27.039] [Worker-Main-2/WARN] [net.minecraft.world.entity.ai.attributes.AttributeMap/]: Ignoring unknown attribute 'reach-entity-attributes:reach'
[13Jul2026 20:41:27.040] [Worker-Main-2/WARN] [net.minecraft.world.entity.ai.attributes.AttributeMap/]: Ignoring unknown attribute 'reach-entity-attributes:reach'
[13Jul2026 20:41:27.040] [Worker-Main-2/WARN] [net.minecraft.world.entity.ai.attributes.AttributeMap/]: Ignoring unknown attribute 'reach-entity-attributes:reach'
[13Jul2026 20:41:27.040] [Worker-Main-2/WARN] [net.minecraft.world.entity.ai.attributes.AttributeMap/]: Ignoring unknown attribute 'reach-entity-attributes:reach'
[13Jul2026 20:41:48.734] [Worker-Main-3/WARN] [lithostitched/]: Non-existent template pool reference: minecraft:
[13Jul2026 20:41:48.735] [Worker-Main-3/WARN] [lithostitched/]: Non-existent template pool reference: minecraft:
[13Jul2026 20:41:48.735] [Worker-Main-3/WARN] [lithostitched/]: Non-existent template pool reference: minecraft:
[13Jul2026 20:41:48.783] [Worker-Main-2/WARN] [lithostitched/]: Non-existent template pool reference: minecraft:
[13Jul2026 20:41:48.783] [Worker-Main-2/WARN] [lithostitched/]: Non-existent template pool reference: minecraft:
[13Jul2026 20:41:48.783] [Worker-Main-2/WARN] [lithostitched/]: Non-existent template pool reference: minecraft:
[13Jul2026 20:41:52.050] [Worker-Main-1/ERROR] [net.minecraft.world.entity.decoration.HangingEntity/]: Hanging entity at invalid position: BlockPos{x=73, y=131, z=583}
[13Jul2026 20:41:52.052] [Worker-Main-1/ERROR] [net.minecraft.world.entity.decoration.HangingEntity/]: Hanging entity at invalid position: BlockPos{x=77, y=131, z=582}
[13Jul2026 20:41:52.054] [Worker-Main-1/ERROR] [net.minecraft.world.entity.decoration.HangingEntity/]: Hanging entity at invalid position: BlockPos{x=78, y=131, z=585}
[13Jul2026 20:41:52.054] [Worker-Main-1/ERROR] [net.minecraft.world.entity.decoration.HangingEntity/]: Hanging entity at invalid position: BlockPos{x=80, y=131, z=580}
[13Jul2026 20:41:55.386] [Worker-Main-1/WARN] [lithostitched/]: Non-existent template pool reference: minecraft:
[13Jul2026 20:41:55.386] [Worker-Main-1/WARN] [lithostitched/]: Non-existent template pool reference: minecraft:
[13Jul2026 20:41:55.386] [Worker-Main-1/WARN] [lithostitched/]: Non-existent template pool reference: minecraft:
[13Jul2026 20:41:56.873] [Worker-Main-1/WARN] [lithostitched/]: Non-existent template pool reference: minecraft:
[13Jul2026 20:41:56.874] [Worker-Main-1/WARN] [lithostitched/]: Non-existent template pool reference: minecraft:
[13Jul2026 20:41:56.874] [Worker-Main-1/WARN] [lithostitched/]: Non-existent template pool reference: minecraft:
[13Jul2026 20:41:58.884] [Worker-Main-1/ERROR] [net.minecraft.world.entity.decoration.HangingEntity/]: Hanging entity at invalid position: BlockPos{x=202, y=47, z=211}
[13Jul2026 20:42:01.086] [Worker-Main-1/WARN] [lithostitched/]: Non-existent template pool reference: minecraft:
[13Jul2026 20:42:01.086] [Worker-Main-1/WARN] [lithostitched/]: Non-existent template pool reference: minecraft:
[13Jul2026 20:42:01.086] [Worker-Main-1/WARN] [lithostitched/]: Non-existent template pool reference: minecraft:
[13Jul2026 20:42:03.891] [Worker-Main-1/WARN] [net.minecraft.world.entity.ai.attributes.AttributeMap/]: Ignoring unknown attribute 'reach-entity-attributes:reach'
[13Jul2026 20:42:03.892] [Worker-Main-1/WARN] [net.minecraft.world.entity.ai.attributes.AttributeMap/]: Ignoring unknown attribute 'reach-entity-attributes:reach'
[13Jul2026 20:42:03.892] [Worker-Main-1/WARN] [net.minecraft.world.entity.ai.attributes.AttributeMap/]: Ignoring unknown attribute 'reach-entity-attributes:reach'
[13Jul2026 20:42:03.892] [Worker-Main-1/WARN] [net.minecraft.world.entity.ai.attributes.AttributeMap/]: Ignoring unknown attribute 'reach-entity-attributes:reach'
[13Jul2026 20:42:06.131] [Server thread/INFO] [net.minecraft.server.commands.LocateCommand/]: Locating element minecraft:village_plains took 1468 ms
[13Jul2026 20:42:09.755] [Worker-Main-2/WARN] [lithostitched/]: Non-existent template pool reference: minecraft:
[13Jul2026 20:42:09.755] [Worker-Main-2/WARN] [lithostitched/]: Non-existent template pool reference: minecraft:
[13Jul2026 20:42:09.755] [Worker-Main-2/WARN] [lithostitched/]: Non-existent template pool reference: minecraft:
[13Jul2026 20:42:10.050] [Worker-Main-3/WARN] [lithostitched/]: Non-existent template pool reference: minecraft:
[13Jul2026 20:42:10.050] [Worker-Main-3/WARN] [lithostitched/]: Non-existent template pool reference: minecraft:
[13Jul2026 20:42:10.051] [Worker-Main-3/WARN] [lithostitched/]: Non-existent template pool reference: minecraft:
[13Jul2026 20:42:10.079] [Worker-Main-3/WARN] [lithostitched/]: Non-existent template pool reference: minecraft:
[13Jul2026 20:42:10.079] [Worker-Main-3/WARN] [lithostitched/]: Non-existent template pool reference: minecraft:
[13Jul2026 20:42:10.079] [Worker-Main-3/WARN] [lithostitched/]: Non-existent template pool reference: minecraft:
[13Jul2026 20:42:10.138] [Worker-Main-2/WARN] [lithostitched/]: Non-existent template pool reference: minecraft:
[13Jul2026 20:42:10.138] [Worker-Main-2/WARN] [lithostitched/]: Non-existent template pool reference: minecraft:
[13Jul2026 20:42:10.138] [Worker-Main-2/WARN] [lithostitched/]: Non-existent template pool reference: minecraft:
[13Jul2026 20:42:12.331] [Worker-Main-3/WARN] [net.minecraft.world.entity.ai.attributes.AttributeMap/]: Ignoring unknown attribute 'reach-entity-attributes:reach'
[13Jul2026 20:42:12.332] [Worker-Main-3/WARN] [net.minecraft.world.entity.ai.attributes.AttributeMap/]: Ignoring unknown attribute 'reach-entity-attributes:reach'
[13Jul2026 20:42:12.332] [Worker-Main-3/WARN] [net.minecraft.world.entity.ai.attributes.AttributeMap/]: Ignoring unknown attribute 'reach-entity-attributes:reach'
[13Jul2026 20:42:12.332] [Worker-Main-3/WARN] [net.minecraft.world.entity.ai.attributes.AttributeMap/]: Ignoring unknown attribute 'reach-entity-attributes:reach'
[13Jul2026 20:42:12.691] [Worker-Main-1/WARN] [net.minecraft.world.entity.ai.attributes.AttributeMap/]: Ignoring unknown attribute 'reach-entity-attributes:reach'
[13Jul2026 20:42:12.691] [Worker-Main-1/WARN] [net.minecraft.world.entity.ai.attributes.AttributeMap/]: Ignoring unknown attribute 'reach-entity-attributes:reach'
[13Jul2026 20:42:12.692] [Worker-Main-1/WARN] [net.minecraft.world.entity.ai.attributes.AttributeMap/]: Ignoring unknown attribute 'reach-entity-attributes:reach'
[13Jul2026 20:42:12.692] [Worker-Main-1/WARN] [net.minecraft.world.entity.ai.attributes.AttributeMap/]: Ignoring unknown attribute 'reach-entity-attributes:reach'
[13Jul2026 20:42:12.692] [Worker-Main-1/WARN] [net.minecraft.world.entity.ai.attributes.AttributeMap/]: Ignoring unknown attribute 'reach-entity-attributes:reach'
[13Jul2026 20:42:15.171] [Server thread/INFO] [net.minecraft.server.MinecraftServer/]: [buencairo: Teleported buencairo to 672.500000, 63.000000, -1615.500000]
[13Jul2026 20:42:15.172] [Server thread/WARN] [net.minecraft.server.MinecraftServer/]: Can't keep up! Is the server overloaded? Running 6480ms or 129 ticks behind
[13Jul2026 20:42:17.079] [Worker-Main-2/ERROR] [net.minecraft.world.entity.decoration.HangingEntity/]: Hanging entity at invalid position: BlockPos{x=-195, y=-54, z=-92}
[13Jul2026 20:42:17.079] [Worker-Main-2/ERROR] [net.minecraft.world.entity.decoration.HangingEntity/]: Hanging entity at invalid position: BlockPos{x=-192, y=-54, z=-88}
[13Jul2026 20:42:17.080] [Worker-Main-2/ERROR] [net.minecraft.world.entity.decoration.HangingEntity/]: Hanging entity at invalid position: BlockPos{x=-192, y=-50, z=-85}
[13Jul2026 20:42:17.080] [Worker-Main-2/ERROR] [net.minecraft.world.entity.decoration.HangingEntity/]: Hanging entity at invalid position: BlockPos{x=-183, y=-51, z=-89}
[13Jul2026 20:42:17.080] [Worker-Main-2/ERROR] [net.minecraft.world.entity.decoration.HangingEntity/]: Hanging entity at invalid position: BlockPos{x=-186, y=-50, z=-90}
[13Jul2026 20:42:17.081] [Worker-Main-2/ERROR] [net.minecraft.world.entity.decoration.HangingEntity/]: Hanging entity at invalid position: BlockPos{x=-186, y=-45, z=-87}
[13Jul2026 20:42:17.081] [Worker-Main-2/ERROR] [net.minecraft.world.entity.decoration.HangingEntity/]: Hanging entity at invalid position: BlockPos{x=-189, y=-45, z=-84}
[13Jul2026 20:42:17.147] [Worker-Main-2/ERROR] [net.minecraft.world.entity.decoration.HangingEntity/]: Hanging entity at invalid position: BlockPos{x=-178, y=-45, z=-85}
[13Jul2026 20:42:17.148] [Worker-Main-2/ERROR] [net.minecraft.world.entity.decoration.HangingEntity/]: Hanging entity at invalid position: BlockPos{x=-178, y=-41, z=-89}
[13Jul2026 20:42:17.149] [Worker-Main-2/ERROR] [net.minecraft.world.entity.decoration.HangingEntity/]: Hanging entity at invalid position: BlockPos{x=-172, y=-54, z=-92}
[13Jul2026 20:42:17.149] [Worker-Main-2/ERROR] [net.minecraft.world.entity.decoration.HangingEntity/]: Hanging entity at invalid position: BlockPos{x=-172, y=-54, z=-93}
[13Jul2026 20:42:17.149] [Worker-Main-2/ERROR] [net.minecraft.world.entity.decoration.HangingEntity/]: Hanging entity at invalid position: BlockPos{x=-175, y=-41, z=-90}
[13Jul2026 20:42:20.690] [Worker-Main-3/ERROR] [net.minecraft.world.entity.decoration.HangingEntity/]: Hanging entity at invalid position: BlockPos{x=-192, y=-54, z=-74}
[13Jul2026 20:42:20.690] [Worker-Main-3/ERROR] [net.minecraft.world.entity.decoration.HangingEntity/]: Hanging entity at invalid position: BlockPos{x=-192, y=-50, z=-77}
[13Jul2026 20:42:20.691] [Worker-Main-3/ERROR] [net.minecraft.world.entity.decoration.HangingEntity/]: Hanging entity at invalid position: BlockPos{x=-187, y=-50, z=-72}
[13Jul2026 20:42:20.691] [Worker-Main-3/ERROR] [net.minecraft.world.entity.decoration.HangingEntity/]: Hanging entity at invalid position: BlockPos{x=-184, y=-45, z=-75}
[13Jul2026 20:42:20.818] [Worker-Main-2/ERROR] [net.minecraft.world.entity.decoration.HangingEntity/]: Hanging entity at invalid position: BlockPos{x=-177, y=-55, z=-77}
[13Jul2026 20:42:20.818] [Worker-Main-2/ERROR] [net.minecraft.world.entity.decoration.HangingEntity/]: Hanging entity at invalid position: BlockPos{x=-181, y=-50, z=-73}
[13Jul2026 20:42:20.818] [Worker-Main-2/ERROR] [net.minecraft.world.entity.decoration.HangingEntity/]: Hanging entity at invalid position: BlockPos{x=-182, y=-45, z=-75}
[13Jul2026 20:42:20.818] [Worker-Main-2/ERROR] [net.minecraft.world.entity.decoration.HangingEntity/]: Hanging entity at invalid position: BlockPos{x=-172, y=-54, z=-70}
[13Jul2026 20:42:30.163] [Worker-Main-1/WARN] [lithostitched/]: Non-existent template pool reference: minecraft:
[13Jul2026 20:42:30.164] [Worker-Main-1/WARN] [lithostitched/]: Non-existent template pool reference: minecraft:
[13Jul2026 20:42:30.164] [Worker-Main-1/WARN] [lithostitched/]: Non-existent template pool reference: minecraft:
[13Jul2026 20:42:31.744] [Worker-Main-3/WARN] [lithostitched/]: Non-existent template pool reference: minecraft:
[13Jul2026 20:42:31.747] [Worker-Main-3/WARN] [lithostitched/]: Non-existent template pool reference: minecraft:
[13Jul2026 20:42:31.747] [Worker-Main-3/WARN] [lithostitched/]: Non-existent template pool reference: minecraft:
[13Jul2026 20:42:31.812] [Worker-Main-1/WARN] [lithostitched/]: Non-existent template pool reference: minecraft:
[13Jul2026 20:42:31.813] [Worker-Main-1/WARN] [lithostitched/]: Non-existent template pool reference: minecraft:
[13Jul2026 20:42:31.813] [Worker-Main-1/WARN] [lithostitched/]: Non-existent template pool reference: minecraft:
[13Jul2026 20:42:33.013] [Worker-Main-1/WARN] [lithostitched/]: Non-existent template pool reference: minecraft:
[13Jul2026 20:42:33.014] [Worker-Main-1/WARN] [lithostitched/]: Non-existent template pool reference: minecraft:
[13Jul2026 20:42:33.014] [Worker-Main-1/WARN] [lithostitched/]: Non-existent template pool reference: minecraft:
[13Jul2026 20:42:35.811] [Worker-Main-1/WARN] [lithostitched/]: Non-existent template pool reference: minecraft:
[13Jul2026 20:42:35.811] [Worker-Main-1/WARN] [lithostitched/]: Non-existent template pool reference: minecraft:
[13Jul2026 20:42:35.812] [Worker-Main-1/WARN] [lithostitched/]: Non-existent template pool reference: minecraft:
[13Jul2026 20:42:37.994] [Worker-Main-3/WARN] [lithostitched/]: Non-existent template pool reference: minecraft:
[13Jul2026 20:42:37.994] [Worker-Main-3/WARN] [lithostitched/]: Non-existent template pool reference: minecraft:
[13Jul2026 20:42:37.994] [Worker-Main-3/WARN] [lithostitched/]: Non-existent template pool reference: minecraft:
[13Jul2026 20:42:38.025] [Worker-Main-3/WARN] [lithostitched/]: Non-existent template pool reference: minecraft:
[13Jul2026 20:42:38.026] [Worker-Main-3/WARN] [lithostitched/]: Non-existent template pool reference: minecraft:
[13Jul2026 20:42:38.026] [Worker-Main-3/WARN] [lithostitched/]: Non-existent template pool reference: minecraft:
[13Jul2026 20:42:42.224] [Worker-Main-3/WARN] [lithostitched/]: Non-existent template pool reference: minecraft:
[13Jul2026 20:42:42.224] [Worker-Main-3/WARN] [lithostitched/]: Non-existent template pool reference: minecraft:
[13Jul2026 20:42:42.224] [Worker-Main-3/WARN] [lithostitched/]: Non-existent template pool reference: minecraft:
[13Jul2026 20:42:50.170] [Worker-Main-1/WARN] [lithostitched/]: Non-existent template pool reference: minecraft:
[13Jul2026 20:42:50.170] [Worker-Main-1/WARN] [lithostitched/]: Non-existent template pool reference: minecraft:
[13Jul2026 20:42:50.170] [Worker-Main-1/WARN] [lithostitched/]: Non-existent template pool reference: minecraft:
[13Jul2026 20:42:57.965] [Worker-Main-1/WARN] [lithostitched/]: Non-existent template pool reference: minecraft:
[13Jul2026 20:42:57.965] [Worker-Main-1/WARN] [lithostitched/]: Non-existent template pool reference: minecraft:
[13Jul2026 20:42:57.965] [Worker-Main-1/WARN] [lithostitched/]: Non-existent template pool reference: minecraft:
[13Jul2026 20:43:11.230] [Server thread/INFO] [net.minecraft.server.commands.LocateCommand/]: Locating element biomeswevegone:village/forgotten took 2657 ms
[13Jul2026 20:43:11.231] [Server thread/WARN] [net.minecraft.server.MinecraftServer/]: Can't keep up! Is the server overloaded? Running 2690ms or 53 ticks behind
[13Jul2026 20:43:15.970] [Worker-Main-1/WARN] [lithostitched/]: Non-existent template pool reference: minecraft:
[13Jul2026 20:43:15.970] [Worker-Main-1/WARN] [lithostitched/]: Non-existent template pool reference: minecraft:
[13Jul2026 20:43:15.970] [Worker-Main-1/WARN] [lithostitched/]: Non-existent template pool reference: minecraft:
[13Jul2026 20:43:16.038] [Worker-Main-1/WARN] [lithostitched/]: Non-existent template pool reference: minecraft:
[13Jul2026 20:43:16.039] [Worker-Main-1/WARN] [lithostitched/]: Non-existent template pool reference: minecraft:
[13Jul2026 20:43:16.040] [Worker-Main-1/WARN] [lithostitched/]: Non-existent template pool reference: minecraft:
[13Jul2026 20:43:16.075] [Worker-Main-3/WARN] [lithostitched/]: Non-existent template pool reference: minecraft:
[13Jul2026 20:43:16.076] [Worker-Main-3/WARN] [lithostitched/]: Non-existent template pool reference: minecraft:
[13Jul2026 20:43:16.076] [Worker-Main-3/WARN] [lithostitched/]: Non-existent template pool reference: minecraft:
[13Jul2026 20:43:16.096] [Worker-Main-3/WARN] [lithostitched/]: Non-existent template pool reference: minecraft:
[13Jul2026 20:43:16.096] [Worker-Main-3/WARN] [lithostitched/]: Non-existent template pool reference: minecraft:
[13Jul2026 20:43:16.096] [Worker-Main-3/WARN] [lithostitched/]: Non-existent template pool reference: minecraft:
[13Jul2026 20:43:17.830] [Worker-Main-3/WARN] [net.minecraft.world.entity.ai.attributes.AttributeMap/]: Ignoring unknown attribute 'reach-entity-attributes:reach'
[13Jul2026 20:43:17.831] [Worker-Main-3/WARN] [net.minecraft.world.entity.ai.attributes.AttributeMap/]: Ignoring unknown attribute 'reach-entity-attributes:reach'
[13Jul2026 20:43:17.831] [Worker-Main-3/WARN] [net.minecraft.world.entity.ai.attributes.AttributeMap/]: Ignoring unknown attribute 'reach-entity-attributes:reach'
[13Jul2026 20:43:17.832] [Worker-Main-3/WARN] [net.minecraft.world.entity.ai.attributes.AttributeMap/]: Ignoring unknown attribute 'reach-entity-attributes:reach'
[13Jul2026 20:43:17.961] [Worker-Main-2/WARN] [net.minecraft.world.entity.ai.attributes.AttributeMap/]: Ignoring unknown attribute 'reach-entity-attributes:reach'
[13Jul2026 20:43:20.623] [Worker-Main-1/WARN] [net.minecraft.world.entity.ai.attributes.AttributeMap/]: Ignoring unknown attribute 'reach-entity-attributes:reach'
[13Jul2026 20:43:20.623] [Worker-Main-1/WARN] [net.minecraft.world.entity.ai.attributes.AttributeMap/]: Ignoring unknown attribute 'reach-entity-attributes:reach'
[13Jul2026 20:43:20.623] [Worker-Main-1/WARN] [net.minecraft.world.entity.ai.attributes.AttributeMap/]: Ignoring unknown attribute 'reach-entity-attributes:reach'
[13Jul2026 20:43:20.624] [Worker-Main-1/WARN] [net.minecraft.world.entity.ai.attributes.AttributeMap/]: Ignoring unknown attribute 'reach-entity-attributes:reach'
[13Jul2026 20:43:20.854] [Server thread/INFO] [net.minecraft.server.MinecraftServer/]: [buencairo: Teleported buencairo to -1615.500000, 63.000000, -2575.500000]
[13Jul2026 20:43:27.783] [Server thread/INFO] [net.minecraft.server.MinecraftServer/]: buencairo has made the advancement [Stone Age]
[13Jul2026 20:43:29.642] [Worker-Main-1/ERROR] [net.minecraft.world.entity.decoration.HangingEntity/]: Hanging entity at invalid position: BlockPos{x=203, y=48, z=159}
[13Jul2026 20:43:52.349] [Worker-Main-3/WARN] [lithostitched/]: Non-existent template pool reference: minecraft:
[13Jul2026 20:43:52.350] [Worker-Main-3/WARN] [lithostitched/]: Non-existent template pool reference: minecraft:
[13Jul2026 20:43:52.350] [Worker-Main-3/WARN] [lithostitched/]: Non-existent template pool reference: minecraft:
[13Jul2026 20:43:53.019] [Worker-Main-1/WARN] [lithostitched/]: Non-existent template pool reference: minecraft:
[13Jul2026 20:43:53.020] [Worker-Main-1/WARN] [lithostitched/]: Non-existent template pool reference: minecraft:
[13Jul2026 20:43:53.020] [Worker-Main-1/WARN] [lithostitched/]: Non-existent template pool reference: minecraft:
[13Jul2026 20:43:53.060] [Worker-Main-1/WARN] [lithostitched/]: Non-existent template pool reference: minecraft:
[13Jul2026 20:43:53.060] [Worker-Main-1/WARN] [lithostitched/]: Non-existent template pool reference: minecraft:
[13Jul2026 20:43:53.060] [Worker-Main-1/WARN] [lithostitched/]: Non-existent template pool reference: minecraft:
[13Jul2026 20:43:58.057] [Worker-Main-2/WARN] [lithostitched/]: Non-existent template pool reference: minecraft:
[13Jul2026 20:43:58.057] [Worker-Main-2/WARN] [lithostitched/]: Non-existent template pool reference: minecraft:
[13Jul2026 20:43:58.057] [Worker-Main-2/WARN] [lithostitched/]: Non-existent template pool reference: minecraft:
[13Jul2026 20:43:58.071] [Worker-Main-3/WARN] [lithostitched/]: Non-existent template pool reference: minecraft:
[13Jul2026 20:43:58.071] [Worker-Main-3/WARN] [lithostitched/]: Non-existent template pool reference: minecraft:
[13Jul2026 20:43:58.071] [Worker-Main-3/WARN] [lithostitched/]: Non-existent template pool reference: minecraft:
[13Jul2026 20:43:59.528] [Worker-Main-2/WARN] [lithostitched/]: Non-existent template pool reference: minecraft:
[13Jul2026 20:43:59.528] [Worker-Main-2/WARN] [lithostitched/]: Non-existent template pool reference: minecraft:
[13Jul2026 20:43:59.529] [Worker-Main-2/WARN] [lithostitched/]: Non-existent template pool reference: minecraft:
[13Jul2026 20:44:00.350] [Worker-Main-3/WARN] [lithostitched/]: Non-existent template pool reference: minecraft:
[13Jul2026 20:44:00.350] [Worker-Main-3/WARN] [lithostitched/]: Non-existent template pool reference: minecraft:
[13Jul2026 20:44:00.350] [Worker-Main-3/WARN] [lithostitched/]: Non-existent template pool reference: minecraft:
[13Jul2026 20:44:02.848] [Worker-Main-1/WARN] [lithostitched/]: Non-existent template pool reference: minecraft:
[13Jul2026 20:44:02.848] [Worker-Main-1/WARN] [lithostitched/]: Non-existent template pool reference: minecraft:
[13Jul2026 20:44:02.848] [Worker-Main-1/WARN] [lithostitched/]: Non-existent template pool reference: minecraft:
[13Jul2026 20:44:04.260] [Worker-Main-2/WARN] [lithostitched/]: Non-existent template pool reference: minecraft:
[13Jul2026 20:44:04.263] [Worker-Main-2/WARN] [lithostitched/]: Non-existent template pool reference: minecraft:
[13Jul2026 20:44:04.263] [Worker-Main-2/WARN] [lithostitched/]: Non-existent template pool reference: minecraft:
[13Jul2026 20:44:05.817] [Worker-Main-3/WARN] [lithostitched/]: Non-existent template pool reference: minecraft:
[13Jul2026 20:44:05.817] [Worker-Main-3/WARN] [lithostitched/]: Non-existent template pool reference: minecraft:
[13Jul2026 20:44:05.817] [Worker-Main-3/WARN] [lithostitched/]: Non-existent template pool reference: minecraft:
[13Jul2026 20:44:08.335] [Worker-Main-1/WARN] [lithostitched/]: Non-existent template pool reference: minecraft:
[13Jul2026 20:44:08.335] [Worker-Main-1/WARN] [lithostitched/]: Non-existent template pool reference: minecraft:
[13Jul2026 20:44:08.335] [Worker-Main-1/WARN] [lithostitched/]: Non-existent template pool reference: minecraft:
[13Jul2026 20:44:11.405] [Worker-Main-2/WARN] [lithostitched/]: Non-existent template pool reference: minecraft:
[13Jul2026 20:44:11.405] [Worker-Main-2/WARN] [lithostitched/]: Non-existent template pool reference: minecraft:
[13Jul2026 20:44:11.405] [Worker-Main-2/WARN] [lithostitched/]: Non-existent template pool reference: minecraft:
[13Jul2026 20:44:16.562] [Worker-Main-2/WARN] [lithostitched/]: Non-existent template pool reference: structory:harvest/well_bottoms
[13Jul2026 20:44:17.236] [Server thread/INFO] [net.minecraft.server.commands.LocateCommand/]: Locating element structory:outcast_villager_grassy took 1027 ms
[13Jul2026 20:44:20.730] [Worker-Main-2/WARN] [lithostitched/]: Non-existent template pool reference: minecraft:
[13Jul2026 20:44:20.730] [Worker-Main-2/WARN] [lithostitched/]: Non-existent template pool reference: minecraft:
[13Jul2026 20:44:20.730] [Worker-Main-2/WARN] [lithostitched/]: Non-existent template pool reference: minecraft:
[13Jul2026 20:44:21.497] [Worker-Main-1/WARN] [lithostitched/]: Non-existent template pool reference: minecraft:
[13Jul2026 20:44:21.497] [Worker-Main-1/WARN] [lithostitched/]: Non-existent template pool reference: minecraft:
[13Jul2026 20:44:21.497] [Worker-Main-1/WARN] [lithostitched/]: Non-existent template pool reference: minecraft:
[13Jul2026 20:44:22.124] [Worker-Main-1/WARN] [lithostitched/]: Non-existent template pool reference: minecraft:
[13Jul2026 20:44:22.125] [Worker-Main-1/WARN] [lithostitched/]: Non-existent template pool reference: minecraft:
[13Jul2026 20:44:22.125] [Worker-Main-1/WARN] [lithostitched/]: Non-existent template pool reference: minecraft:
[13Jul2026 20:44:22.178] [Worker-Main-2/WARN] [lithostitched/]: Non-existent template pool reference: minecraft:
[13Jul2026 20:44:22.179] [Worker-Main-2/WARN] [lithostitched/]: Non-existent template pool reference: minecraft:
[13Jul2026 20:44:22.179] [Worker-Main-2/WARN] [lithostitched/]: Non-existent template pool reference: minecraft:
[13Jul2026 20:44:26.358] [Server thread/INFO] [net.minecraft.server.MinecraftServer/]: [buencairo: Teleported buencairo to -3855.500000, 63.000000, -3311.500000]
[13Jul2026 20:44:26.361] [Server thread/WARN] [net.minecraft.server.MinecraftServer/]: Can't keep up! Is the server overloaded? Running 6169ms or 123 ticks behind
[13Jul2026 20:44:27.550] [Worker-Main-3/WARN] [lithostitched/]: Non-existent template pool reference: minecraft:
[13Jul2026 20:44:27.551] [Worker-Main-3/WARN] [lithostitched/]: Non-existent template pool reference: minecraft:
[13Jul2026 20:44:27.551] [Worker-Main-3/WARN] [lithostitched/]: Non-existent template pool reference: minecraft:
[13Jul2026 20:44:28.707] [Server thread/INFO] [net.minecraft.server.MinecraftServer/]: [buencairo: Set own game mode to Creative Mode]
[13Jul2026 20:44:35.956] [Worker-Main-1/WARN] [lithostitched/]: Non-existent template pool reference: minecraft:
[13Jul2026 20:44:35.956] [Worker-Main-1/WARN] [lithostitched/]: Non-existent template pool reference: minecraft:
[13Jul2026 20:44:35.956] [Worker-Main-1/WARN] [lithostitched/]: Non-existent template pool reference: minecraft:
[13Jul2026 20:44:38.782] [Worker-Main-1/WARN] [lithostitched/]: Non-existent template pool reference: minecraft:
[13Jul2026 20:44:38.784] [Worker-Main-1/WARN] [lithostitched/]: Non-existent template pool reference: minecraft:
[13Jul2026 20:44:38.786] [Worker-Main-1/WARN] [lithostitched/]: Non-existent template pool reference: minecraft:
[13Jul2026 20:44:38.786] [Worker-Main-2/WARN] [lithostitched/]: Non-existent template pool reference: minecraft:
[13Jul2026 20:44:38.788] [Worker-Main-2/WARN] [lithostitched/]: Non-existent template pool reference: minecraft:
[13Jul2026 20:44:38.788] [Worker-Main-2/WARN] [lithostitched/]: Non-existent template pool reference: minecraft:
[13Jul2026 20:44:42.555] [Worker-Main-2/WARN] [lithostitched/]: Non-existent template pool reference: minecraft:
[13Jul2026 20:44:42.555] [Worker-Main-2/WARN] [lithostitched/]: Non-existent template pool reference: minecraft:
[13Jul2026 20:44:42.555] [Worker-Main-2/WARN] [lithostitched/]: Non-existent template pool reference: minecraft:
[13Jul2026 20:44:49.015] [Worker-Main-2/WARN] [net.minecraft.world.entity.ai.attributes.AttributeMap/]: Ignoring unknown attribute 'reach-entity-attributes:reach'
[13Jul2026 20:44:49.237] [Worker-Main-2/WARN] [lithostitched/]: Non-existent template pool reference: minecraft:
[13Jul2026 20:44:49.238] [Worker-Main-2/WARN] [lithostitched/]: Non-existent template pool reference: minecraft:
[13Jul2026 20:44:49.238] [Worker-Main-2/WARN] [lithostitched/]: Non-existent template pool reference: minecraft:
[13Jul2026 20:44:49.300] [Worker-Main-1/WARN] [lithostitched/]: Non-existent template pool reference: minecraft:
[13Jul2026 20:44:49.300] [Worker-Main-1/WARN] [lithostitched/]: Non-existent template pool reference: minecraft:
[13Jul2026 20:44:49.301] [Worker-Main-1/WARN] [lithostitched/]: Non-existent template pool reference: minecraft:
[13Jul2026 20:44:50.815] [Worker-Main-1/WARN] [net.minecraft.world.entity.ai.attributes.AttributeMap/]: Ignoring unknown attribute 'reach-entity-attributes:reach'
[13Jul2026 20:44:50.815] [Worker-Main-1/WARN] [net.minecraft.world.entity.ai.attributes.AttributeMap/]: Ignoring unknown attribute 'reach-entity-attributes:reach'
[13Jul2026 20:44:50.816] [Worker-Main-1/WARN] [net.minecraft.world.entity.ai.attributes.AttributeMap/]: Ignoring unknown attribute 'reach-entity-attributes:reach'
[13Jul2026 20:44:50.816] [Worker-Main-1/WARN] [net.minecraft.world.entity.ai.attributes.AttributeMap/]: Ignoring unknown attribute 'reach-entity-attributes:reach'
[13Jul2026 20:44:50.840] [Worker-Main-1/WARN] [net.minecraft.world.entity.ai.attributes.AttributeMap/]: Ignoring unknown attribute 'reach-entity-attributes:reach'
[13Jul2026 20:44:50.840] [Worker-Main-1/WARN] [net.minecraft.world.entity.ai.attributes.AttributeMap/]: Ignoring unknown attribute 'reach-entity-attributes:reach'
[13Jul2026 20:44:50.841] [Worker-Main-1/WARN] [net.minecraft.world.entity.ai.attributes.AttributeMap/]: Ignoring unknown attribute 'reach-entity-attributes:reach'
[13Jul2026 20:44:50.841] [Worker-Main-1/WARN] [net.minecraft.world.entity.ai.attributes.AttributeMap/]: Ignoring unknown attribute 'reach-entity-attributes:reach'
[13Jul2026 20:44:53.759] [Worker-Main-1/WARN] [lithostitched/]: Non-existent template pool reference: minecraft:
[13Jul2026 20:44:53.759] [Worker-Main-1/WARN] [lithostitched/]: Non-existent template pool reference: minecraft:
[13Jul2026 20:44:53.759] [Worker-Main-1/WARN] [lithostitched/]: Non-existent template pool reference: minecraft:
[13Jul2026 20:44:56.753] [Worker-Main-2/WARN] [lithostitched/]: Non-existent template pool reference: minecraft:
[13Jul2026 20:44:56.753] [Worker-Main-2/WARN] [lithostitched/]: Non-existent template pool reference: minecraft:
[13Jul2026 20:44:56.753] [Worker-Main-2/WARN] [lithostitched/]: Non-existent template pool reference: minecraft:
[13Jul2026 20:44:57.117] [Worker-Main-2/WARN] [lithostitched/]: Non-existent template pool reference: minecraft:
[13Jul2026 20:44:57.117] [Worker-Main-2/WARN] [lithostitched/]: Non-existent template pool reference: minecraft:
[13Jul2026 20:44:57.118] [Worker-Main-2/WARN] [lithostitched/]: Non-existent template pool reference: minecraft:
[13Jul2026 20:44:59.514] [Worker-Main-3/WARN] [lithostitched/]: Non-existent template pool reference: minecraft:
[13Jul2026 20:44:59.514] [Worker-Main-3/WARN] [lithostitched/]: Non-existent template pool reference: minecraft:
[13Jul2026 20:44:59.516] [Worker-Main-3/WARN] [lithostitched/]: Non-existent template pool reference: minecraft:
[13Jul2026 20:45:00.404] [Worker-Main-2/WARN] [lithostitched/]: Non-existent template pool reference: minecraft:
[13Jul2026 20:45:00.408] [Worker-Main-2/WARN] [lithostitched/]: Non-existent template pool reference: minecraft:
[13Jul2026 20:45:00.408] [Worker-Main-2/WARN] [lithostitched/]: Non-existent template pool reference: minecraft:
[13Jul2026 20:45:05.251] [Worker-Main-1/WARN] [net.minecraft.world.entity.ai.attributes.AttributeMap/]: Ignoring unknown attribute 'reach-entity-attributes:reach'
[13Jul2026 20:45:05.253] [Worker-Main-1/WARN] [net.minecraft.world.entity.ai.attributes.AttributeMap/]: Ignoring unknown attribute 'reach-entity-attributes:reach'
[13Jul2026 20:45:05.368] [Worker-Main-1/WARN] [net.minecraft.world.entity.ai.attributes.AttributeMap/]: Ignoring unknown attribute 'reach-entity-attributes:reach'
[13Jul2026 20:45:05.368] [Worker-Main-1/WARN] [net.minecraft.world.entity.ai.attributes.AttributeMap/]: Ignoring unknown attribute 'reach-entity-attributes:reach'
[13Jul2026 20:45:11.567] [Worker-Main-3/WARN] [net.minecraft.world.entity.ai.attributes.AttributeMap/]: Ignoring unknown attribute 'reach-entity-attributes:reach'
[13Jul2026 20:45:11.570] [Worker-Main-3/WARN] [net.minecraft.world.entity.ai.attributes.AttributeMap/]: Ignoring unknown attribute 'reach-entity-attributes:reach'
[13Jul2026 20:45:11.616] [Worker-Main-3/WARN] [net.minecraft.world.entity.ai.attributes.AttributeMap/]: Ignoring unknown attribute 'reach-entity-attributes:reach'
[13Jul2026 20:45:11.616] [Worker-Main-3/WARN] [net.minecraft.world.entity.ai.attributes.AttributeMap/]: Ignoring unknown attribute 'reach-entity-attributes:reach'
[13Jul2026 20:45:11.617] [Worker-Main-3/WARN] [net.minecraft.world.entity.ai.attributes.AttributeMap/]: Ignoring unknown attribute 'reach-entity-attributes:reach'
[13Jul2026 20:45:11.617] [Worker-Main-3/WARN] [net.minecraft.world.entity.ai.attributes.AttributeMap/]: Ignoring unknown attribute 'reach-entity-attributes:reach'
[13Jul2026 20:45:11.617] [Worker-Main-3/WARN] [net.minecraft.world.entity.ai.attributes.AttributeMap/]: Ignoring unknown attribute 'reach-entity-attributes:reach'
[13Jul2026 20:45:21.741] [Server thread/WARN] [net.minecraft.world.level.chunk.LevelChunk/]: Tried to load a DUMMY block entity @ BlockPos{x=-4050, y=-19, z=-3108} but found not block entity block Block{minecraft:water}[level=2] at location
[13Jul2026 20:45:21.741] [Server thread/WARN] [net.minecraft.world.level.chunk.LevelChunk/]: Tried to load a block entity for block Block{minecraft:water}[level=2] but failed at location BlockPos{x=-4050, y=-19, z=-3108}
[13Jul2026 20:45:44.356] [Worker-Main-3/WARN] [lithostitched/]: Non-existent template pool reference: minecraft:
[13Jul2026 20:45:44.359] [Worker-Main-3/WARN] [lithostitched/]: Non-existent template pool reference: minecraft:
[13Jul2026 20:45:44.359] [Worker-Main-3/WARN] [lithostitched/]: Non-existent template pool reference: minecraft:
[13Jul2026 20:45:44.441] [Worker-Main-3/WARN] [lithostitched/]: Non-existent template pool reference: minecraft:
[13Jul2026 20:45:44.445] [Worker-Main-3/WARN] [lithostitched/]: Non-existent template pool reference: minecraft:
[13Jul2026 20:45:44.446] [Worker-Main-3/WARN] [lithostitched/]: Non-existent template pool reference: minecraft:
[13Jul2026 20:45:46.224] [Worker-Main-2/WARN] [lithostitched/]: Non-existent template pool reference: ctov:village/waystone/sand
[13Jul2026 20:45:46.224] [Worker-Main-2/WARN] [lithostitched/]: Non-existent template pool reference: ctov:village/waystone/sand
[13Jul2026 20:45:48.613] [Worker-Main-3/WARN] [lithostitched/]: Non-existent template pool reference: ctov:village/waystone/sand
[13Jul2026 20:45:48.617] [Worker-Main-3/WARN] [lithostitched/]: Non-existent template pool reference: ctov:village/waystone/sand
[13Jul2026 20:45:50.512] [Worker-Main-1/WARN] [net.minecraft.world.entity.ai.attributes.AttributeMap/]: Ignoring unknown attribute 'reach-entity-attributes:reach'
[13Jul2026 20:45:50.513] [Worker-Main-1/WARN] [net.minecraft.world.entity.ai.attributes.AttributeMap/]: Ignoring unknown attribute 'reach-entity-attributes:reach'
[13Jul2026 20:45:50.515] [Worker-Main-1/WARN] [net.minecraft.world.entity.ai.attributes.AttributeMap/]: Ignoring unknown attribute 'reach-entity-attributes:reach'
[13Jul2026 20:45:50.515] [Worker-Main-1/WARN] [net.minecraft.world.entity.ai.attributes.AttributeMap/]: Ignoring unknown attribute 'reach-entity-attributes:reach'
[13Jul2026 20:45:50.547] [Worker-Main-1/WARN] [net.minecraft.world.entity.ai.attributes.AttributeMap/]: Ignoring unknown attribute 'reach-entity-attributes:reach'
[13Jul2026 20:45:50.547] [Worker-Main-1/WARN] [net.minecraft.world.entity.ai.attributes.AttributeMap/]: Ignoring unknown attribute 'reach-entity-attributes:reach'
[13Jul2026 20:45:50.547] [Worker-Main-1/WARN] [net.minecraft.world.entity.ai.attributes.AttributeMap/]: Ignoring unknown attribute 'reach-entity-attributes:reach'
[13Jul2026 20:45:50.548] [Worker-Main-1/WARN] [net.minecraft.world.entity.ai.attributes.AttributeMap/]: Ignoring unknown attribute 'reach-entity-attributes:reach'
[13Jul2026 20:45:50.548] [Worker-Main-1/WARN] [net.minecraft.world.entity.ai.attributes.AttributeMap/]: Ignoring unknown attribute 'reach-entity-attributes:reach'
[13Jul2026 20:45:52.694] [Worker-Main-1/WARN] [lithostitched/]: Non-existent template pool reference: ctov:village/waystone/sand
[13Jul2026 20:45:52.694] [Worker-Main-1/WARN] [lithostitched/]: Non-existent template pool reference: ctov:village/waystone/sand
[13Jul2026 20:45:55.330] [Worker-Main-3/WARN] [lithostitched/]: Non-existent template pool reference: ctov:village/waystone/sand
[13Jul2026 20:45:55.335] [Worker-Main-3/WARN] [lithostitched/]: Non-existent template pool reference: ctov:village/waystone/sand
[13Jul2026 20:45:57.056] [Worker-Main-3/WARN] [lithostitched/]: Non-existent template pool reference: ctov:village/waystone/sand
[13Jul2026 20:45:57.056] [Worker-Main-3/WARN] [lithostitched/]: Non-existent template pool reference: ctov:village/waystone/sand
[13Jul2026 20:45:57.772] [Worker-Main-3/WARN] [lithostitched/]: Non-existent template pool reference: ctov:village/waystone/sand
[13Jul2026 20:45:57.782] [Worker-Main-3/WARN] [lithostitched/]: Non-existent template pool reference: ctov:village/waystone/sand
[13Jul2026 20:46:01.080] [Worker-Main-2/WARN] [lithostitched/]: Non-existent template pool reference: ctov:village/waystone/sand
[13Jul2026 20:46:01.091] [Worker-Main-2/WARN] [lithostitched/]: Non-existent template pool reference: ctov:village/waystone/sand
[13Jul2026 20:46:02.970] [Worker-Main-3/WARN] [lithostitched/]: Non-existent template pool reference: ctov:village/waystone/sand
[13Jul2026 20:46:02.975] [Worker-Main-3/WARN] [lithostitched/]: Non-existent template pool reference: ctov:village/waystone/sand
[13Jul2026 20:46:05.500] [Server thread/INFO] [net.minecraft.server.commands.LocateCommand/]: Locating element minecraft:village_snowy took 19868 ms
[13Jul2026 20:46:05.500] [Server thread/WARN] [net.minecraft.server.MinecraftServer/]: Can't keep up! Is the server overloaded? Running 19859ms or 397 ticks behind
[13Jul2026 20:46:17.124] [Server thread/INFO] [net.minecraft.server.MinecraftServer/]: [buencairo: Teleported buencairo to 70.500000, 63.500000, 65.500000]
[13Jul2026 20:46:25.664] [Server thread/INFO] [net.minecraft.server.MinecraftServer/]: [buencairo: Teleported buencairo to 805.500000, 66.500000, -105.500000]
[13Jul2026 20:46:28.611] [Worker-Main-1/ERROR] [net.minecraft.world.entity.animal.allay.Allay/]: No key selector in MapLike[{event_delay:0,event_distance:0.0f,range:16,source:{source_entity:[I;-1657608553,-181188645,-1970306320,-21935466],type:"minecraft:entity",y_offset:0.36f}}]
[13Jul2026 20:46:28.612] [Worker-Main-1/ERROR] [net.minecraft.world.entity.animal.allay.Allay/]: No key selector in MapLike[{event_delay:0,event_distance:0.0f,range:16,source:{source_entity:[I;-492208151,2130201996,-1638321847,-236952269],type:"minecraft:entity",y_offset:0.36f}}]
[13Jul2026 20:46:28.613] [Worker-Main-1/ERROR] [net.minecraft.world.entity.animal.allay.Allay/]: No key selector in MapLike[{event_delay:0,event_distance:0.0f,range:16,source:{source_entity:[I;-1534938430,-1634907265,-1933425779,1714146874],type:"minecraft:entity",y_offset:0.36f}}]
[13Jul2026 20:46:31.877] [Worker-Main-3/WARN] [net.minecraft.world.entity.ai.attributes.AttributeMap/]: Ignoring unknown attribute 'reach-entity-attributes:reach'
[13Jul2026 20:46:31.877] [Worker-Main-3/WARN] [net.minecraft.world.entity.ai.attributes.AttributeMap/]: Ignoring unknown attribute 'reach-entity-attributes:reach'
[13Jul2026 20:46:31.927] [Worker-Main-3/WARN] [net.minecraft.world.entity.ai.attributes.AttributeMap/]: Ignoring unknown attribute 'reach-entity-attributes:reach'
[13Jul2026 20:46:31.928] [Worker-Main-3/WARN] [net.minecraft.world.entity.ai.attributes.AttributeMap/]: Ignoring unknown attribute 'reach-entity-attributes:reach'
[13Jul2026 20:46:31.928] [Worker-Main-3/WARN] [net.minecraft.world.entity.ai.attributes.AttributeMap/]: Ignoring unknown attribute 'reach-entity-attributes:reach'
[13Jul2026 20:46:31.928] [Worker-Main-3/WARN] [net.minecraft.world.entity.ai.attributes.AttributeMap/]: Ignoring unknown attribute 'reach-entity-attributes:reach'
[13Jul2026 20:46:31.928] [Worker-Main-3/WARN] [net.minecraft.world.entity.ai.attributes.AttributeMap/]: Ignoring unknown attribute 'reach-entity-attributes:reach'
[13Jul2026 20:46:33.518] [Worker-Main-1/WARN] [net.minecraft.world.entity.ai.attributes.AttributeMap/]: Ignoring unknown attribute 'reach-entity-attributes:reach'
[13Jul2026 20:46:33.519] [Worker-Main-1/WARN] [net.minecraft.world.entity.ai.attributes.AttributeMap/]: Ignoring unknown attribute 'reach-entity-attributes:reach'
[13Jul2026 20:46:33.607] [Worker-Main-3/WARN] [net.minecraft.world.entity.ai.attributes.AttributeMap/]: Ignoring unknown attribute 'reach-entity-attributes:reach'
[13Jul2026 20:46:33.608] [Worker-Main-3/WARN] [net.minecraft.world.entity.ai.attributes.AttributeMap/]: Ignoring unknown attribute 'reach-entity-attributes:reach'
[13Jul2026 20:46:34.103] [Worker-Main-2/ERROR] [net.minecraft.world.entity.decoration.HangingEntity/]: Hanging entity at invalid position: BlockPos{x=216, y=47, z=211}
[13Jul2026 20:46:40.145] [Worker-Main-1/WARN] [net.minecraft.world.entity.ai.attributes.AttributeMap/]: Ignoring unknown attribute 'reach-entity-attributes:reach'
[13Jul2026 20:46:40.145] [Worker-Main-1/WARN] [net.minecraft.world.entity.ai.attributes.AttributeMap/]: Ignoring unknown attribute 'reach-entity-attributes:reach'
[13Jul2026 20:46:40.145] [Worker-Main-1/WARN] [net.minecraft.world.entity.ai.attributes.AttributeMap/]: Ignoring unknown attribute 'reach-entity-attributes:reach'
[13Jul2026 20:46:40.146] [Worker-Main-1/WARN] [net.minecraft.world.entity.ai.attributes.AttributeMap/]: Ignoring unknown attribute 'reach-entity-attributes:reach'
[13Jul2026 20:46:40.243] [Worker-Main-2/WARN] [net.minecraft.world.entity.ai.attributes.AttributeMap/]: Ignoring unknown attribute 'reach-entity-attributes:reach'
[13Jul2026 20:46:40.244] [Worker-Main-2/WARN] [net.minecraft.world.entity.ai.attributes.AttributeMap/]: Ignoring unknown attribute 'reach-entity-attributes:reach'
[13Jul2026 20:46:40.244] [Worker-Main-2/WARN] [net.minecraft.world.entity.ai.attributes.AttributeMap/]: Ignoring unknown attribute 'reach-entity-attributes:reach'
[13Jul2026 20:46:40.244] [Worker-Main-2/WARN] [net.minecraft.world.entity.ai.attributes.AttributeMap/]: Ignoring unknown attribute 'reach-entity-attributes:reach'
[13Jul2026 20:46:40.599] [Worker-Main-3/WARN] [net.minecraft.world.entity.ai.attributes.AttributeMap/]: Ignoring unknown attribute 'reach-entity-attributes:reach'
[13Jul2026 20:46:42.694] [Worker-Main-2/WARN] [lithostitched/]: Non-existent template pool reference: minecraft:
[13Jul2026 20:46:42.695] [Worker-Main-2/WARN] [lithostitched/]: Non-existent template pool reference: minecraft:
[13Jul2026 20:46:42.695] [Worker-Main-2/WARN] [lithostitched/]: Non-existent template pool reference: minecraft:
[13Jul2026 20:46:44.613] [Worker-Main-2/WARN] [net.minecraft.world.entity.ai.attributes.AttributeMap/]: Ignoring unknown attribute 'reach-entity-attributes:reach'
[13Jul2026 20:46:46.342] [Worker-Main-2/WARN] [net.minecraft.world.entity.ai.attributes.AttributeMap/]: Ignoring unknown attribute 'reach-entity-attributes:reach'
[13Jul2026 20:46:46.345] [Worker-Main-2/WARN] [net.minecraft.world.entity.ai.attributes.AttributeMap/]: Ignoring unknown attribute 'reach-entity-attributes:reach'
[13Jul2026 20:46:46.345] [Worker-Main-2/WARN] [net.minecraft.world.entity.ai.attributes.AttributeMap/]: Ignoring unknown attribute 'reach-entity-attributes:reach'
[13Jul2026 20:46:46.346] [Worker-Main-2/WARN] [net.minecraft.world.entity.ai.attributes.AttributeMap/]: Ignoring unknown attribute 'reach-entity-attributes:reach'
[13Jul2026 20:46:58.258] [Worker-Main-2/WARN] [net.minecraft.world.entity.ai.attributes.AttributeMap/]: Ignoring unknown attribute 'reach-entity-attributes:reach'
[13Jul2026 20:46:58.262] [Worker-Main-2/WARN] [net.minecraft.world.entity.ai.attributes.AttributeMap/]: Ignoring unknown attribute 'reach-entity-attributes:reach'
[13Jul2026 20:46:58.262] [Worker-Main-2/WARN] [net.minecraft.world.entity.ai.attributes.AttributeMap/]: Ignoring unknown attribute 'reach-entity-attributes:reach'
[13Jul2026 20:46:58.262] [Worker-Main-2/WARN] [net.minecraft.world.entity.ai.attributes.AttributeMap/]: Ignoring unknown attribute 'reach-entity-attributes:reach'
[13Jul2026 20:47:01.721] [Worker-Main-3/WARN] [net.minecraft.world.entity.ai.attributes.AttributeMap/]: Ignoring unknown attribute 'reach-entity-attributes:reach'
[13Jul2026 20:47:01.721] [Worker-Main-3/WARN] [net.minecraft.world.entity.ai.attributes.AttributeMap/]: Ignoring unknown attribute 'reach-entity-attributes:reach'
[13Jul2026 20:47:01.722] [Worker-Main-3/WARN] [net.minecraft.world.entity.ai.attributes.AttributeMap/]: Ignoring unknown attribute 'reach-entity-attributes:reach'
[13Jul2026 20:47:01.723] [Worker-Main-3/WARN] [net.minecraft.world.entity.ai.attributes.AttributeMap/]: Ignoring unknown attribute 'reach-entity-attributes:reach'
[13Jul2026 20:47:05.736] [Worker-Main-1/WARN] [net.minecraft.world.entity.ai.attributes.AttributeMap/]: Ignoring unknown attribute 'reach-entity-attributes:reach'
